Date,Close,High,Low,Open,Volume,symbol,sma_20,sma_50,sma_200,daily_return,volatility,drawdown,rsi,macd,macd_signal,bb_middle,bb_upper,bb_lower,bb_width
2020-10-15,149.6266632080078,152.19000244140625,147.5,150.10333251953125,107017200,TSLA,142.4633316040039,134.27006591796874,75.65274651527405,-0.02692390743031925,0.04145599457193476,-0.09921341852313166,62.96666223706377,4.327551087057657,3.8332254948235818,142.4633316040039,156.16406657443258,128.76259663357524,0.19234051058853116
2020-10-16,146.55667114257812,151.98333740234375,146.28334045410156,151.47999572753906,98327700,TSLA,142.4219985961914,135.21509262084962,76.24210987091064,-0.02051768046956881,0.04065111724532284,-0.11769546977314924,55.937772618586514,4.089144660517377,3.884409327962341,142.4219985961914,156.0651038315335,128.7788933608493,0.1915870493297084
2020-10-19,143.61000061035156,149.0,142.9566650390625,148.74667358398438,108863400,TSLA,142.11266555786133,136.15034591674805,76.81248987197876,-0.020106014344170586,0.040721082330909736,-0.13543509731381695,53.6242585394055,3.620697022788079,3.831666866927489,142.11266555786133,155.32549808641465,128.899833029308,0.18594869748852472
2020-10-20,140.64666748046875,143.9166717529297,139.68333435058594,143.9166717529297,94968900,TSLA,142.0744987487793,137.07185256958007,77.36520987510681,-0.020634587544658856,0.03895088548473945,-0.15327503748633448,47.80694355697551,2.976026891439261,3.6605388718298437,142.0744987487793,155.30028109593385,128.84871640162473,0.1861809468079253
2020-10-21,140.8800048828125,144.31666564941406,140.4166717529297,140.89999389648438,97111500,TSLA,142.77916564941407,138.05693267822267,77.9132565689087,0.0016590325709362475,0.030334912770724247,-0.15187029319489945,41.0606685966244,2.4556424287011964,3.4195595832041144,142.77916564941407,153.91142476687176,131.64690653195638,0.15593674422768805
2020-10-22,141.92999267578125,148.41000366210938,141.50332641601562,147.30667114257812,119979600,TSLA,143.4124984741211,138.8225192260742,78.45885986328125,0.007453064711647084,0.030165290624693863,-0.14554912760621083,54.74206855585252,2.1037089849272945,3.156389463548751,143.4124984741211,152.573921096661,134.2510758515812,0.1277632384905851
2020-10-23,140.2100067138672,140.9633331298828,135.7933349609375,140.6133270263672,101151000,TSLA,143.6339988708496,139.46538604736327,78.99946323394775,-0.012118551755604834,0.028413585972257585,-0.1559038347259366,47.64877440783506,1.6667969054083756,2.858470951920676,143.6339988708496,152.2142093896106,135.05378835208862,0.11947325265901705
2020-10-26,140.0933380126953,141.9199981689453,136.6666717529297,137.2100067138672,84717600,TSLA,143.61866607666016,140.06630615234374,79.54054658889771,-0.0008320996760948773,0.027396315905273534,-0.1566062068716541,53.279895749524314,1.2961851301316472,2.5460137875628703,143.61866607666016,152.22426827695801,135.0130638763623,0.11983960630443943
2020-10-27,141.55999755859375,143.5,140.03334045410156,141.25332641601562,68059500,TSLA,143.71216583251953,140.44998611450194,80.07339324951172,0.010469159823756513,0.027457858066644025,-0.14777658245702932,49.6521567616267,1.1080469209109367,2.2584204142324835,143.71216583251953,152.1775345764738,135.24679708856527,0.11781005031709979
2020-10-28,135.33999633789062,139.53334045410156,135.3333282470703,138.82666015625,76354200,TSLA,143.3289993286133,140.64066604614257,80.57078657150268,-0.043938975190562446,0.028656861661567418,-0.1852224060572662,40.7148141946155,0.4518354411416112,1.8971034196143093,143.3289993286133,152.58615769898182,134.07184095824476,0.12917355753171003
2020-10-29,136.94332885742188,139.35333251953125,135.48666381835938,136.65333557128906,67965900,TSLA,142.70683212280272,140.8748258972168,81.08266988754272,0.011846701366300838,0.026697877779971773,-0.17556997922187345,38.8487553915847,0.06046168571637622,1.5297750728347228,142.70683212280272,151.92227336288,133.49139088272545,0.12915206795631418
2020-10-30,129.34666442871094,135.8633270263672,126.37000274658203,135.63333129882812,127533900,TSLA,142.25599899291993,140.79265243530273,81.55823987960815,-0.05547305218949494,0.02439206782743765,-0.2213036287910849,27.08225060014354,-0.8528609168155583,1.0532478749046665,142.25599899291993,153.1037853885594,131.40821259728045,0.1525107759593234
2020-11-02,133.50332641601562,135.66000366210938,130.76666259765625,131.3333282470703,87063300,TSLA,141.8364990234375,140.7294123840332,82.0555898475647,0.03213582666134873,0.024841483505815075,-0.19627957718409397,31.762822461345166,-1.2271222740363328,0.5971738451164667,141.8364990234375,153.37053900507513,130.3024590417999,0.16263853184548355
2020-11-03,141.3000030517578,142.58999633789062,135.56333923339844,136.57666015625,103055100,TSLA,142.0018325805664,140.8698124694824,82.5796898651123,0.05840061701119437,0.02760917350633075,-0.1493418085871471,36.172729060531196,-0.8844055741468253,0.30085796126380826,142.0018325805664,153.39788972580035,130.60577543533245,0.16050577570917288
2020-11-04,140.32666015625,145.13333129882812,139.03334045410156,143.5399932861328,96429300,TSLA,141.9298324584961,140.97855911254882,83.09146982192993,-0.006888484603579825,0.02697968495550763,-0.15520155444160358,38.90566984281159,-0.6834622302949924,0.10399392295204812,141.9298324584961,153.3503152582416,130.50934965875058,0.1609313926737024
2020-11-05,146.02999877929688,146.6666717529297,141.3333282470703,142.76666259765625,85243500,TSLA,142.132666015625,141.02826583862304,83.63088647842407,0.040643300543862226,0.028484529725497733,-0.1208661573197861,49.40885315868617,-0.06327205956640114,0.07054072644835827,142.132666015625,153.69955999930778,130.56577203194223,0.1627619365475238
2020-11-06,143.31666564941406,145.52333068847656,141.42666625976562,145.36666870117188,65118000,TSLA,142.0651657104492,140.90959915161133,84.15919647216796,-0.01858065570474754,0.028530381302080354,-0.1372010405690188,49.669021713305035,0.2069047425758015,0.09781352967384692,142.0651657104492,153.5854587190903,130.54487270180812,0.162183219947404
2020-11-09,140.4199981689453,150.8333282470703,140.3333282470703,146.5,104499000,TSLA,141.7144989013672,140.76679916381835,84.67528980255128,-0.02021165833954497,0.028492467336786974,-0.15463963835275268,49.74385714073873,0.18515064618171095,0.11528095297541974,141.7144989013672,152.9707155672982,130.45828223543617,0.1588576575183787
2020-11-10,136.7866668701172,140.02999877929688,132.00999450683594,140.02999877929688,90852600,TSLA,141.10966567993165,140.180399017334,85.17025648117065,-0.02587474253102262,0.028825482578379396,-0.17651312005630734,45.70448518224246,-0.12384153461681535,0.06745645545697272,141.10966567993165,152.03921395214556,130.18011740771774,0.15490857014720127
2020-11-11,139.0433349609375,139.56666564941406,136.86000061035156,138.81666564941406,52073100,TSLA,140.3734992980957,139.79426559448243,85.67180982589721,0.0164977197153513,0.027952310009983043,-0.16292746432172722,47.04558771534196,-0.1844990190560054,0.0170653605543771,140.3734992980957,149.55749801032587,131.18950058586555,0.13085089077571713
2020-11-12,137.25332641601562,141.0,136.5066680908203,138.35000610351562,59565300,TSLA,139.75483245849608,139.5568653869629,86.14447311401368,-0.012873745767280065,0.0275365085030794,-0.17370372333482179,46.97825272647939,-0.37271284071519517,-0.060890279699537364,139.75483245849608,147.92541083068812,131.58425408630404,0.11692731089808305
2020-11-13,136.1666717529297,137.50999450683594,133.8866729736328,136.9499969482422,59313300,TSLA,139.23533248901367,139.5668653869629,86.60844980239868,-0.007917146283160204,0.027280385018229467,-0.18024563183041065,46.064939553062715,-0.6026110747887401,-0.16923443871737792,139.23533248901367,146.88990732124347,131.58075765678387,0.10995161494419932
2020-11-16,136.02999877929688,137.48333740234375,134.69667053222656,136.30999755859375,80515800,TSLA,138.85633239746093,139.4986653137207,87.02859979629517,-0.0010037182511209997,0.026994553358928447,-0.1810684342511786,44.3064077460027,-0.7867660985288865,-0.29274077067967963,138.85633239746093,146.34777413877075,131.36489065615112,0.10790205404340349
2020-11-17,147.20333862304688,154.0,144.336669921875,153.38999938964844,183564900,TSLA,139.18416595458984,140.24133209228515,87.4689298248291,0.08213879250177958,0.03254455319710907,-0.11380238429897868,61.083777410920746,-0.030760547273700922,-0.2403447259984839,139.18416595458984,147.53055866260905,130.83777324657063,0.11993307788678059
2020-11-18,162.2133331298828,165.3333282470703,147.8333282470703,149.4499969482422,234132000,TSLA,140.25083236694337,141.0437321472168,88.03509649276734,0.10196775866118779,0.039375628355318236,-0.02343879969505695,68.87980977174753,1.7592805210330766,0.1595803234078282,140.25083236694337,153.51421222345067,126.98745251043609,0.18913798417688998
2020-11-19,166.42333984375,169.5366668701172,162.52333068847656,164.0,187425900,TSLA,141.4754997253418,141.89659896850586,88.6175598526001,0.025953518324515645,0.03958400420283213,0.0,79.1773706687967,3.4775265600316914,0.823169570732601,141.4754997253418,159.1735000898891,123.77749936079447,0.25019173494924457
2020-11-20,163.20333862304688,167.5,163.02000427246094,165.99667358398438,98735700,TSLA,142.6251663208008,142.6758657836914,89.1842198753357,-0.019348255020757876,0.03981661890917164,-0.019348255020757845,73.72204060103019,4.527234595088117,1.5639825756037045,142.6251663208008,162.79212275051236,122.4582098910892,0.2827966052547963
2020-11-23,173.9499969482422,175.3333282470703,167.26333618164062,167.8333282470703,150780900,TSLA,144.31799926757813,143.3573989868164,89.7968765258789,0.06584827501609536,0.04175151274729801,0.0,74.90464132428096,6.155346288437499,2.4822553181704636,144.31799926757813,168.81021206577273,119.82578646938352,0.33942007126614765
2020-11-24,185.1266632080078,186.663330078125,175.39999389648438,180.13333129882812,160945500,TSLA,146.49633255004883,144.06153228759766,90.46438318252564,0.06425217853318599,0.04336946303820686,0.0,79.56965465898261,8.252371888981003,3.6362786323325715,146.49633255004883,176.97397950373053,116.01868559636712,0.41608750776432385
2020-11-25,191.3333282470703,191.3333282470703,181.7899932861328,183.35333251953125,146790600,TSLA,149.2959991455078,144.94313232421874,91.16528648376465,0.03352658623835669,0.041296704874587586,0.0,79.70450362046896,10.296415118859358,4.968305929637929,149.2959991455078,185.2531161856987,113.33888210531691,0.48168895678371315
2020-11-27,195.25332641601562,199.5933380126953,192.81666564941406,193.72000122070312,112683300,TSLA,152.2114990234375,146.02533233642578,91.87355312347412,0.020487795852708768,0.04127135906500995,0.0,83.52338368884756,12.093241832453572,6.393293110201058,152.2114990234375,193.0728240363141,111.35017401056092,0.5369019459769563
2020-11-30,189.1999969482422,202.60000610351562,184.836669921875,200.73666381835938,189009300,TSLA,155.20416564941405,146.86166564941405,92.55287643432617,-0.031002439645386293,0.03927146253689161,-0.031002439645386314,80.25304002337839,12.880310646729725,7.6906966175067915,155.20416564941405,197.7471586047567,112.66117269407141,0.5482197307956502
2020-12-01,194.9199981689453,199.28334045410156,190.68333435058594,199.19667053222656,120310500,TSLA,158.27499923706054,147.7641323852539,93.24134309768677,0.030232565079099327,0.039242566705791744,-0.001707157840476982,85.14428448503615,13.806472229404108,8.913851739886255,158.27499923706054,203.03135776542442,113.51864070869667,0.5655518400771414
2020-12-02,189.60667419433594,190.51333618164062,180.40333557128906,185.47999572753906,143327100,TSLA,160.69033279418946,148.72806579589843,93.88356981277465,-0.027258998689319136,0.039483102064733204,-0.02891962111646013,79.47841728218683,13.950903782192682,9.921262148347541,160.69033279418946,206.7834236629288,114.5972419254501,0.5736884113343012
2020-12-03,197.7933349609375,199.6566619873047,194.14332580566406,196.67333984375,127656000,TSLA,163.56366653442382,150.14819915771486,94.57273315429687,0.04317707064578702,0.039573976392628614,0.0,82.84506629031841,14.55814470342608,10.84863865936325,163.56366653442382,211.44192122612463,115.685411842723,0.5854387555151107
2020-12-04,199.67999267578125,199.67999267578125,195.1666717529297,197.00332641601562,88203900,TSLA,166.24616622924805,151.55653228759766,95.27079978942871,0.00953853028069096,0.03924848605421056,0.0,84.16164865874127,15.01850108673409,11.682611144837418,166.24616622924805,215.96452662115558,116.52780583734052,0.5981294067659585
2020-12-07,213.9199981689453,216.26333618164062,201.01666259765625,201.63999938964844,168929100,TSLA,169.7763328552246,153.11933227539063,96.06246978759765,0.07131413268972531,0.04015913277933078,0.0,86.37567357291049,16.343983009444486,12.614885517758832,169.7763328552246,222.57064811362065,116.98201759682857,0.6219278549668753
2020-12-08,216.6266632080078,217.0933380126953,206.1666717529297,208.50332641601562,192795000,TSLA,173.58666610717773,154.6438656616211,96.87896644592286,0.01265269756091203,0.03904212494558719,0.0,85.20572753403205,17.412126080103576,13.574333630227782,173.58666610717773,228.420721920095,118.75261029426046,0.6317772792417251
2020-12-09,201.4933319091797,218.10667419433594,196.0,217.89666748046875,213873600,TSLA,176.82199935913087,155.87993225097657,97.62683311462402,-0.06985904262531573,0.0429595667289371,-0.0698590426253157,69.89465682552793,16.843344210427375,14.228135746267702,176.82199935913087,230.1282039798437,123.51579473841804,0.6029363406580004
2020-12-10,209.02333068847656,209.25,188.77999877929688,191.4566650390625,201249600,TSLA,180.3209991455078,157.2003323364258,98.44561643600464,0.03737095767859411,0.04311263536893184,-0.03509878427213934,70.87417012359714,16.80645411019276,14.743799419052714,180.3209991455078,232.35784369996975,128.28415459104588,0.5771578995352776
2020-12-11,203.3300018310547,208.0,198.93333435058594,205.00332641601562,139425000,TSLA,183.62483291625978,158.27919891357422,99.23960311889648,-0.027237767375868138,0.043828393741434796,-0.06138053912682712,69.1969189049583,16.13185638365968,15.021410811974107,183.62483291625978,232.4391773927578,134.81048843976174,0.5316747599030825
2020-12-14,213.27667236328125,214.25,203.39999389648438,206.3333282470703,156121800,TSLA,187.48033294677734,159.7774658203125,100.05811313629151,0.048918853305726984,0.043714831102917975,-0.015464351410471833,68.95932075466146,16.212953177309544,15.259719285041195,187.48033294677734,232.54904770795164,142.41161818560303,0.48078338727901226
2020-12-15,211.0833282470703,215.63333129882812,207.93333435058594,214.42666625976562,135214500,TSLA,191.232999420166,161.16126586914064,100.86502643585204,-0.010284031966116491,0.04403761218083406,-0.025589347492347772,63.700343286582445,15.91675993027414,15.391127414087784,191.232999420166,230.37232511845565,152.09367372187637,0.40933652473122584
2020-12-16,207.58999633789062,210.8333282470703,201.6666717529297,209.41000366210938,126287400,TSLA,194.2523323059082,162.55319915771486,101.65314308166504,-0.016549539644792777,0.04258137274828387,-0.04171539521633152,58.83354727702278,15.22464176471044,15.357830284212316,194.2523323059082,228.04138463857444,160.46327997324195,0.347888253711727
2020-12-17,218.63333129882812,219.60667419433594,206.5,209.39666748046875,168810300,TSLA,197.07333221435547,164.0905325317383,102.50479640960694,0.053197818564255206,0.03875545352462416,0.0,61.79141044240645,15.38983354909044,15.364230937187942,197.07333221435547,228.9674006526143,165.17926377609666,0.32367716199742164
2020-12-18,231.6666717529297,231.6666717529297,209.51333618164062,222.96665954589844,666378600,TSLA,200.33549880981445,165.8843994140625,103.4286364364624,0.059612778969587055,0.03993490443392768,0.0,70.00879982975492,16.383571267674455,15.568099003285246,200.33549880981445,232.3759094699002,168.2950881497287,0.31986753072158053
2020-12-21,216.6199951171875,222.8333282470703,215.35667419433594,222.0800018310547,174135900,TSLA,203.00633163452147,167.32346588134766,104.30906974792481,-0.06494968189377415,0.04330484830261192,-0.0649496818937742,59.39827751125343,15.775128651546623,15.609504932937522,203.00633163452147,230.61263578799293,175.40002748105002,0.27197480917168565
2020-12-22,213.44667053222656,216.6266632080078,204.7433319091797,216.0,155148000,TSLA,204.9811653137207,168.64373260498047,105.16119310379028,-0.01464926902636221,0.04206791864734591,-0.07864748555689782,60.520120350147714,14.865512348355026,15.460706416021024,204.9811653137207,229.28946524996405,180.67286537747736,0.2371759366187605
2020-12-23,215.32666015625,217.1666717529297,207.52333068847656,210.73333740234375,99519000,TSLA,206.4911651611328,169.9725991821289,106.02641639709472,0.008807772074100217,0.04016649908205234,-0.07053242260978375,58.19314261463201,14.133413136678541,15.195247760152528,206.4911651611328,229.31299167778408,183.66933864448154,0.22104409647591985
2020-12-24,220.58999633789062,222.02999877929688,213.6666717529297,214.3300018310547,68596800,TSLA,207.95399856567383,171.3090658569336,106.94251638412476,0.02444349518922251,0.03991745613752396,-0.04781298635330779,59.47211129767755,13.818633869807257,14.919924982083474,207.95399856567383,230.4329443905548,185.47505274079285,0.2161915229322404
2020-12-28,221.22999572753906,227.13333129882812,220.26666259765625,224.836669921875,96835800,TSLA,209.25283203125,172.7411325073242,107.8664596939087,0.002901307404113318,0.03981911008785472,-0.04505039912051415,53.77673533305288,13.465588710380814,14.629057727742943,209.25283203125,231.6435958028211,186.8620682596789,0.21400679316232382
2020-12-29,221.99667358398438,223.3000030517578,218.3333282470703,220.3333282470703,68732400,TSLA,210.8926658630371,174.24993255615234,108.82808639526367,0.003465523985226371,0.038820283595521025,-0.041740998373983956,52.831188355933506,13.096691862223167,14.32258455463899,210.8926658630371,231.85831766502457,189.92701406104965,0.1988276995426998
2020-12-30,231.5933380126953,232.1999969482422,222.7866668701172,224.0,128538000,TSLA,212.7263328552246,176.0095993041992,109.84265308380127,0.0432288658824449,0.03930469475613718,-0.0003165485120474504,66.85330343317557,13.42396594573222,14.142860832857636,212.7263328552246,234.21830521190918,191.23436049854,0.20206217131859647
2020-12-31,235.22332763671875,239.57333374023438,230.3733367919922,233.3300018310547,148949700,TSLA,215.00716552734374,177.9011325073242,110.89836305618286,0.01567398119122254,0.038358640547377,0.0,65.339575023116,13.81696941768297,14.077682549822704,215.00716552734374,235.84033929569392,194.17399175899357,0.19379050663035413
2021-01-04,243.2566680908203,248.163330078125,239.06333923339844,239.82000732421875,145914600,TSLA,217.28033218383788,179.94866577148437,111.97209973335266,0.03415197180829077,0.0380184319157071,0.0,72.75282471874549,14.608256055376899,14.183797250933544,217.28033218383788,240.03750832605175,194.52315604162402,0.20947295057483006
2021-01-05,245.0366668701172,246.94667053222656,239.73333740234375,241.22000122070312,96735600,TSLA,219.54816589355468,182.0107992553711,113.05477306365967,0.007317368906131216,0.03802643810295632,0.0,69.9564269358738,15.203728325931422,14.38778346593312,219.54816589355468,243.90409603955982,195.19223574754955,0.22187322810807555
2021-01-06,251.9933319091797,258.0,249.6999969482422,252.8300018310547,134100000,TSLA,221.45183258056642,184.24646575927736,114.16997638702392,0.028390302267496503,0.03557399255025445,0.0,74.25398329102052,16.051952206821767,14.72061721411085,221.45183258056642,249.61035908884026,193.29330607229258,0.25430836295318965
2021-01-07,272.0133361816406,272.3299865722656,258.3999938964844,259.2099914550781,154496700,TSLA,224.22116622924804,186.88486572265626,115.36170972824097,0.07944656360858104,0.03892885267978269,0.0,81.93595333258702,18.130624224048177,15.402618616098316,224.22116622924804,260.1921680928243,188.2501643656718,0.3208528656638849
2021-01-08,293.3399963378906,294.8299865722656,279.46331787109375,285.3333435058594,225166500,TSLA,228.8134994506836,189.9204656982422,116.64865970611572,0.07840299470467449,0.036528753118695884,0.0,83.60724470312631,21.25386864631622,16.572868622141897,228.8134994506836,274.66257535471004,182.96442354665714,0.4007549905411796
2021-01-11,270.39666748046875,284.80999755859375,267.8733215332031,283.1333312988281,177904800,TSLA,231.8821662902832,192.62159912109374,117.8245897102356,-0.07821411721500826,0.042260170731171075,-0.07821411721500827,65.99664035190216,21.628408627884966,17.58397662329051,231.8821662902832,280.2977556158194,183.46657696474696,0.4175878645615796
2021-01-12,283.14666748046875,289.3333435058594,275.7799987792969,277.0,138812100,TSLA,235.8729995727539,195.54566589355468,119.0688697052002,0.047152947996006445,0.041728181243041854,-0.03474919542059463,78.00887672114314,22.69246805928057,18.605674910488524,235.8729995727539,287.4351584991407,184.31084064636713,0.4372027236672562
2021-01-13,284.8033447265625,286.8233337402344,277.3333435058594,284.2533264160156,99937500,TSLA,239.44933319091797,198.6547994995117,120.3255097579956,0.005850950889994211,0.041129705898266,-0.02910156036647311,80.43101600422403,23.39968582078285,19.564477092547392,239.44933319091797,294.23388448627077,184.66478189556517,0.45758783760464206
2021-01-14,281.6666564941406,287.6666564941406,279.5833435058594,281.1300048828125,93798900,TSLA,242.97849960327147,201.61806610107422,121.55917636871338,-0.011013523157297866,0.04115396995805019,-0.03979457281476129,77.99155242751176,23.436890580390184,20.33895979011595,242.97849960327147,299.1454881793497,186.81151102719323,0.4623206470349115
2021-01-15,275.38665771484375,286.6333312988281,273.0333251953125,284.0,116332800,TSLA,246.36833267211915,204.29979919433595,122.77558965682984,-0.02229585445953386,0.0414075532529006,-0.061203173270537904,72.92427105731575,22.697983972840746,20.810764626660912,246.36833267211915,301.72001892271885,191.01664642151945,0.4493409169129284
2021-01-19,281.51666259765625,283.3333435058594,277.6666564941406,279.26666259765625,76101000,TSLA,249.51249923706055,207.12359924316405,124.03168296813965,0.022259629183487784,0.04047464916061735,-0.04030590402890504,74.11337453962123,22.34940529406947,21.118492760142622,249.51249923706055,305.3723853975415,193.65261307657963,0.4477522074548157
2021-01-20,283.48333740234375,286.5,279.09332275390625,286.2466735839844,76997700,TSLA,252.10333251953125,209.872666015625,125.28909631729125,0.00698599786790699,0.03900285282732172,-0.0336014831206081,74.35950943298592,21.978494002596165,21.290493008633334,252.10333251953125,309.2694775134298,194.93718752563268,0.45351360033663757
2021-01-21,281.663330078125,285.239990234375,280.47332763671875,285.0,61563300,TSLA,255.35549926757812,212.6395993041992,126.52533296585084,-0.006420156263490129,0.03500565252436197,-0.039805912611778925,71.13905927914581,21.292241050335065,21.29084261697368,255.35549926757812,311.41194278708576,199.29905574807051,0.43904629961204034
2021-01-22,282.21331787109375,282.6666564941406,276.2066650390625,278.10333251953125,60199500,TSLA,258.7938316345215,215.47546569824217,127.75458288192749,0.0019526425140830028,0.034488689430727144,-0.03793099681497353,70.36843316692197,20.555805529337817,21.143835199446507,258.7938316345215,312.40960502086295,205.17805824818004,0.4143512466870516
2021-01-25,293.6000061035156,300.1333312988281,279.6066589355469,285.0,123520200,TSLA,262.70749893188474,218.61173248291016,129.03963624954224,0.040347806114603646,0.03492702463952455,0.0,71.20551923073215,20.652911740495142,21.045650507656234,262.70749893188474,314.3547476804958,211.06025018327367,0.3931920402622557
2021-01-26,294.36334228515625,298.6333312988281,290.5333251953125,297.1266784667969,69394800,TSLA,266.396166229248,221.71813262939452,130.32045295715332,0.0025999188207492807,0.03499718525866512,0.0,70.95677178353621,20.554524202581263,20.947425246641238,266.396166229248,315.8700615377168,216.92227092077923,0.3714309857289304
2021-01-27,288.0533447265625,297.1666564941406,286.2200012207031,290.1166687011719,82002000,TSLA,269.7373336791992,224.73413299560548,131.54373634338378,-0.02143608477064074,0.03585656296072675,-0.021436084770640757,65.4049880728839,19.739838728571954,20.70590794302738,269.7373336791992,315.23388630700805,224.24078105139034,0.3373396778802468
2021-01-28,278.4766540527344,282.6666564941406,267.0,273.3333435058594,79134000,TSLA,272.5613327026367,227.58033264160156,132.69948961257936,-0.033246240146660666,0.03732792944633662,-0.05396965569521252,53.031667679178874,18.112644429044792,20.18725524023086,272.5613327026367,312.2174946699596,232.90517073531385,0.2909889056830198
2021-01-29,264.510009765625,280.8033447265625,260.0333251953125,276.6666564941406,104972400,TSLA,274.2071662902832,230.14993286132812,133.7787629890442,-0.05015373491403896,0.03902532858670003,-0.10141661080411184,35.4741343918686,15.517216935810552,19.253247579346798,274.2071662902832,309.15728100300686,239.2570515775596,0.25491758793586367
2021-02-01,279.9366760253906,280.6666564941406,265.1866760253906,271.42999267578125,76174200,TSLA,276.4428337097168,232.804599609375,134.93004302978517,0.058321672867634566,0.04063393559633128,-0.04900972433513884,55.200611682049114,14.537545217550644,18.31010710698757,276.4428337097168,306.2326178717086,246.653049547725,0.215522202274001
2021-02-02,290.92999267578125,293.5,280.73333740234375,281.55999755859375,73038600,TSLA,278.82649993896484,235.37893280029297,136.13339632034302,0.039270726531715816,0.04081297445249125,-0.011663645285183094,54.325829737577685,14.481285852363385,17.544342856062734,278.82649993896484,304.8233308574069,252.82966902052274,0.1864731718407884
2021-02-03,284.89666748046875,292.6933288574219,284.35333251953125,292.3399963378906,55030500,TSLA,280.8194999694824,237.74839935302734,137.30909299850464,-0.020738065332563282,0.041380128848599096,-0.03215982917980638,50.04946084764701,13.790888204771647,16.793651925804518,280.8194999694824,301.4713530393304,260.16764689963446,0.14708275651863395
2021-02-04,283.3299865722656,285.5,277.8066711425781,285.0,47438100,TSLA,282.3863327026367,240.15093231201172,138.49683626174928,-0.005499119810906672,0.04121083130000442,-0.03748209823695496,50.89648039664619,12.967839853385613,16.028489511320736,282.3863327026367,297.960438735655,266.81222666961844,0.11030353972136732
2021-02-05,284.07666015625,288.25665283203125,279.65667724609375,281.6666564941406,55699800,TSLA,282.9894989013672,242.35346557617189,139.673182888031,0.0026353496607176563,0.03748298956397556,-0.03494552701110899,54.98070365203325,12.234783455399452,15.269748300136479,282.9894989013672,297.7871349840349,268.1918628186995,0.10458081405928937
2021-02-08,287.8066711425781,292.5899963378906,284.9166564941406,289.8900146484375,60485100,TSLA,282.71283264160155,244.4070657348633,140.8770062446594,0.0131302972383458,0.03314829260622873,-0.022274074929569638,53.70712705252544,11.81857452192196,14.579513544493576,282.71283264160155,296.8895305467722,268.5361347364309,0.10029044506191652
2021-02-09,283.1533203125,286.6000061035156,280.5833435058594,285.0400085449219,45473100,TSLA,283.3506652832031,246.24346557617187,142.05105617523193,-0.016168321643152184,0.027986513391011318,-0.03808226216495685,49.811469173623394,10.986592818115128,13.860929399217888,283.3506652832031,296.28791157066644,270.4134189957398,0.09131615254570033
2021-02-10,268.2733459472656,281.6066589355469,266.67333984375,281.21331787109375,108648300,TSLA,282.606999206543,247.70386596679688,143.12617290496826,-0.052550944303998315,0.0285220088281766,-0.08863194763095424,43.34383623364073,9.02254546185901,12.893252611746114,282.606999206543,297.1978527274062,268.01614568567976,0.10325896783751992
2021-02-11,270.5533447265625,276.6266784667969,267.24334716796875,270.8133239746094,64868400,TSLA,281.89449920654295,249.33093292236327,144.22256629943848,0.008498789811735685,0.0285679838333144,-0.08088642211273876,44.30183224741127,7.56282113423066,11.827166316243025,281.89449920654295,297.3969968552178,266.39200155786807,0.10998794011454803
2021-02-12,272.0400085449219,272.4433288574219,261.77667236328125,267.086669921875,71304900,TSLA,281.41316680908204,250.8733331298828,145.3159296798706,0.005494900903412869,0.028537673632115082,-0.07583598408326697,38.33501750214649,6.451570741864089,10.752047201367239,281.41316680908204,297.5310272179611,265.295306400203,0.11454944053711469
2021-02-16,265.40667724609375,273.6666564941406,264.14666748046875,272.6666564941406,59406900,TSLA,280.9141677856445,252.38933319091797,146.38233640670776,-0.024383660823671716,0.02862201767749708,-0.09837048599282291,35.268780344214704,4.978256162845753,9.597288993662941,280.9141677856445,298.3792587448894,263.4490768263996,0.1243446786391484
2021-02-17,266.04998779296875,266.61334228515625,254.00332641601562,259.6966552734375,77989500,TSLA,280.14083404541014,253.75446624755858,147.47881301879883,0.0024238672272682837,0.02809586025667075,-0.096185055762683,38.12127207102003,3.8185358250424883,8.44153835993885,280.14083404541014,298.82102116213485,261.46064692868543,0.13336282930960858
2021-02-18,262.4599914550781,264.89666748046875,258.75665283203125,260.29998779296875,53871300,TSLA,279.08966674804685,255.01006622314452,148.53738298416138,-0.013493691045324274,0.0281071806828019,-0.10838085538236839,40.75570069292526,2.5800254727433867,7.2692357824997575,279.08966674804685,299.28268491703597,258.89664857905774,0.14470631180493485
2021-02-19,260.4333190917969,265.5966796875,259.1233215332031,265.0,56874900,TSLA,278.02816619873045,255.94033264160157,149.58347957611085,-0.007721833533733569,0.028115875485959965,-0.11526578999259567,47.27092501923438,1.4186087350080356,6.099110373001413,278.02816619873045,299.82024740067476,256.23608499678613,0.15676167993977744
2021-02-22,238.1666717529297,256.1666564941406,236.73333740234375,254.2133331298828,111809100,TSLA,275.8258338928223,256.3711328125,150.51345293045043,-0.08549845855559934,0.03350170355680812,-0.1909092011796347,24.383645069095053,-1.2837564026145856,4.622537017878214,275.8258338928223,303.84901305054103,247.80265473510352,0.20319473895695883
2021-02-23,232.94667053222656,237.8699951171875,206.3333282470703,220.7100067138672,199820700,TSLA,272.7931671142578,257.0001995849609,151.41817295074463,-0.021917429429917368,0.03162166936391981,-0.2086423916651755,11.730533454909548,-3.802774697245468,2.937474674853478,272.7931671142578,305.4603188272383,240.1260154012773,0.23950124600663528
2021-02-24,247.33999633789062,248.3333282470703,231.38999938964844,237.28334045410156,110301000,TSLA,270.4419998168945,257.7665328979492,152.38173294067383,0.06178807266392261,0.03549589348899163,-0.15974593025823533,27.675836818034384,-4.584842531080028,1.4330112336667766,270.4419998168945,303.34044002115616,237.54355961263283,0.2432938687521604
2021-02-25,227.4066619873047,245.73666381835938,223.52667236328125,242.0500030517578,117071700,TSLA,267.40966567993166,258.24806610107424,153.24833625793457,-0.08059082496045267,0.038964077697314574,-0.22746269891510185,22.715881926851594,-6.7354483601300785,-0.2006806850925944,267.40966567993166,304.3988243295012,230.4205070303621,0.2766478807377342
2021-02-26,225.1666717529297,235.56666564941406,219.836669921875,233.3333282470703,123267600,TSLA,264.7441665649414,258.48586608886717,154.10436628341674,-0.009850152211020369,0.038611273542842994,-0.23507230891947892,21.671518536775565,-8.522327380388617,-1.865010024151799,264.7441665649414,305.8315815090439,223.65675162083892,0.31039335428774245
2021-03-01,239.47666931152344,239.6666717529297,228.35000610351562,230.0366668701172,81408600,TSLA,263.4924995422363,259.05373291015627,155.0380962944031,0.06355291148192554,0.04068036112678511,-0.1864589270781648,28.90562219708319,-8.683645014032294,-3.2287370221278984,263.4924995422363,306.1067857520765,220.87821333239611,0.3234572998007435
2021-03-02,228.81333923339844,240.3699951171875,228.3333282470703,239.42666625976562,71196600,TSLA,260.9363327026367,259.4781997680664,155.91438632965088,-0.044527636486599076,0.03882392438938348,-0.222683988240146,27.464740336933048,-9.561710573529098,-4.495331732408139,260.9363327026367,305.4865906376379,216.3860747676355,0.3414645823643939
2021-03-03,217.73333740234375,233.56666564941406,217.23666381835938,229.3300018310547,90624000,TSLA,257.27649993896483,259.4601998901367,156.73666301727295,-0.048423758283395624,0.037991971676604334,-0.2603245509034183,28.358534089103358,-11.024563102979329,-5.8011780065223775,257.27649993896483,303.4488035237091,211.10419635422056,0.35893137224502036
2021-03-04,207.14666748046875,222.81666564941406,200.0,218.60000610351562,197758500,TSLA,253.38899993896484,258.9697998046875,157.5011863517761,-0.04862218183112754,0.03876786753422902,-0.2962891850854132,24.65218752386602,-12.889557265370797,-7.218853858292062,253.38899993896484,302.75191167029055,204.02608820763913,0.3896215837563274
2021-03-05,199.31666564941406,209.27999877929688,179.8300018310547,208.68666076660156,268189500,TSLA,249.18833389282227,258.62373321533204,158.2284330177307,-0.037799313531283074,0.03901943670355882,-0.3228889708137244,22.330992825676205,-14.828461017124908,-8.740775290058632,249.18833389282227,302.001318260496,196.37534952514852,0.42388007129088956
2021-03-08,187.6666717529297,206.7100067138672,186.26333618164062,200.18333435058594,155361000,TSLA,244.36783447265626,258.1081332397461,158.89491304397583,-0.05844967282854319,0.03980893585013242,-0.36246588893826037,21.50988039646623,-17.107904084832768,-10.41420104901346,244.36783447265626,301.2180144370818,187.5176545082307,0.46528365803222654
2021-03-09,224.52667236328125,226.02999877929688,198.40333557128906,202.72666931152344,202569900,TSLA,241.2038345336914,258.29213348388674,159.74167974472047,0.1964120760817838,0.062440537301157666,-0.23724649061166958,37.9747106176448,-15.758431749193107,-11.48304718904939,241.2038345336914,294.8267878667949,187.58088120058792,0.44462770201618357
2021-03-10,222.68666076660156,239.28334045410156,218.35333251953125,233.43333435058594,181817100,TSLA,238.18050155639648,258.3340667724609,160.58281970977782,-0.00819506910832657,0.06242850832863534,-0.24349730833372557,38.36356475713925,-14.668351137823748,-12.120107978804263,238.18050155639648,288.5654739634066,187.79552914938637,0.42308225969605606
2021-03-11,233.1999969482422,234.1666717529297,225.72666931152344,233.13333129882812,108761700,TSLA,236.4268341064453,258.573466796875,161.47586303710938,0.04721134236531421,0.06285004375719264,-0.2077818007571873,42.40932274257093,-12.808467987499483,-12.257779980543308,236.4268341064453,284.8031767659693,188.05049144692134,0.40922886644706097
2021-03-12,231.2433319091797,231.6266632080078,222.04666137695312,223.3333282470703,100751400,TSLA,234.46133346557616,258.7583999633789,162.35866970062256,-0.008390501992574073,0.06276964450105811,-0.21442890913648757,47.823898289997516,-11.361416371558136,-12.078507258746274,234.46133346557616,280.1174188403808,188.8052480907715,0.38945513701522927
2021-03-15,235.97999572753906,237.72666931152344,228.01333618164062,231.3633270263672,88006800,TSLA,232.65833282470703,258.8461331176758,163.26996633529663,0.020483461206222797,0.06300376583033768,-0.19833769417205474,50.956321849697105,-9.720358118611784,-11.606877430719377,232.65833282470703,274.7769733134547,190.5396923359594,0.36206431961739627
2021-03-16,225.6266632080078,235.97332763671875,223.6666717529297,234.4499969482422,96587100,TSLA,230.66933212280273,258.6541998291016,164.11976631164552,-0.04387377195940434,0.06346353570791344,-0.23350964336640023,42.97545604334252,-9.149762273917162,-11.115454399358935,230.66933212280273,269.93702944947216,191.4016347961333,0.34046742985117995
2021-03-17,233.93666076660156,234.57666015625,217.00332641601562,218.9566650390625,121117500,TSLA,229.06366577148438,258.46779968261717,164.99008295059204,0.03683074261011732,0.06417409300135339,-0.20527923432809114,52.28433467918429,-7.935537664152719,-10.479471052317692,229.06366577148438,264.6980477657577,193.4292837772111,0.3111308105042064
2021-03-18,217.72000122070312,229.7433319091797,217.3333282470703,228.09666442871094,99674400,TSLA,226.82666625976563,257.9214663696289,165.78482961654663,-0.06932072763951169,0.06577752461132415,-0.26036985607469776,47.627038126389735,-8.187425267979876,-10.02106189545013,226.82666625976563,259.0916038057111,194.56172871382017,0.28448980957992936
2021-03-19,218.2899932861328,219.07666015625,208.2066650390625,215.53334045410156,128682000,TSLA,224.71949996948243,257.24739959716794,166.58195959091188,0.0026180050626212203,0.06581503140089286,-0.2584335006134341,42.60069469239239,-8.245999661565378,-9.66604944867318,224.71949996948243,253.00205587607695,196.4369440628879,0.2517143008099909
2021-03-22,223.3333282470703,233.2066650390625,222.9166717529297,228.19667053222656,118536600,TSLA,223.97783279418945,256.27379943847654,167.4104995727539,0.023103830299388672,0.06341921123654405,-0.24130047405589516,48.00794474708845,-7.795602455535487,-9.291960050045642,223.97783279418945,251.5445279552487,196.4111376331302,0.24615556653224652
2021-03-23,220.72000122070312,225.93333435058594,219.1699981689453,225.2566680908203,91475700,TSLA,223.3664993286133,254.82139953613282,168.2188795852661,-0.01170146456365928,0.06328624504908192,-0.25017836967319523,51.15690429541814,-7.5623589092617465,-8.946039821888863,223.3664993286133,250.63642332076967,196.0965753364569,0.24417201392440946
2021-03-24,210.08999633789062,222.67333984375,210.0366668701172,222.6366729736328,101385600,TSLA,221.50399932861328,253.61526611328125,168.9526895713806,-0.04816058727810224,0.062323421473587846,-0.2862902197435582,51.13973557312225,-8.141415108282871,-8.785114879167665,221.50399932861328,246.90391823384752,196.10408042337903,0.22934049933384795
2021-03-25,213.4633331298828,215.1666717529297,203.1666717529297,204.3333282470703,117674700,TSLA,220.80683288574218,252.22159942626953,169.70644956588745,0.016056627401557888,0.05996928568390155,-0.27483044772913273,55.67379758080447,-8.233213866464922,-8.674734676627118,220.80683288574218,246.28987367488392,195.32379209660044,0.23081750194141945
2021-03-26,206.23666381835938,214.60667419433594,199.9633331298828,213.9566650390625,101558400,TSLA,219.86033248901367,250.65026580810547,170.39594953536988,-0.03385438241576755,0.06038287910369595,-0.2993806150679816,57.721838612828726,-8.78779661221094,-8.697347063743884,219.86033248901367,246.0577404324049,193.66292454562245,0.23830954539923932
2021-03-29,203.76333618164062,205.4933319091797,198.67333984375,205.2133331298828,85911000,TSLA,218.07466583251954,249.09219940185548,171.09048620224,-0.01199266702111268,0.058345326571487124,-0.3077829100600081,37.90813872851272,-9.319455422636707,-8.821768735522449,218.07466583251954,243.49941705791238,192.6499146071267,0.23317473516083656
2021-03-30,211.8733367919922,212.55332946777344,197.00332641601562,200.5833282470703,118297200,TSLA,217.22766571044923,247.82193298339843,171.83809288024904,0.039801078851212424,0.05850169170546741,-0.28023192308114975,44.13127243022573,-8.982840989835267,-8.853983186385014,217.22766571044923,242.2719404925634,192.18339092833506,0.2305808949353312
2021-03-31,222.64332580566406,224.0,213.70333862304688,215.5399932861328,100011900,TSLA,217.47316513061523,246.6444662475586,172.62100952148438,0.05083220558444013,0.05859414515137787,-0.24364452422209362,44.28648302598824,-7.757598752335127,-8.634706299575036,217.47316513061523,242.63429991830577,192.3120303429247,0.23139530592272078
2021-04-01,220.5833282470703,230.80667114257812,219.80667114257812,229.4566650390625,105895200,TSLA,218.1449981689453,245.38646606445312,173.39654949188233,-0.009252455923119962,0.0574307726641113,-0.25064266992393913,44.2370030772764,-6.873575736149235,-8.282480186889877,218.1449981689453,242.85873699165055,193.43125934624007,0.22658084329364594
2021-04-05,230.35000610351562,236.05332946777344,228.23333740234375,235.90333557128906,125528400,TSLA,219.6966651916504,244.36019958496092,174.2177028656006,0.04427659122771899,0.05717210499783867,-0.21746368173666644,47.11331871138914,-5.323525558439258,-7.690689261199754,219.6966651916504,243.30511556797964,196.08821481532115,0.21491860475655947
2021-04-06,230.5399932861328,232.18333435058594,227.1233367919922,230.10000610351562,84815400,TSLA,221.84033126831054,243.3267330932617,175.03574951171876,0.0008247761127986308,0.05500192980358912,-0.2168182644739655,52.812332198967795,-4.033276150412831,-6.95920663904237,221.84033126831054,240.46236752465984,203.21829501196123,0.16788684140420257
2021-04-07,223.6566619873047,230.4600067138672,222.6133270263672,229.0,78928200,TSLA,221.7968307495117,241.9278662109375,175.82039947509764,-0.029857428208930892,0.03442843511286596,-0.24020205691698,44.01815357339209,-3.5255313770745715,-6.272471586648811,221.7968307495117,240.3964962585599,203.19716524046353,0.1677180458006984
2021-04-08,227.93333435058594,229.85000610351562,223.88333129882812,225.7933349609375,71772900,TSLA,222.05916442871094,240.5992660522461,176.6286261367798,0.01912159613436426,0.03461203737541296,-0.22567350750562581,56.90214608224857,-2.7463895983048303,-5.567255188980015,222.05916442871094,240.8586011267786,203.25972773064328,0.1693191699287238
2021-04-09,225.67333984375,226.99000549316406,223.14332580566406,225.92333984375,64311300,TSLA,221.68283157348634,239.35166595458983,177.42306617736816,-0.009915155733034697,0.032980574440960225,-0.23335107526692211,54.8782196753936,-2.2849374576680646,-4.910791642717625,221.68283157348634,239.83337735113577,203.5322857958369,0.16375238126307173
2021-04-12,233.9933319091797,234.93333435058594,227.3633270263672,228.56666564941406,87407100,TSLA,221.82033157348633,238.46199951171874,178.27274951934814,0.03686741230129442,0.033992477597966614,-0.2050867132684436,56.75082774737528,-1.2336586361928141,-4.175365041412663,221.82033157348633,240.31424584404635,203.3264173029263,0.1667467913276761
2021-04-13,254.10667419433594,254.3333282470703,236.8866729736328,237.56666564941406,133958400,TSLA,222.72666549682617,238.25393280029297,179.21462287902833,0.0859569036478478,0.03876997420052762,-0.13675842847246514,67.30716568860328,1.2085347952454697,-3.0985850740810363,222.72666549682617,245.43813311371088,200.01519787994147,0.20394026522350409
2021-04-14,244.07666015625,260.2633361816406,242.67666625976562,256.8999938964844,147052200,TSLA,223.64916534423827,237.53673248291017,180.11509284973144,-0.03947166704647498,0.03849288745100335,-0.17083201236447584,67.72847272234077,2.3080466510806446,-2.0172587290487005,223.64916534423827,248.2747544404732,199.02357624800334,0.2202162396477671
2021-04-15,246.28334045410156,247.89666748046875,240.43666076660156,247.6999969482422,83546700,TSLA,224.2664993286133,236.64379943847655,181.0100595474243,0.009040931223980753,0.037764334143908264,-0.16333556161513663,67.33084775064759,3.319216514585463,-0.9499636803218678,224.2664993286133,250.5417411391983,197.99125751802828,0.23432159407887684
2021-04-16,246.5933380126953,249.80332946777344,241.53334045410156,242.88333129882812,83938500,TSLA,225.71016616821288,235.8777328491211,181.8830895614624,0.0012587029151958085,0.03370563225797708,-0.16228244964750088,72.99001494238186,4.098346936369268,0.05969844301635929,225.71016616821288,253.59448429354657,197.8258480428792,0.2470807460622098
2021-04-19,238.2100067138672,241.8000030517578,230.60000610351562,239.86666870117188,119058600,TSLA,226.7061668395996,234.97533325195312,182.70092960357667,-0.03399658468630862,0.03491608503677739,-0.19076198529126664,68.38528373966697,3.993316172488562,0.8464219889107999,226.7061668395996,254.89589579617316,198.51643788302604,0.24868956455444383
2021-04-20,239.663330078125,245.75,236.89666748046875,239.13999938964844,106827000,TSLA,227.52266693115234,234.08706665039062,183.49635959625243,0.006101017267521991,0.03465676088420021,-0.1858248101899935,65.96697866323606,3.981453863206724,1.4734283637699848,227.52266693115234,256.2420624664735,198.8032713958312,0.2524530493835285
2021-04-21,248.0399932861328,248.27999877929688,232.6666717529297,234.92333984375,93646500,TSLA,228.88866653442383,233.2917330932617,184.2793662261963,0.034951793439894185,0.035104619672334234,-0.15736792713186748,65.00452913575724,4.595011183203525,2.097744927656693,228.88866653442383,258.8190517334098,198.95828133543787,0.26152789172271734
2021-04-22,239.89666748046875,251.2566680908203,239.34666442871094,247.1666717529297,106770900,TSLA,230.37900009155274,232.4266000366211,185.0155628967285,-0.03283069676699324,0.0339999142795976,-0.1850321252023441,60.64525939408802,4.373743649607263,2.5529446720468068,230.37900009155274,259.3201272754301,201.43787290767537,0.2512479624651217
2021-04-23,243.13333129882812,245.7866668701172,238.48666381835938,239.93333435058594,85110000,TSLA,231.8625,231.92379974365235,185.77593620300294,0.013491908213451476,0.033969558929121305,-0.1740366534386625,57.59255238046212,4.4087380672046095,2.9241033510783674,231.8625,260.1879200095881,203.5370799904119,0.24432946258742216
2021-04-26,246.06666564941406,249.76666259765625,244.20333862304688,247.0,93115500,TSLA,233.85400009155273,231.4340661621094,186.54150951385498,0.012064715006025573,0.032581568451428386,-0.1640716410569769,58.93090292734937,4.619911498506212,3.2632649805639367,233.85400009155273,260.11911855857784,207.5888816245276,0.2246283446658381
2021-04-27,234.913330078125,241.3333282470703,234.4499969482422,239.32000732421875,88311000,TSLA,235.41149978637696,230.69153259277343,187.201192817688,-0.04532647907368281,0.03452609551921506,-0.20196133032570582,56.17164421964423,3.8429874290413295,3.3792094702594153,235.41149978637696,257.5306800695907,213.29231950316324,0.1879192843449506
2021-04-28,231.46665954589844,236.1666717529297,231.1999969482422,232.1366729736328,66813000,TSLA,236.39116592407225,230.01273223876953,187.859506111145,-0.014672094304228334,0.034004881835561426,-0.21367022894558796,51.95499360886958,2.9155434298351963,3.286476262174572,236.39116592407225,255.67463514924822,217.1076966988963,0.16314881437971945
2021-04-29,225.6666717529297,234.0833282470703,222.8333282470703,233.1699981689453,86536200,TSLA,236.54233322143554,229.20506591796874,188.48223945617676,-0.02505755171974844,0.03283223527427599,-0.23337372785256183,49.996449617801765,1.6930108608774788,2.9677831819151534,236.54233322143554,255.4150510226576,217.6696154202135,0.1595715874126822
2021-04-30,236.47999572753906,238.49000549316406,222.04666137695312,222.52999877929688,122276100,TSLA,237.337166595459,228.68546600341796,189.14930278778075,0.04791723957558203,0.034330750663087314,-0.19663911310513765,51.28976347292593,1.5784939702284078,2.689925339577804,237.337166595459,254.65482634414684,220.01950684677115,0.14593297794108903
2021-05-03,228.3000030517578,235.3333282470703,226.8333282470703,234.60000610351562,81129300,TSLA,237.2346664428711,228.0427996826172,189.79058948516845,-0.034590632711300695,0.0339932830062916,-0.22442787447834256,34.72375020910087,0.8182491960652101,2.3155901108752857,237.2346664428711,254.74959931149314,219.71973357424903,0.1476591354142575
2021-05-04,224.53334045410156,227.81666564941406,219.23333740234375,226.31333923339844,89217900,TSLA,236.93433380126953,227.77013305664062,190.41297618865966,-0.01649874089928205,0.03419379757833359,-0.23722383802602984,37.504797438348405,-0.0871834603835282,1.8350353966235229,236.93433380126953,255.12555312846902,218.74311447407004,0.15355494524873303
2021-05-05,223.64666748046875,228.43333435058594,222.44667053222656,227.02000427246094,65705700,TSLA,236.93383407592773,227.58413299560547,190.98354286193847,-0.003948959080373515,0.033518008534039044,-0.24023600987714938,35.27854733326943,-0.8663062237556005,1.2947670725476983,236.93383407592773,255.1265896633812,218.74107848847427,0.15356823695870653
2021-05-06,221.17999267578125,227.0066680908203,216.6666717529297,226.9199981689453,83353800,TSLA,236.5961669921875,227.0609329223633,191.56665615081786,-0.011029338520784915,0.03331491436049062,-0.24861570412011655,33.92373652089793,-1.6636293849052777,0.7030877810571032,236.5961669921875,255.71921361537107,217.47312036900394,0.1616513645702047
2021-05-07,224.1233367919922,230.0,220.07333374023438,221.93333435058594,70407600,TSLA,236.5186668395996,226.99526641845702,192.15649616241456,0.013307460953421169,0.03339186756827109,-0.23861668694168114,40.4302482373605,-2.0345573522062352,0.15555875440443556,236.5186668395996,255.83964015898212,217.1976935202171,0.1633779995258088
2021-05-10,209.67999267578125,221.68333435058594,209.20333862304688,221.63333129882812,94177200,TSLA,235.3029998779297,226.68553283691406,192.7005394744873,-0.06444373139784076,0.035170058692494295,-0.2876830686592095,32.68660430164296,-3.4541601922428242,-0.5663850349250165,235.3029998779297,258.04898963976535,212.55701011609406,0.1933336147319481
2021-05-11,205.73333740234375,209.03334045410156,198.53334045410156,199.74667358398438,139511700,TSLA,232.88433303833008,226.01066619873046,193.25687282562257,-0.018822278764288325,0.027998116196159217,-0.3010904965094284,24.253492054972497,-4.84185388995607,-1.4214788059312273,232.88433303833008,257.4279270108572,208.34073906580292,0.21077926241167588
2021-05-12,196.6300048828125,206.80332946777344,195.58999633789062,200.8300018310547,101470800,TSLA,230.5120002746582,225.36699951171875,193.72682285308838,-0.044248212926854213,0.028280545163203198,-0.33201599303648116,23.973372750650228,-6.600092242828424,-2.457201493310667,230.5120002746582,259.30487912025177,201.71912142906464,0.2498167454300553
2021-05-13,190.56333923339844,202.15333557128906,186.5500030517578,200.51333618164062,132554700,TSLA,227.72600021362305,224.82359954833984,194.18747619628905,-0.030853203980896415,0.02824653579050971,-0.35262543985930306,19.41826996393813,-8.38636522360386,-3.643034239369306,227.72600021362305,260.5887653026633,194.8632351245828,0.288616715335207
2021-05-14,196.5800018310547,197.6233367919922,190.15333557128906,194.47000122070312,100112700,TSLA,225.225333404541,224.61226623535157,194.67067287445067,0.03157303299711356,0.02978717588522892,-0.3321858615104889,22.208909579755428,-9.210334044357296,-4.756494200366904,225.225333404541,259.61886524437705,190.831801564705,0.30541441604226377
2021-05-17,192.27667236328125,196.57666015625,187.06666564941406,191.85000610351562,97171200,TSLA,222.9286666870117,224.4714663696289,195.13622623443604,-0.02189098294684022,0.02941262296846348,-0.34680496942782163,24.060029342925674,-10.094218131614866,-5.824038986616497,222.9286666870117,259.72215972505734,186.13517364896612,0.33009207460701395
2021-05-18,192.6233367919922,198.75,187.7933349609375,189.3333282470703,110491800,TSLA,220.57666702270507,224.57059967041016,195.62242290496826,0.0018029458511532592,0.02930243655320456,-0.3456272941574576,25.441517757569073,-10.644031942057836,-6.788037577704765,220.57666702270507,258.8501740891438,182.30315995626634,0.34703133004089737
2021-05-19,187.82000732421875,188.73666381835938,182.32666015625,184.18333435058594,118735200,TSLA,217.56566772460937,223.8364663696289,196.06652294158937,-0.02493638386588848,0.027417439773078398,-0.3619449831417073,25.76624034413767,-11.33666982012403,-7.697764026188619,217.56566772460937,256.21533173818483,178.91600371103388,0.35529193937434567
2021-05-20,195.5933380126953,196.28334045410156,190.35667419433594,191.6666717529297,92463300,TSLA,215.3505012512207,223.2945999145508,196.54882297515869,0.04138712802336375,0.029592521732270834,-0.33553771847304364,22.759176114795125,-11.130047250068088,-8.384220670964513,215.3505012512207,253.6883456364318,177.0126568660096,0.3560506631046793
2021-05-21,193.6266632080078,198.89332580566406,193.3333282470703,198.70333862304688,78091800,TSLA,212.8751678466797,222.5031332397461,197.02194961547852,-0.010054917128925145,0.029083677206696357,-0.3422188316490937,24.81355831509299,-10.99821106421507,-8.907018749614625,212.8751678466797,250.03484595728463,175.71548973607474,0.34912177391558114
2021-05-24,202.14666748046875,204.82666015625,191.21665954589844,193.86666870117188,103674300,TSLA,210.6791679382324,221.92119995117187,197.53615627288818,0.0440022264046771,0.03121086733858157,-0.31327499575458406,34.788910576233405,-10.089926406108674,-9.143600280913436,210.6791679382324,244.63261857710057,176.72571729936425,0.32232375864350044
2021-05-25,201.56333923339844,204.663330078125,198.57000732421875,202.43666076660156,84017700,TSLA,209.01166839599608,221.23286682128906,198.05973628997802,-0.002885668382965889,0.030055255594562284,-0.3152566563871272,34.93291373576139,-9.309855763129377,-9.176851377356625,209.01166839599608,241.182814254374,176.84052253761817,0.3078406684685762
2021-05-26,206.3766632080078,208.72332763671875,200.5,202.52000427246094,85917900,TSLA,207.75716857910157,220.84786682128907,198.61876293182374,0.023879957500782645,0.030778193640526173,-0.29890501444270806,40.213320442482754,-8.208625218511486,-8.983206145587598,207.75716857910157,238.14902587407846,177.3653112841247,0.29257096159746204
2021-05-27,210.28334045410156,210.3766632080078,205.40333557128906,206.74667358398438,79111800,TSLA,206.98800201416014,220.37480041503906,199.21204963684082,0.018929840154243482,0.03086127372295635,-0.28563339843316676,40.96527227160622,-6.94064839932463,-8.574694596335005,206.98800201416014,236.22823240438157,177.74777162393872,0.282530679128166
2021-05-28,208.4066619873047,211.8633270263672,207.4600067138672,209.5,68211000,TSLA,205.58433532714844,220.1885336303711,199.73582962036133,-0.008924522802159385,0.02844103349800819,-0.2920087794579511,49.005624574153174,-6.017830103588523,-8.06332169778571,205.58433532714844,231.35268350700795,179.81598714728892,0.25068396518493574
2021-06-01,207.96665954589844,211.26666259765625,206.85000610351562,209.26666259765625,54254700,TSLA,204.56766815185546,219.9820669555664,200.23532958984376,-0.002111268599623961,0.027633130051354985,-0.293503539090691,51.845110695548094,-5.2613449657469005,-7.5029263513779485,204.56766815185546,228.06700101232863,181.06833529138228,0.2297463042207536
2021-06-02,201.7066650390625,207.7866668701172,199.7133331298828,206.7100067138672,69908400,TSLA,203.42633438110352,219.54953369140625,200.6936262512207,-0.030100952337768105,0.0281127011177903,-0.314769755387324,54.400965317053526,-5.108071613672763,-7.023955403836911,203.42633438110352,224.97941683751085,181.87325192469618,0.21190061278919084
2021-06-03,190.94667053222656,201.51666259765625,190.4066619873047,200.60000610351562,90335700,TSLA,201.7913345336914,218.95406707763672,201.0364796066284,-0.05334476431283097,0.03011678343910751,-0.3513232012862107,50.30730425592297,-5.7881211518958935,-6.776788553448709,201.7913345336914,221.79111677003863,181.7915522973442,0.1982224091293476
2021-06-04,199.68333435058594,200.20333862304688,192.39999389648438,193.23666381835938,72110700,TSLA,200.71650161743165,218.74593383789062,201.40586627960204,0.045754470575515294,0.03235390975327067,-0.32164333778644116,52.383878240998385,-5.558020158989109,-6.533034874556789,200.71650161743165,218.51878952122206,182.91421371364123,0.17738738728838363
2021-06-07,201.7100067138672,203.3333282470703,194.2933349609375,197.27667236328125,67631100,TSLA,199.5958351135254,218.5108673095703,201.78823963165283,0.010149431698305955,0.032269514978207986,-0.3147584031762139,57.50902154360403,-5.152730472786288,-6.25697399420269,199.5958351135254,213.6136145053729,185.57805572167788,0.14046164223691873
2021-06-08,201.19667053222656,207.69667053222656,198.5,207.6699981689453,78160200,TSLA,199.17166900634766,218.41006744384765,202.1269462966919,-0.002544921741878703,0.02905159775756479,-0.31650228941441044,56.80639269981668,-4.817425137997162,-5.969064222961585,199.17166900634766,212.3955729063288,185.94776510636652,0.13278900524310702
2021-06-09,199.5933380126953,203.92999267578125,199.2100067138672,200.72332763671875,49753800,TSLA,198.86466903686522,218.32666748046876,202.4415863418579,-0.007968981371759054,0.028814582766079018,-0.32194906993770694,59.8472130509837,-4.627723265996792,-5.700796031568627,198.86466903686522,211.72732486623056,186.00201320749989,0.12936089544373394
2021-06-10,203.3733367919922,205.52999877929688,200.1666717529297,201.2933349609375,71758800,TSLA,199.20183563232422,218.15666748046874,202.78705303192137,0.018938501740255687,0.027258901064033288,-0.3091078012187402,56.972989325050406,-4.124820491967142,-5.385600923648331,199.20183563232422,212.17093519089195,186.23273607375648,0.13021064306360494
2021-06-11,203.29666137695312,204.18666076660156,200.5066680908203,203.41000366210938,48615900,TSLA,199.83850173950196,217.76973419189454,203.12908969879152,-0.0003770180312155924,0.026152731890305016,-0.3093682800353069,58.97086580980036,-3.689918403064212,-5.046464419531508,199.83850173950196,212.26068422563492,187.416319253369,0.12432221396781487
2021-06-14,205.89666748046875,208.49667358398438,203.05999755859375,204.07666015625,61272000,TSLA,200.30433502197266,217.4760009765625,203.44084972381592,0.012789221849023313,0.025420975782453722,-0.3005356377527059,53.90814833661981,-3.099724901756531,-4.657116515976512,200.30433502197266,212.90942147830174,187.6992485656436,0.12585934752681557
2021-06-15,199.7866668701172,205.59666442871094,199.41000366210938,205.56333923339844,53292300,TSLA,200.67983474731446,216.86473419189454,203.6935330581665,-0.029675082579620482,0.025871668417012147,-0.32129230046389595,48.339662719213685,-3.0894055417087145,-4.343574321122953,200.67983474731446,212.71245342711308,188.64721606751584,0.11991856276889465
2021-06-16,201.6233367919922,202.8333282470703,197.8333282470703,199.17999267578125,66432300,TSLA,201.12983474731445,216.28640106201172,203.9638497543335,0.009193155632698069,0.02591789970312162,-0.31505283495295,45.29622343731408,-2.899598692727267,-4.054779195443817,201.12983474731445,212.55148197111055,189.70818752351835,0.11357486807609089
2021-06-17,205.53334045410156,207.1566619873047,200.44667053222656,200.6300048828125,68104200,TSLA,202.0155014038086,215.92393463134766,204.16098308563232,0.019392614586788648,0.025327391637289684,-0.3017699185688791,45.29982461311005,-2.4059366392233414,-3.725010684199722,202.0155014038086,211.70768890494514,192.32331390267206,0.09595488894451559
2021-06-18,207.77000427246094,209.4499969482422,203.93333435058594,204.4566650390625,73682700,TSLA,202.62433471679688,215.52066802978516,204.40808307647706,0.010882243306208794,0.02388703007176934,-0.29417160893903166,49.374476781700736,-1.813322969181968,-3.342673141196171,202.62433471679688,212.14621454811422,193.10245488547955,0.09398555059663329
2021-06-21,206.94332885742188,210.4633331298828,202.9600067138672,208.16000366210938,74438100,TSLA,203.29016799926757,215.14606781005858,204.6971830368042,-0.003978800587379316,0.023746513889625995,-0.29697995935597404,49.002148212050166,-1.39430547768049,-2.952999608493035,203.29016799926757,211.98975501106835,194.59058098746678,0.08558787763736937
2021-06-22,207.90333557128906,209.52333068847656,205.1666717529297,206.0833282470703,57476700,TSLA,203.5780014038086,214.62426788330077,205.058366355896,0.004638983624974058,0.021770702925714668,-0.29371866089939785,56.73892488506134,-0.9735441669628244,-2.5571085201869934,203.5780014038086,212.49646395211292,194.65953885550428,0.0876171539832935
2021-06-23,218.85667419433594,219.06666564941406,210.01333618164062,210.6666717529297,93297600,TSLA,204.44266815185546,213.9192678833008,205.45544971466063,0.05268476618207507,0.024534506679970598,-0.2565083936901197,80.2252296913213,0.24097725343756338,-1.9974913654620823,204.44266815185546,215.6087458634992,193.27659044021172,0.1092343179883548
2021-06-24,226.60667419433594,232.5399932861328,222.5366668701172,224.99667358398438,137947200,TSLA,205.45416870117188,213.5698681640625,206.0381330871582,0.035411302984154513,0.025144051677602648,-0.23018038715290484,79.79341050636613,1.8080128135411258,-1.2363905296614408,205.45416870117188,220.38753856935818,190.52079883298558,0.14536935378426447
2021-06-25,223.9566650390625,231.27000427246094,222.89999389648438,229.86000061035156,97490100,TSLA,206.13783493041993,213.1233346557617,206.54744976043702,-0.011694312026312215,0.025182710603941692,-0.23918289790951366,74.28318358261805,2.8037463503692095,-0.42836315365531075,206.13783493041993,223.11428781669335,189.1613820441465,0.16470972339457896
2021-06-28,229.57333374023438,231.56666564941406,223.44000244140625,223.8800048828125,64884600,TSLA,207.1961685180664,212.7829345703125,207.0764164352417,0.025079265670401973,0.02544933554867561,-0.220102163679601,77.86941234686901,3.9999812815916016,0.45730573339407177,207.1961685180664,227.14675697236248,187.24558006377032,0.1925768087024881
2021-06-29,226.9199981689453,229.1699981689453,225.29666137695312,228.21665954589844,52143900,TSLA,208.14383544921876,212.55713439941405,207.5898164367676,-0.011557681931348984,0.025677939668753366,-0.22911597481073945,76.29583578787367,4.679956452428343,1.301835877200926,208.14383544921876,229.96173129484447,186.32593960359304,0.20964248879663475
2021-06-30,226.56666564941406,230.93666076660156,226.04666137695312,226.58999633789062,56774700,TSLA,209.38683547973633,212.29520111083986,208.0232830810547,-0.0015570796861552605,0.024404507872427348,-0.23031630266674324,73.89420011544686,5.131181625144876,2.0677050267897163,209.38683547973633,232.45725526944574,186.31641569002693,0.22036170265290697
2021-07-01,225.97332763671875,229.3300018310547,224.26666259765625,227.97332763671875,55903500,TSLA,211.13816833496094,211.85386779785156,208.40354972839356,-0.0026188230779431443,0.020168513361183804,-0.23233196809603618,73.11584473567635,5.378898809307316,2.7299437832932365,211.13816833496094,233.62507204372912,188.65126462619276,0.21300652445837032
2021-07-02,226.3000030517578,233.3333282470703,224.4199981689453,226.32666015625,81163500,TSLA,212.46900177001953,211.58193450927735,208.79878311157228,0.0014456370513082906,0.018217034944199587,-0.2312221987460109,71.80928502762465,5.537740809388595,3.2915031885123085,212.46900177001953,235.2500402388759,189.68796330116317,0.2144410552040433
2021-07-06,219.86000061035156,228.0,217.13333129882812,227.23666381835938,69853500,TSLA,213.37650146484376,211.1164678955078,209.1923664855957,-0.028457809785947474,0.019780733852526336,-0.25309993118175583,71.30623162971068,5.085349123990937,3.6502723756080346,213.37650146484376,235.79610949693569,190.95689343275183,0.2101413030786412
2021-07-07,214.88333129882812,221.89999389648438,212.77333068847656,221.42333984375,56376000,TSLA,214.06083450317382,210.4928012084961,209.5298664855957,-0.02263562857139878,0.020648501138094914,-0.27000648371947783,63.19488583099324,4.275959235948278,3.7754097476760835,214.06083450317382,235.7383291920732,192.38333981427445,0.2025358327618588
2021-07-08,217.60333251953125,218.14332580566406,206.82000732421875,209.4566650390625,68319900,TSLA,214.96133422851562,210.14660125732422,209.8688998413086,0.012658037290573132,0.02056062276690528,-0.26076619856852246,62.30207892363905,3.8100731334530167,3.7823424248314703,214.96133422851562,235.57871717707866,194.3439512799526,0.1918241066241767
2021-07-09,218.98333740234375,219.6366729736328,214.89666748046875,217.72666931152344,54421500,TSLA,215.7418342590332,209.89693481445312,210.25676651000975,0.006341837079579804,0.020287071966756793,-0.2560780982361256,61.63207431591163,3.511728877039161,3.728219715273009,215.7418342590332,235.6829290783423,195.80073943972408,0.1848607145461328
2021-07-12,228.56666564941406,229.0800018310547,220.72000122070312,220.73333740234375,77781000,TSLA,217.00533447265624,209.9549346923828,210.76566650390626,0.0437628194032984,0.022115999162448302,-0.2235219783990749,68.9822555432172,4.002445700104687,3.7830649122393445,217.00533447265624,236.8281804823839,197.18248846292857,0.18269455041645943
2021-07-13,222.84666442871094,231.0933380126953,222.10000610351562,228.77333068847656,62898300,TSLA,217.85283432006835,209.68226806640624,211.2335831451416,-0.0250255268170938,0.023108646961455537,-0.2429537499515328,62.10638900715164,3.8850021370361105,3.803452357198698,217.85283432006835,237.11743696806911,198.5882316720676,0.17685886629041786
2021-07-14,217.7933349609375,226.20333862304688,217.6133270263672,223.5833282470703,64923600,TSLA,218.75316772460937,209.47213470458985,211.6436498260498,-0.022676262535623493,0.02261618180486873,-0.2601207294692411,49.04747207697752,3.3455998194017127,3.7118818496393007,218.75316772460937,236.04477491415207,201.46156053506667,0.15809240496403953
2021-07-15,216.86666870117188,222.04666137695312,212.6266632080078,219.4633331298828,60628800,TSLA,219.51533432006835,209.31880126953126,212.02598320007326,-0.004254796226577984,0.022671165751702384,-0.26326876499761864,40.05987238809665,2.8109425775199384,3.5316939952154285,219.51533432006835,234.86225781487636,204.16841082526034,0.13982552555924085
2021-07-16,214.74000549316406,218.89999389648438,214.06666564941406,218.22666931152344,49113000,TSLA,219.97566757202148,209.14066802978516,212.40123321533204,-0.009806316575730722,0.02256033036165502,-0.2704933847192811,40.492411375805865,2.1903696953210954,3.263429135236562,219.97566757202148,234.05684401411594,205.89449112992702,0.1280248547261182
2021-07-19,215.4066619873047,215.73333740234375,207.09666442871094,209.9633331298828,63891300,TSLA,220.35750045776368,209.02520141601562,212.7632498931885,0.003104482057777691,0.022473872548024257,-0.2682286445211119,33.723954087598486,1.732384967258355,2.9572203016409206,220.35750045776368,233.4225960693693,207.29240484615806,0.11858090225623906
2021-07-20,220.1666717529297,220.79666137695312,213.5,217.3300018310547,46461300,TSLA,221.01866760253907,208.94606811523437,213.11714988708496,0.02209778342837665,0.022859233040308652,-0.25205811958864976,42.599366595433736,1.7335386235296255,2.712483966018662,221.01866760253907,232.4633906970389,209.57394450803923,0.10356340682571699
2021-07-21,218.42999267578125,221.6199951171875,216.76333618164062,219.8699951171875,41859900,TSLA,221.54500045776368,209.12106811523438,213.51748321533202,-0.007888019850240235,0.022993199424737123,-0.25795789998816054,41.34581084629595,1.5761485574906544,2.485216884313061,221.54500045776368,231.292462097306,211.79753881822137,0.08799532031327069
2021-07-22,216.4199981689453,220.72332763671875,214.86666870117188,218.81333923339844,45317100,TSLA,221.42316665649415,209.3348013305664,213.89011657714843,-0.009202007847976312,0.019867057594499585,-0.2647861772159983,40.136295562485444,1.2745340031257513,2.2430803080755988,221.42316665649415,231.37096166027877,211.47537165270953,0.08985324484332011
2021-07-23,214.4600067138672,216.26666259765625,212.43333435058594,215.45333862304688,43814700,TSLA,220.8158332824707,209.6914013671875,214.27244995117186,-0.009056424875986235,0.018057303385679315,-0.27144458596982823,38.17419405181527,0.8673491051056885,1.9679340674816168,220.8158332824707,230.91318301578366,210.71848354915772,0.09145494309184157
2021-07-26,219.2066650390625,222.73333740234375,215.70333862304688,216.99000549316406,76009800,TSLA,220.5783332824707,210.2642678833008,214.6596499633789,0.022133069927244398,0.018731989792330695,-0.25531941804522595,49.32460122337454,0.9170960843921137,1.7577664708637164,220.5783332824707,230.5876943072141,210.56897225772732,0.0907556138972678
2021-07-27,214.92666625976562,222.1666717529297,209.0800018310547,221.13333129882812,98439900,TSLA,219.84599990844725,210.631201171875,215.02441665649414,-0.01952494819687245,0.018120713692007417,-0.2698592678311098,50.04545309049006,0.6041959964886416,1.5270523759887014,219.84599990844725,229.20655294061976,210.48544687627475,0.08515554557345248
2021-07-28,215.66000366210938,218.32333374023438,213.13333129882812,215.6666717529297,48019800,TSLA,219.28300018310546,211.09886779785157,215.37938331604005,0.0034120354402995545,0.018063614119068608,-0.2673680017765433,47.873043272625495,0.4106607802670226,1.3037740568443656,219.28300018310546,228.19587102362138,210.37012934258954,0.08129103335026888
2021-07-29,225.78334045410156,227.89666748046875,216.26666259765625,216.59666442871094,91183800,TSLA,219.24383392333985,211.76206787109376,215.7711333465576,0.04694118807422987,0.021169248721342685,-0.23297738535873713,56.24694237721498,1.061910360306257,1.255401317536744,219.24383392333985,228.0278921814539,210.4597756652258,0.08013049307635672
2021-07-30,229.06666564941406,232.50999450683594,223.0,223.9199981689453,88969200,TSLA,219.39850082397462,212.58700103759764,216.17205001831056,0.014541928508582602,0.021402412558320857,-0.2218233973321578,50.51946273146592,1.8219647720963508,1.3687140084486653,219.39850082397462,228.7707103372846,210.02629131066462,0.0854354927505125
2021-08-02,236.55667114257812,242.31333923339844,232.8000030517578,233.3333282470703,100847400,TSLA,219.9113342285156,213.40626770019531,216.58600006103515,0.032697928666004517,0.022554559778147933,-0.1963786342885709,63.73840338321366,2.9941791822458583,1.693807043208104,219.9113342285156,231.68770746775942,208.1349609892718,0.10710110309281898
2021-08-03,236.5800018310547,240.88333129882812,233.6699981689453,239.6666717529297,64860900,TSLA,220.7473342895508,214.26533447265626,217.0207667541504,9.862621233169833e-05,0.021367032399344503,-0.19629937615712206,70.93611338122508,3.880320223099062,2.131109679186296,220.7473342895508,234.68409381735285,206.81057476174874,0.12626888177522838
2021-08-04,236.97332763671875,241.63333129882812,236.30999755859375,237.0,51007800,TSLA,221.85183410644532,214.96186767578126,217.47285003662108,0.001662548831768751,0.020450812304172464,-0.1949631846238603,72.67669341659817,4.561746513414818,2.6172370460320002,221.85183410644532,237.2559070214533,206.44776119143734,0.13886811418126077
2021-08-05,238.2100067138672,240.31666564941406,237.1366729736328,238.6666717529297,38758800,TSLA,222.8821678161621,215.69480102539063,217.94585006713868,0.005218642492307302,0.02037363498847888,-0.19076198529126664,77.0122039884767,5.142294256843115,3.1222484881942236,222.8821678161621,239.77448460291657,205.98985102940765,0.15158069353208733
2021-08-06,233.03334045410156,238.77667236328125,232.5433349609375,237.3000030517578,46869000,TSLA,223.58466796875,216.2279345703125,218.40778343200682,-0.021731523084098314,0.02120670629393857,-0.20834795988843938,68.37898983984955,5.1255842771905975,3.5229156459934985,223.58466796875,240.95608756080972,206.2132483766903,0.15539007884465206
2021-08-09,237.9199981689453,239.67666625976562,235.0433349609375,236.72332763671875,44145900,TSLA,224.05233459472657,216.78066772460937,218.8929833984375,0.020969779282747014,0.019459702251807973,-0.19174719133856358,68.46228304299946,5.4439000450037724,3.9071125257955535,224.05233459472657,242.46112361778535,205.6435455716678,0.16432579518849658
2021-08-10,236.663330078125,238.8633270263672,233.9600067138672,237.99667358398438,40296900,TSLA,224.74316787719727,217.34580108642578,219.3666500854492,-0.005281893495678203,0.01848291862552207,-0.19601629659149603,69.15267516201251,5.531006966444352,4.231891413925313,224.74316787719727,243.97983922840487,205.50649652598966,0.1711880412909262
2021-08-11,235.94000244140625,238.39332580566406,234.73666381835938,237.57000732421875,29401800,TSLA,225.6505012512207,217.90526794433595,219.84530006408693,-0.0030563570472872392,0.017535121176952502,-0.19847355784931273,71.07386063932097,5.478520361607423,4.481217203461735,225.6505012512207,245.21598693050737,206.08501557193404,0.17341406795727934
2021-08-12,240.75,240.93333435058594,233.13333129882812,235.44667053222656,52377300,TSLA,226.84466781616212,218.68613464355468,220.34858337402343,0.020386528392057013,0.017777228088318078,-0.18213321627942322,76.73740916651226,5.758668606234352,4.736707484016258,226.84466781616212,247.05752232102907,206.63181331129516,0.17820876901764088
2021-08-13,239.05667114257812,243.3000030517578,238.1133270263672,241.23666381835938,50194500,TSLA,228.0605010986328,219.64833465576172,220.83606674194337,-0.007033557040173943,0.01766295894298851,-0.1878857289539855,71.5246285074378,5.777451753925675,4.944856337998141,228.0605010986328,248.13249115674319,207.98851104052244,0.17602337942272198
2021-08-16,228.72332763671875,236.5,225.46665954589844,235.02333068847656,68032200,TSLA,228.72633438110353,220.22913452148438,221.3029833984375,-0.0432254973537064,0.020763079300195234,-0.2229897722279922,63.22448294260534,4.902015686789895,4.936288207756492,228.72633438110353,247.89404705690285,209.5586217053042,0.1676038985861777
2021-08-17,221.90333557128906,224.86000061035156,216.27999877929688,224.22000122070312,71163900,TSLA,228.81316757202148,220.6330010986328,221.72778343200685,-0.02981764971635026,0.021509009017801832,-0.24615839102571946,55.35908458767598,3.61622435048929,4.672275436303051,228.81316757202148,247.8327720407306,209.79356310331238,0.16624571628048873
2021-08-18,229.663330078125,231.92333984375,223.11666870117188,223.25,61048200,TSLA,229.37483444213868,221.20233428955078,222.2293667602539,0.03497015710402862,0.022718511486473733,-0.21979643152833522,53.47130320726852,3.186658342816287,4.375152017605699,229.37483444213868,247.75613783842635,210.993531045851,0.16027306082633475
2021-08-19,224.49000549316406,228.85000610351562,222.52999877929688,226.07000732421875,42940500,TSLA,229.7783348083496,221.70026763916016,222.68430015563965,-0.02252568828990298,0.02327609468243533,-0.2373710539143979,46.03935084313804,2.4011017221318127,3.980341958510922,229.7783348083496,247.29627156609735,212.26039805060185,0.15247683618526411
2021-08-20,226.75332641601562,230.7100067138672,224.56666564941406,227.61666870117188,44525700,TSLA,230.39300079345702,222.16786743164062,223.11156677246095,0.010082056516856674,0.023187010417587414,-0.22968218577857197,40.67235709137917,1.938823967895587,3.572038360387855,230.39300079345702,246.44957333772032,214.33642824919372,0.139384204285422
2021-08-23,235.43333435058594,237.3766632080078,226.9166717529297,228.47999572753906,60794700,TSLA,231.2043342590332,222.81060089111327,223.58710014343262,0.03827951753459802,0.02414775238425818,-0.20019479150186953,49.06328171003566,2.246967967557765,3.307024281821837,231.2043342590332,246.5029055290189,215.9057629890475,0.13233810100502458
2021-08-24,236.163330078125,238.4066619873047,234.2133331298828,236.89332580566406,39249300,TSLA,232.26616744995118,223.4159341430664,224.03776679992677,0.0031006472789958384,0.023516621225962372,-0.1977148776584131,49.34192877200864,2.521018133962201,3.14982305224991,232.26616744995118,245.63383632771382,218.89849857218854,0.11510646621095266
2021-08-25,237.06666564941406,238.99000549316406,234.6666717529297,235.67666625976562,37936800,TSLA,233.3365005493164,224.16153411865236,224.50651679992677,0.0038250458739306215,0.02351534906132681,-0.19464610026148443,49.0660498332775,2.779061208667258,3.07567068353338,233.3365005493164,244.3213423699309,222.35165872870192,0.09415450900098513
2021-08-26,233.72000122070312,238.46665954589844,232.5399932861328,236.10333251953125,39642900,TSLA,233.73333358764648,224.80346740722655,224.97301681518556,-0.01411697599720807,0.02167593516873498,-0.206015261933351,50.57819235389726,2.6825911138105596,2.997054769588816,233.73333358764648,244.1267968957316,223.33987027956138,0.08893436933921717
2021-08-27,237.30667114257812,238.3333282470703,234.03334045410156,235.0,41501400,TSLA,234.14533386230468,225.4389340209961,225.47561683654786,0.015346011908018431,0.021701246299482283,-0.1938307626881953,49.471997822573925,2.8625544108808754,2.970154697847228,234.14533386230468,244.41240380673145,223.87826391787792,0.08769826650028043
2021-08-30,243.6366729736328,243.6666717529297,237.57666015625,238.24000549316406,55812600,TSLA,234.49933395385742,226.15626739501954,225.99858352661133,0.02667435264494311,0.02129058731981607,-0.17232672016063535,55.52096433399415,3.475887004386152,3.071301159155013,234.49933395385742,245.57301155587166,223.42565635184317,0.09444527978227193
2021-08-31,245.24000549316406,246.79666137695312,242.14666748046875,244.3333282470703,62566200,TSLA,234.93233413696288,226.92220092773437,226.53851692199706,0.00658083407543808,0.021314393257482085,-0.16687993963733885,57.26184782652727,4.044708160349927,3.265982559393996,234.93233413696288,246.98273843144378,222.88192984248198,0.10258617093937908
2021-09-01,244.69667053222656,247.3300018310547,243.7566680908203,244.69332885742188,39612900,TSLA,235.3185012817383,227.6580676269531,227.08116691589356,-0.0022155233598404322,0.021335401368436483,-0.168725736592624,53.30173324751644,4.400929261040488,3.492971899723295,235.3185012817383,248.11613483672645,222.52086772675014,0.1087686134773229
2021-09-02,244.1300048828125,246.99000549316406,243.51333618164062,244.8333282470703,38331900,TSLA,235.61450119018554,228.16353424072267,227.62166694641112,-0.002315788147756681,0.021338777465071894,-0.17065079167935798,54.32583144029581,4.5846627295935605,3.711310065697348,235.61450119018554,248.95602118579995,222.27298119457112,0.11324871710544918
2021-09-03,244.52333068847656,244.6666717529297,241.39999389648438,244.0833282470703,45738300,TSLA,236.1890007019043,228.52186737060546,228.1082669067383,0.0016111325842673718,0.02063105775973059,-0.16931460014609623,66.22178022879426,4.707743001651465,3.910596652888172,236.1890007019043,250.0422587152334,222.33574268857518,0.11730654663985306
2021-09-07,250.97332763671875,253.39999389648438,246.4199981689453,246.6666717529297,60119400,TSLA,236.84166717529297,229.0622006225586,228.55206687927247,0.02637783858939624,0.020917779594903575,-0.14740291475018188,80.07449753784942,5.265053592420969,4.181488040794731,236.84166717529297,252.1878211505145,221.49551320007143,0.1295899843828023
2021-09-08,251.2899932861328,254.81666564941406,246.92333984375,253.86000061035156,56379000,TSLA,237.57300033569337,229.49653381347656,228.97640014648437,0.0012617502122473923,0.02083436969561782,-0.14632715019690642,76.44710094654059,5.66695341086978,4.478581114809741,237.57300033569337,254.22214419326573,220.923856478121,0.14016023566690608
2021-09-09,251.6199951171875,254.03334045410156,250.5433349609375,251.1366729736328,42233100,TSLA,238.35699996948242,229.9905337524414,229.41848342895508,0.001313231087076927,0.02078806460019228,-0.1452060804723515,87.63525370057172,5.9435764527486015,4.771580182397513,238.35699996948242,256.12171798852296,220.59228195044184,0.14905975508430655
2021-09-10,245.42333984375,254.20333862304688,244.83999633789062,253.1999969482422,45552600,TSLA,238.5906669616699,230.36766723632812,229.77585014343262,-0.024627038366134335,0.021286151051178048,-0.16625712312369723,73.35114565004142,5.598250763430798,4.9369142986041705,238.5906669616699,256.6090460856525,220.57228783768733,0.1510401002137881
2021-09-13,247.6666717529297,248.25999450683594,236.28334045410156,246.73666381835938,68857500,TSLA,239.0211669921875,230.80153411865234,230.08855018615722,0.00914066245943812,0.02126502299043623,-0.15863616090821006,68.23694904088849,5.4428539709547294,5.038102233074283,239.0211669921875,257.4921657812582,220.55016820311675,0.15455533935766003
2021-09-14,248.163330078125,251.49000549316406,245.46665954589844,247.52333068847656,55574700,TSLA,239.9931671142578,231.23880065917967,230.3727001953125,0.0020053498586631857,0.018418321018700622,-0.15694893205240304,68.01442561426143,5.2986969888770545,5.090221184234838,239.9931671142578,258.2269270003104,221.75940722820522,0.15195232518742274
2021-09-15,251.94332885742188,252.2866668701172,246.1199951171875,248.3333282470703,46073100,TSLA,241.49516677856445,231.8804672241211,230.65615020751954,0.015231899000174076,0.016708343772969668,-0.1441076633334363,70.55735882586369,5.426907837291395,5.15755851484615,241.49516677856445,258.35169322738386,224.63864032974507,0.13960135661245548
2021-09-16,252.3300018310547,252.97000122070312,249.20333862304688,250.94332885742188,41770200,TSLA,242.62850036621094,232.62940063476563,230.9718002319336,0.0015347617076681974,0.015325266341109017,-0.14279407254923387,78.00744308492585,5.496358535942392,5.225318519065398,242.62850036621094,259.18074104206954,226.07625969035232,0.13644102527836188
2021-09-17,253.163330078125,253.67999267578125,250.0,252.38333129882812,84612600,TSLA,244.062166595459,233.3406005859375,231.26301689147948,0.0033025333532406,0.01392300138402597,-0.1399631213832322,76.02014142061616,5.5546112393703595,5.291177063126391,244.062166595459,258.8750973106474,229.2492358802706,0.12138653787943558
2021-09-20,243.38999938964844,247.3333282470703,239.5399932861328,244.85333251953125,74273100,TSLA,244.8940002441406,233.8287338256836,231.53193351745605,-0.03860484330594227,0.01708986294599611,-0.17316471031956424,49.636317333935644,4.757311493523815,5.184403949205876,244.8940002441406,257.28479282560454,232.5032076626767,0.10119310860299766
2021-09-21,246.4600067138672,248.24667358398438,243.47999572753906,244.92999267578125,48992100,TSLA,245.4453338623047,234.18660064697266,231.7752668762207,0.012613531089680885,0.0152163686669245,-0.16273539768713471,51.72414090540148,4.323332943655544,5.01218974809581,245.4453338623047,257.01793827034294,233.87272945426645,0.0942988340901237
2021-09-22,250.64666748046875,251.22332763671875,246.3733367919922,247.8433380126953,45378900,TSLA,246.16950073242188,234.7426007080078,232.03010025024415,0.0169871810945057,0.0155628066352977,-0.14851263226362674,57.62364654217455,4.268031144443171,4.863358027365283,246.16950073242188,257.0907932602359,235.24820820460786,0.08872985886001453
2021-09-23,251.2133331298828,252.73333740234375,249.30667114257812,251.6666717529297,35842500,TSLA,246.8768341064453,235.41100067138672,232.21656692504882,0.00226081461648886,0.015562882078000703,-0.14658757717689275,59.075767831077364,4.221269089806185,4.734940239853463,246.8768341064453,257.12765408325953,236.62601412963107,0.08304400057556155
2021-09-24,258.1300048828125,258.26666259765625,248.18666076660156,248.6300048828125,64119000,TSLA,248.0973342895508,236.23626739501952,232.42408363342284,0.027533059916662994,0.015931597229202062,-0.12309052180567959,64.93707589252064,4.6882838125914645,4.725608954401064,248.0973342895508,257.53260864682073,238.66205993228084,0.07606107001744868
2021-09-27,263.78668212890625,266.3333435058594,256.4366760253906,257.7066650390625,84212100,TSLA,249.42133483886718,237.21720092773438,232.73555038452147,0.02191406322043732,0.016219006547107593,-0.10387387206192854,64.31553307689109,5.4519957111846225,4.870886305757776,249.42133483886718,259.8593583038785,238.9833113738559,0.08369792000154698
2021-09-28,259.1866760253906,265.21331787109375,255.39332580566406,262.3999938964844,76144200,TSLA,250.19883499145507,238.0928012084961,232.98636711120605,-0.01743835612317879,0.016177178264566137,-0.11950083861219789,58.05181432923822,5.621262430187329,5.020961530643687,250.19883499145507,261.12762874841445,239.2700412344957,0.08736086846553562
2021-09-29,260.4366760253906,264.5,256.8933410644531,259.9333190917969,62828700,TSLA,250.95866851806642,238.8982012939453,233.27190048217773,0.004822778775393388,0.016162744339481065,-0.11525438594490518,58.82432894720766,5.789533934475088,5.174676011409968,250.95866851806642,262.5300441897741,239.3872928463587,0.0922173817707731
2021-09-30,258.49334716796875,263.0433349609375,258.3333435058594,260.3333435058594,53868000,TSLA,251.64850234985352,239.69946838378905,233.49798385620116,-0.0074618094773734045,0.016296180734002838,-0.121856189152926,64.2987445972141,5.700369603801079,5.27981472988819,251.64850234985352,263.29279926174246,240.0042054379646,0.09254413837679418
2021-10-01,258.40667724609375,260.260009765625,254.52999877929688,259.4666748046875,51094200,TSLA,252.3623359680176,240.53920196533204,233.7346006011963,-0.0003352887910832436,0.016268984949360563,-0.12215062092966211,62.33160176952389,5.558636193080076,5.335579022526567,252.3623359680176,263.81479877183517,240.90987316419998,0.09076206051024184
2021-10-04,260.510009765625,268.989990234375,258.7066650390625,265.5,91449900,TSLA,253.161669921875,241.4602020263672,233.99920066833496,0.008139621398127295,0.016305692780695744,-0.11500525933944852,63.67194179448967,5.552032426203425,5.378869703261939,253.161669921875,264.54180667472724,241.78153316902277,0.0899041055967447
2021-10-05,260.1966552734375,265.7699890136719,258.0666809082031,261.6000061035156,55297800,TSLA,253.62283630371093,242.28000183105468,234.20701728820802,-0.001202850103416031,0.015391749477546053,-0.11606977535477474,59.89923059466029,5.458590570428072,5.394813876695165,253.62283630371093,265.37115643217965,241.8745161752422,0.09264402448681883
2021-10-06,260.9166564941406,262.2200012207031,257.739990234375,258.73333740234375,43898400,TSLA,254.10416946411132,243.19980163574218,234.35326721191407,0.0027671424905384434,0.015392044223206384,-0.1136238144714877,60.21733407170028,5.380610973732217,5.391973296102576,254.10416946411132,266.23272122340023,241.97561770482244,0.09546125736438879
2021-10-07,264.53668212890625,268.3333435058594,261.1266784667969,261.82000732421875,57587400,TSLA,254.75000381469727,244.17733520507812,234.59285064697266,0.013874260399496352,0.015617387399877398,-0.1013260004615529,62.6915660861706,5.546975317855129,5.422973700453087,254.75000381469727,267.67128414144645,241.82872348794808,0.10144282734651498
2021-10-08,261.8299865722656,265.4599914550781,260.3033447265625,265.4033203125,50215800,TSLA,255.57033615112306,244.8982681274414,234.83476722717285,-0.010231834522373306,0.014593577745881397,-0.11052108411438964,74.43023286372448,5.398185624910553,5.418016085344581,255.57033615112306,268.0749723209885,243.0656999812576,0.09785671027541501
2021-10-11,263.9800109863281,267.0799865722656,261.8333435058594,262.54998779296875,42600900,TSLA,256.386003112793,245.59653503417968,235.07803398132324,0.008211528565575943,0.014575616900527263,-0.10321710258811752,73.7913497604477,5.391606637828886,5.412734195841442,256.386003112793,268.84804328821565,243.92396293737036,0.09721310854820858
2021-10-12,268.5733337402344,270.7733459472656,265.5233459472656,266.9766540527344,66060000,TSLA,257.40650329589846,246.23686828613282,235.31795066833496,0.01740026730336086,0.014906608393485694,-0.08761284046006831,74.07765072177085,5.691428259226626,5.468473008518479,257.40650329589846,270.36617254808584,244.44683404371108,0.10069418671438736
2021-10-13,270.3599853515625,271.8033447265625,268.59332275390625,270.15667724609375,42360300,TSLA,258.3273361206055,246.91246795654297,235.5636006164551,0.006652379022320076,0.014690245294118524,-0.0815432952597106,74.9002141966712,6.003996572516257,5.575577721318035,258.3273361206055,272.235036671769,244.4196355694419,0.10767502007352764
2021-10-14,272.7733459472656,273.4166564941406,271.1166687011719,271.8299865722656,36741600,TSLA,259.349503326416,247.62846832275392,235.8174839782715,0.008926471099504285,0.014727508887451966,-0.07334471802870046,71.57020082552715,6.37298345725776,5.73505886850598,259.349503326416,274.36239115722833,244.33661549560372,0.11577340722274032
2021-10-15,281.010009765625,281.07000732421875,274.1166687011719,274.5799865722656,56773800,TSLA,260.741837310791,248.48446838378905,236.06456733703612,0.030195999501915205,0.015845172739059006,-0.04536343559584802,73.57845922459893,7.246504956941351,6.037348086193054,260.741837310791,278.2901119365011,243.19356268508096,0.13460267678326907
2021-10-18,290.03668212890625,291.7533264160156,283.8233337402344,283.92999267578125,72621600,TSLA,263.0741714477539,249.62453521728514,236.33863410949706,0.03212224493643445,0.013188429368904587,-0.01469836604878154,87.6677996770138,8.568383073058499,6.543555083566144,263.0741714477539,283.1321412734413,243.01620162206652,0.15248908484861168
2021-10-19,288.0899963378906,292.6499938964844,287.5033264160156,292.510009765625,52143300,TSLA,265.1556709289551,250.62793518066405,236.56280075073244,-0.006711860640270406,0.013602523467814804,-0.02131157330449284,83.19982237620192,9.351106000384789,7.105065266929873,265.1556709289551,286.5499074995504,243.7614343583598,0.16137114092745614
2021-10-20,288.6000061035156,289.8299865722656,285.7933349609375,288.45001220703125,42096300,TSLA,267.05333786010743,251.6666687011719,236.7806174468994,0.0017703140411262641,0.013493879197659335,-0.01957898744082595,87.43354974330565,9.89846968827851,7.6637461511996,267.05333786010743,289.72370492077437,244.3829707994405,0.16978156680103001
2021-10-21,298.0,300.0,285.1666564941406,285.3333435058594,94444500,TSLA,269.3926712036133,252.90786865234375,237.0106507873535,0.03257101073349511,0.014573526242152874,0.0,89.971618602324,10.964369872093982,8.323870895378477,269.3926712036133,294.6849910929098,244.1003513143168,0.18777288763123007
2021-10-22,303.2266540527344,303.3333435058594,296.9866638183594,298.5,68642400,TSLA,271.6475036621094,254.15740173339844,237.166717376709,0.01753910755951127,0.014055036240052103,0.0,90.56652440618372,12.091467833739046,9.07739028305059,271.6475036621094,300.50208359605097,242.79292372816778,0.21244134067090534
2021-10-25,341.6199951171875,348.3399963378906,314.73333740234375,316.84332275390625,188556300,TSLA,275.53916931152344,256.20866821289064,237.40811737060548,0.12661598362581983,0.02995123512959401,0.0,94.87118253211187,15.899443953175364,10.441801017075544,275.53916931152344,317.8070942783289,233.27124434471796,0.3068015706980487
2021-10-26,339.4766540527344,364.9800109863281,333.8133239746094,341.5633239746094,187245000,TSLA,279.5536682128906,258.4237347412109,237.7535173034668,-0.006274050392506725,0.029445785724743188,-0.006274050392506694,92.62455939098263,18.53073200795484,12.059587215251405,279.5536682128906,329.7837010083903,229.3236354173909,0.3593587815649599
2021-10-27,345.9533386230469,356.9599914550781,343.59332275390625,346.5533447265625,115579500,TSLA,283.8295013427734,260.9047348022461,238.0675506591797,0.019078438805710585,0.029385197829852654,0.0,92.84631600451098,20.89776464328611,13.827222700858346,283.8295013427734,341.25188609538225,226.4071165901646,0.40462590732075676
2021-10-28,359.0133361816406,360.3333435058594,351.3999938964844,356.10333251953125,81639600,TSLA,288.85550079345705,263.4917349243164,238.4386006164551,0.03775074872979922,0.029331037348551345,0.0,96.11817127524367,23.555949394806362,15.772968039647951,288.85550079345705,354.0156980224197,223.6953035644944,0.45116120032316603
2021-10-29,371.3333435058594,371.7366638183594,357.7366638183594,360.6199951171875,89755200,TSLA,294.5018341064453,266.4286016845703,238.88693405151366,0.03431629436179362,0.029280083080350634,0.0,96.4598745099448,26.352921514940135,17.88895873470639,294.5018341064453,367.63564912968434,221.36801908320626,0.4966611854566951
2021-11-01,402.86334228515625,403.25,372.88665771484375,381.6666564941406,168146100,TSLA,301.6195007324219,269.95080200195315,239.52431747436523,0.0849102277797451,0.03266293636061032,0.0,97.12920259126192,30.759176822054997,20.46300235217611,301.6195007324219,387.4334789129887,215.80552255185512,0.5690214191866567
2021-11-02,390.6666564941406,402.86334228515625,382.0,386.4533386230469,128213400,TSLA,308.143000793457,273.0554684448242,240.07006744384765,-0.03027499529203259,0.03437595218722289,-0.030274995292032605,89.34674099100224,32.88788422951927,22.947978727644745,308.143000793457,400.30031172997377,215.98568985694027,0.5981463846280138
2021-11-03,404.6199951171875,405.1300048828125,384.2066650390625,392.4433288574219,103885500,TSLA,315.3281677246094,276.42460174560546,240.67575073242188,0.03571673801973452,0.03424239549774031,0.0,90.09445002400831,35.29397107162731,25.41717719644126,315.3281677246094,414.1491730207665,216.50716242845226,0.6267819713617342
2021-11-04,409.9700012207031,414.4966735839844,405.6666564941406,411.4700012207031,76192200,TSLA,322.5998336791992,279.88266845703123,241.31728408813476,0.013222297879683653,0.034251556728604235,0.0,89.91743443903765,37.203652462486616,27.77447224965033,322.5998336791992,426.93362675160677,218.26604060679162,0.6468310406890013
2021-11-05,407.36334228515625,413.2900085449219,402.6666564941406,409.3333435058594,64886400,TSLA,329.8765014648437,283.3555352783203,241.94303421020507,-0.006358169933862068,0.034066132070383566,-0.00635816993386208,87.81963958136097,38.06792973439843,29.833163746599954,329.8765014648437,436.6366329773539,223.11636995233357,0.6472733343444169
2021-11-08,387.64666748046875,399.0,377.6666564941406,383.2633361816406,100337100,TSLA,336.0598342895508,286.3623352050781,242.41326751708985,-0.04840070953386311,0.037524598253225336,-0.05445113953158938,78.79301180944258,36.73840733071444,31.214212463422854,336.0598342895508,441.06065585061344,231.05901272848814,0.6248936102884193
2021-11-09,341.1666564941406,391.5,337.17333984375,391.20001220703125,177317400,TSLA,339.6895004272461,288.3129348754883,242.64728408813477,-0.11990303254359846,0.0488757065506247,-0.16782531531989564,62.0095579823599,31.570280271018817,31.285426024942048,339.6895004272461,439.77128999177114,239.60771086272112,0.5892545365025804
2021-11-10,355.98333740234375,359.3666687011719,329.10333251953125,336.8033447265625,128408100,TSLA,343.97066802978514,290.5278015136719,242.98693405151369,0.043429451929624774,0.04930738487338766,-0.1316844248545303,62.927122792283235,28.343360051444222,30.697012830242485,343.97066802978514,438.750269880884,249.1910661786863,0.5510911868967366
2021-11-11,354.5033264160156,368.3233337402344,351.55999755859375,367.5899963378906,67189800,TSLA,348.05716705322266,292.7239346313477,243.3670674133301,-0.004157528824601631,0.04947887734526651,-0.1352944718870481,61.62612757731959,25.374081395586757,29.63242654331134,348.05716705322266,436.7648005455449,259.3495335609004,0.5097302505985039
2021-11-12,344.47332763671875,351.5,339.73333740234375,349.1666564941406,76719300,TSLA,351.23033294677737,294.7308010864258,243.76688400268554,-0.02829310201599211,0.05021650157500724,-0.15975967360774018,50.74243627854709,21.95844629084752,28.097630492818578,351.23033294677737,434.19399412055037,268.26667177300436,0.4724174047139867
2021-11-15,337.7966613769531,343.99334716796875,326.20001220703125,339.2099914550781,104326800,TSLA,353.6183319091797,296.5962677001953,244.05618392944336,-0.01938224449936754,0.05041991610249607,-0.17604541705210336,49.572941313370315,18.499528643439817,26.178010122942826,353.6183319091797,431.7758691198559,275.4607946985035,0.4420446009611827
2021-11-16,351.57666015625,352.3999938964844,334.05999755859375,334.4366760253906,79627200,TSLA,356.7926651000977,298.60833435058595,244.3594172668457,0.04079376842602822,0.05076561257856112,-0.14243320460176223,51.378287143591244,16.67798875229863,24.27800584881399,356.7926651000977,428.647095128924,284.9382350712714,0.4027797488979637
2021-11-17,363.0033264160156,373.21331787109375,351.8333435058594,354.5033264160156,94336200,TSLA,360.51283111572263,300.8426010131836,244.74995056152343,0.032501208284666294,0.05092892024882347,-0.1145612475665103,50.98584777902243,15.97232274147359,22.616869227345912,360.51283111572263,424.8083194806908,296.2173427507545,0.356689043027873
2021-11-18,365.4599914550781,370.6666564941406,358.3399963378906,368.8500061035156,62696700,TSLA,363.8858306884766,303.1194009399414,245.1606005859375,0.006767610267700563,0.05072734394099296,-0.1085689431741214,48.474454496482316,15.433403018256968,21.180175985528127,363.8858306884766,421.0562122056496,306.71544917130353,0.31422153156667826
2021-11-19,379.0199890136719,379.5733337402344,364.23333740234375,366.2900085449219,64926900,TSLA,367.6754974365234,305.79133392333983,245.63531723022462,0.03710391800920432,0.05103803647215408,-0.0754933583307956,43.169270297382354,15.917002436157304,20.12754127565396,367.6754974365234,417.49078792417174,317.8602069488751,0.27097421957659057
2021-11-22,385.6233215332031,400.6499938964844,377.4766540527344,387.4433288574219,99217500,TSLA,369.8756637573242,308.5504669189453,246.12440048217775,0.017422122080461122,0.04346154115888619,-0.05938649075543753,48.507330033791455,16.641262096342018,19.430285439791575,369.8756637573242,418.7231074595724,321.028220055076,0.26412899516577576
2021-11-23,369.6766662597656,393.5,354.23333740234375,389.1700134277344,108515100,TSLA,371.38566436767576,310.9807336425781,246.55701721191406,-0.041352932727292124,0.04471510762841977,-0.09828361792561012,39.77846951500928,15.7469601319807,18.6936203782294,371.38566436767576,418.09683369416894,324.6744950411826,0.25155073988127136
2021-11-24,372.0,377.5899963378906,354.0,360.1300048828125,67680600,TSLA,372.68799743652346,313.3818670654297,247.07565048217774,0.006284772484400847,0.04459814529007497,-0.0926165356188156,38.692899506475726,15.052180827135373,17.965332468010594,372.68799743652346,417.839989060892,327.53600581215494,0.24230451173603382
2021-11-26,360.6400146484375,369.59332275390625,360.3333435058594,366.489990234375,35042700,TSLA,372.76933135986326,315.54806732177735,247.5260838317871,-0.030537595031082,0.044540973947703136,-0.12032584439198842,36.77566895146844,13.43009358501348,17.058284691411174,372.76933135986326,417.82336062300226,327.71530209672426,0.2417260513292862
2021-11-29,378.9966735839844,380.8900146484375,366.7300109863281,366.9966735839844,58393500,TSLA,373.15249786376955,318.06473419189456,248.06086715698243,0.050900227900227524,0.04533736663215385,-0.07555022939360038,47.5327556644437,13.47052687353704,16.340733127836348,373.15249786376955,418.2853841690678,328.0196115584713,0.24190049142737008
2021-11-30,381.586669921875,389.3333435058594,372.6666564941406,381.4566650390625,81276000,TSLA,372.08866424560546,320.82866760253904,248.64176712036132,0.006833823403773698,0.04097597757857096,-0.06923270291561712,65.37974464535328,13.555304492656035,15.783647400800286,372.08866424560546,415.2320211591481,328.94530733206284,0.23189826006128947
2021-12-01,365.0,390.9466552734375,363.586669921875,386.8999938964844,68450400,TSLA,370.8053314208984,323.19946746826173,249.13651718139647,-0.04346763456194869,0.04155910567625226,-0.1096909556474938,53.38522690087746,12.144096143580839,15.055737149356398,370.8053314208984,413.1412746405792,328.46938820121767,0.22834592511090698
2021-12-02,361.5333251953125,371.0,352.2166748046875,366.35333251953125,73114800,TSLA,368.6509979248047,325.4172006225586,249.63188385009767,-0.00949773919092467,0.04058667950377913,-0.11814687875007528,52.60055754859246,10.623510459531644,14.169291811391448,368.6509979248047,408.02315742263283,329.27883842697656,0.21360126363124096
2021-12-03,338.3233337402344,363.52667236328125,333.4033203125,361.5966796875,92322000,TSLA,365.06866455078125,327.15940063476563,250.02133392333985,-0.06419876077133224,0.04242720871189804,-0.17476075631665183,47.92710752074765,7.459593463252929,12.827352141763745,365.06866455078125,401.5425569157801,328.5947721857824,0.1998193540378501
2021-12-06,336.336669921875,340.5466613769531,316.8333435058594,333.836669921875,81663000,TSLA,361.5173309326172,328.72353393554687,250.51218391418456,-0.005872086315763081,0.04242874532186109,-0.17960663238671548,49.491835008734434,4.7372511990257635,11.20933195321615,361.5173309326172,394.2959705002734,328.73869136496097,0.181339243034884
2021-12-07,350.5833435058594,352.5566711425781,342.2699890136719,348.0666809082031,56084700,TSLA,359.6641647338867,330.45946716308595,251.10036727905273,0.04235837141187604,0.0428054871340854,-0.14485610541751212,49.65538547932959,3.6868629736496814,9.704838157302857,359.6641647338867,390.3466185229834,328.98171094479,0.17061724129118325
2021-12-08,356.32000732421875,357.4599914550781,344.3333435058594,350.9033203125,41906400,TSLA,360.4218322753906,332.4021337890625,251.64526733398438,0.016363195584229162,0.03316426750624213,-0.13086321861779943,47.586028708091774,3.2795193070999176,8.419774387262269,360.4218322753906,389.90601531648093,330.9376492343003,0.16360930665577486
2021-12-09,334.6000061035156,354.163330078125,334.1199951171875,353.5466613769531,59438400,TSLA,359.35266571044923,333.885400390625,252.18123405456544,-0.06095644581905246,0.03459991341250989,-0.1838427077414692,40.2151880655523,1.1903522993812317,6.973889969686061,359.35266571044923,390.98695793912225,327.7183734817762,0.17606265514202452
2021-12-10,339.010009765625,340.32666015625,327.510009765625,336.25,59664300,TSLA,358.5779998779297,335.4957336425781,252.7504507446289,0.013179927022311633,0.03477346276847504,-0.1730858141907743,36.53255379029791,-0.10822956324301458,5.557466063100246,358.5779998779297,391.4470079301444,325.708991825715,0.18332975287610664
2021-12-13,322.13665771484375,335.0,317.1400146484375,333.6966552734375,78595500,TSLA,357.46116638183594,336.7703332519531,253.1637506866455,-0.04977243020772948,0.03595129698515704,-0.2142433427917454,30.012173339905203,-2.4704260059511967,3.9518876492899575,357.46116638183594,393.69389025798154,321.22844250569034,0.202722573995309
2021-12-14,319.5033264160156,322.13665771484375,310.0,315.0,70806300,TSLA,356.54649963378904,337.95019958496096,253.61720062255858,-0.008174578197676419,0.035764879332533105,-0.22066657203043913,32.758302459192436,-4.503063026145298,2.260897514202907,356.54649963378904,395.67710787186354,317.41589139571454,0.2194979239917698
2021-12-15,325.3299865722656,326.25,309.4166564941406,317.7366638183594,75169200,TSLA,355.23416595458986,339.2528662109375,254.15518386840822,0.018236618133556703,0.03467798202878828,-0.2064541659058425,34.33927129336958,-5.57946315171165,0.6928253810199956,355.23416595458986,396.7540999615206,313.71423194765913,0.2337609272202623
2021-12-16,308.97332763671875,331.6600036621094,307.2833251953125,331.5,82771500,TSLA,352.532666015625,340.21399963378906,254.66431716918945,-0.050277132790258694,0.03511800005815046,-0.24635137518175107,33.22510161957183,-7.664017659173794,-0.9785432270187623,352.532666015625,398.6955165134617,306.3698155177883,0.2618926127872114
2021-12-17,310.8566589355469,320.2200012207031,303.0133361816406,304.92333984375,100437300,TSLA,349.80249938964846,341.14039916992186,255.22201713562012,0.006095449446181567,0.03510401377150738,-0.24175754808898714,25.226618416083184,-9.059639147915163,-2.5947624111980425,349.80249938964846,399.09857431809206,300.50642446120486,0.28185090166283927
2021-12-20,299.9800109863281,307.2300109863281,297.7966613769531,303.5666809082031,56480100,TSLA,345.8505004882812,341.9033996582031,255.7835838317871,-0.03498927121736173,0.03396953829615873,-0.2682878988874189,22.016734578467904,-10.91748386412695,-4.259306701783824,345.8505004882812,397.8813456119735,293.819655364589,0.3008863370169115
2021-12-21,312.84332275390625,313.1666564941406,295.3733215332031,305.6233215332031,71517900,TSLA,342.2115005493164,342.8806658935547,256.22516708374025,0.04288056302579579,0.03553439622760462,-0.23691167201892346,31.646600819071452,-11.222511305749663,-5.6519476225769925,342.2115005493164,392.6871165224267,291.73588457620605,0.2949966081916423
2021-12-22,336.2900085449219,338.5533447265625,319.01666259765625,321.88665771484375,93634200,TSLA,340.5421676635742,344.23499938964846,256.7931838226318,0.07494705523716627,0.03940407525347249,-0.17972044895088893,42.21221686219298,-9.4632101635126,-6.414200130764114,340.5421676635742,389.374830118869,291.70950520827944,0.2867936314044795
2021-12-23,355.6666564941406,357.6600036621094,332.5199890136719,335.6000061035156,92713200,TSLA,339.7255004882812,345.9411328125,257.4055171203613,0.05761886305530961,0.0417124010112489,-0.13245687383191937,55.48018571683698,-6.431281965941707,-6.417616497799633,339.7255004882812,386.85980674139455,292.5911942351679,0.2774846526702767
2021-12-27,364.64666748046875,372.3333435058594,356.90667724609375,357.8900146484375,71145900,TSLA,339.9258331298828,347.7785992431641,258.07253379821776,0.025248391499066658,0.0415273756688324,-0.11055280534010348,58.56684648823402,-3.266194530577195,-5.787332104355146,339.9258331298828,387.4667261571042,292.3849401026614,0.2797133279897348
2021-12-28,362.8233337402344,373.0,359.47332763671875,369.8299865722656,60324000,TSLA,339.11716613769534,349.41486572265626,258.7067504882813,-0.005000275342793459,0.03986645114023461,-0.11500028621627813,54.0050583483518,-0.8946547068707105,-4.808796624858259,339.11716613769534,384.3541666804467,293.88016559494395,0.2667927492905702
2021-12-29,362.0633239746094,368.0,354.71331787109375,366.21331787109375,56154000,TSLA,338.14099884033203,350.8553985595703,259.38893379211424,-0.0020947102761840197,0.039819096800084886,-0.11685410421116077,51.942541152698766,0.9129572501357757,-3.6644458498594528,338.14099884033203,380.25398944006207,296.028008240602,0.24908538594348636
2021-12-30,356.7799987792969,365.1833190917969,351.04998779296875,353.77667236328125,47040900,TSLA,337.72999877929686,352.22919860839846,260.0031504821777,-0.014592268383646134,0.03874027787819396,-0.12974120614442705,58.44030513557556,1.8973115342026858,-2.552094373047025,337.72999877929686,378.8889252815317,296.571072277062,0.243738647150097
2021-12-31,352.260009765625,360.6666564941406,351.5299987792969,357.8133239746094,40733700,TSLA,337.2663330078125,353.5023986816406,260.67585052490233,-0.012668840823859995,0.038785827977776494,-0.14076637627934768,55.037896544522056,2.2863385700966887,-1.5844077844182824,337.2663330078125,377.49461580073597,297.038050214889,0.2385549867024032
2022-01-03,399.9266662597656,400.3566589355469,378.67999267578125,382.5833435058594,103931400,TSLA,340.34649963378905,355.54093200683593,261.5840338897705,0.1353166841897706,0.046461117870193365,-0.024497731373107894,73.96538448158988,6.367545015755923,0.005982775616558689,340.34649963378905,389.38450118584467,291.30849808173343,0.28816515877095983
2022-01-04,383.1966552734375,402.6666564941406,374.3500061035156,396.51666259765625,100248300,TSLA,342.6894989013672,357.14033203125,262.38335052490237,-0.041832696836128,0.047760597290855925,-0.06530562203953179,68.05435242398212,8.157919046741938,1.6363700298416346,342.6894989013672,395.2706858005621,290.1083120021723,0.306873639652021
2022-01-05,362.7066650390625,390.11334228515625,360.336669921875,382.2166748046875,80119800,TSLA,343.29566497802733,357.5620654296875,263.09328384399413,-0.05347121367683638,0.04888316562032216,-0.11528486484599368,59.781571662394136,7.833136869453199,2.875723397763948,343.29566497802733,396.5354130615839,290.0559168944708,0.3101684845741595
2022-01-06,354.8999938964844,362.6666564941406,340.1666564941406,359.0,90336600,TSLA,343.22466430664065,357.8705322265625,263.8173338317871,-0.02152337383085412,0.049063774762895744,-0.134326919433728,62.582191724702305,6.866656988472073,3.673910115905573,343.22466430664065,396.39502074940987,290.05430786387143,0.309828295994872
2022-01-07,342.32000732421875,360.30999755859375,336.6666564941406,360.1233215332031,84164700,TSLA,343.6106643676758,357.79786560058596,264.4616172027588,-0.035446567451716815,0.04768300303907829,-0.16501205867515584,58.142550370129925,5.027659212839183,3.944659935292295,343.6106643676758,396.6292630395929,290.59206569575866,0.3085969335060294
2022-01-10,352.7066650390625,353.0333251953125,326.6666564941406,333.3333435058594,91815000,TSLA,344.29549713134764,357.6717321777344,265.1939672088623,0.03034195341380186,0.048044354309355455,-0.13967689345839113,63.68007748111628,4.358119015874024,4.027351751408641,344.29549713134764,397.4176153547059,291.1733789079894,0.30858444949741726
2022-01-11,354.79998779296875,358.6166687011719,346.2733459472656,351.22332763671875,66063300,TSLA,345.9286636352539,357.34106506347655,265.9491504669189,0.005935024657598653,0.04640823815529095,-0.13457085460756474,61.530148519318786,3.9508740212314706,4.012056205373208,345.9286636352539,398.18369182893656,293.6736354415712,0.30211447438064987
2022-01-12,368.739990234375,371.61334228515625,357.5299987792969,359.6166687011719,83739000,TSLA,348.3904968261719,356.6585980224609,266.73348373413086,0.039289748931841784,0.04686587196471897,-0.10056836076679761,59.40924921638333,4.69880621139589,4.149406206577744,348.3904968261719,400.03938958568074,296.74160406666306,0.29650000921396463
2022-01-13,343.85333251953125,371.8666687011719,342.17999267578125,369.69000244140625,97209900,TSLA,349.31666412353513,355.72233154296873,267.3395337677002,-0.06749107331435766,0.04973236381087541,-0.1612719674715386,46.680655227145465,3.245984876450109,3.9687219405522174,349.31666412353513,399.8772720377608,298.75605620930946,0.2894829425964346
2022-01-14,349.8699951171875,350.6666564941406,337.7933349609375,339.9599914550781,72924300,TSLA,351.3614974975586,354.62733154296876,267.9859671020508,0.017497758575059086,0.04812865284041496,-0.14659610684822133,45.777690111289935,2.550704950861757,3.6851185426141257,351.3614974975586,398.2249634629305,304.49803153218676,0.26675356462867694
2022-01-18,343.5033264160156,356.92999267578125,338.6866760253906,342.2033386230469,66743400,TSLA,352.993830871582,353.297998046875,268.5517337036133,-0.01819724123253097,0.04846609100089983,-0.1621257033606853,44.619180081078035,1.4690197002262835,3.2418987741365575,352.993830871582,396.03529132860524,309.9523704145588,0.2438652276202615
2022-01-19,331.8833312988281,351.5566711425781,331.6666564941406,347.2366638183594,75442500,TSLA,354.58899688720703,351.78839782714846,269.05845039367676,-0.0338278969185718,0.048414952969384285,-0.19046922869812088,42.07402380153971,-0.32214664167372575,2.529089690974501,354.58899688720703,391.2495787955761,317.92841497883796,0.2067778878092521
2022-01-20,332.0899963378906,347.2200012207031,331.3333435058594,336.57666015625,70488600,TSLA,355.55133056640625,350.67726440429686,269.6006170654297,0.0006227038828787723,0.04764340119196516,-0.18996513074352142,43.33818711920946,-1.7053248079474201,1.682206791190117,355.55133056640625,388.4113967402452,322.6912643925673,0.18484006864208144
2022-01-21,314.6333312988281,334.8500061035156,313.5,332.11334228515625,103416000,TSLA,354.46849670410154,350.14659790039065,270.0341170501709,-0.05256606712507206,0.046163214197139764,-0.23254547805450645,40.510133317529096,-4.162131980560616,0.5133390368399705,354.46849670410154,391.20026213973455,317.73673126846853,0.20724981642752563
2022-01-24,310.0,311.1700134277344,283.8233337402344,301.586669921875,151565700,TSLA,352.1851638793945,349.22693115234375,270.45575035095214,-0.014726129872195681,0.04400129680695481,-0.24384711301567966,21.031260340827785,-6.409159675471074,-0.8711607056222385,352.1851638793945,393.9376847577413,310.4326430010477,0.2371055067648727
2022-01-25,306.1333312988281,317.086669921875,301.07000732421875,304.73333740234375,86595900,TSLA,349.2594970703125,348.25953125,270.8164503479004,-0.012473124842489969,0.04339750915696955,-0.25327870237504424,22.931733855744724,-8.405064806614405,-2.3779415258206718,349.2594970703125,395.3140149583738,303.2049791822512,0.2637266460862461
2022-01-26,312.4700012207031,329.2300109863281,302.0,317.4766540527344,104867400,TSLA,346.74183044433596,347.61946472167966,271.10826698303225,0.02069905258271132,0.04386414401538895,-0.23782227897087493,30.40640152810917,-9.367534590162677,-3.775860138689073,346.74183044433596,395.1209361341671,298.3627247545048,0.2790497219665434
2022-01-27,276.3666687011719,311.7966613769531,276.3333435058594,311.1199951171875,147109500,TSLA,342.4569976806641,346.39086486816404,271.26971702575685,-0.11554175561970448,0.050142259831501224,-0.3258856309528054,24.908404336061125,-12.89489174874393,-5.599666460700044,342.4569976806641,399.52256340628185,285.3914319550463,0.33327142451228603
2022-01-28,282.1166687011719,285.8333435058594,264.0033264160156,277.1866760253906,134789100,TSLA,338.7238311767578,345.0016650390625,271.4488836669922,0.020805692766870276,0.050676476394650595,-0.3118602145006769,29.88707358456594,-15.052850870153861,-7.490303342590808,338.7238311767578,401.3427295482675,276.1049328052481,0.36973423543283557
2022-01-31,312.239990234375,312.663330078125,287.3500061035156,290.9033203125,104436000,TSLA,336.7228302001953,343.9863983154297,271.7771169281006,0.10677611383930952,0.05704142430727646,-0.23838332242684307,38.05587852632132,-14.169017115103713,-8.82604609709339,336.7228302001953,400.07387581961336,273.3717845807772,0.3762800733276881
2022-02-01,310.4166564941406,314.5666809082031,301.6666564941406,311.7366638183594,73138200,TSLA,332.24732971191406,342.8855316162109,272.13815017700193,-0.0058395266373975074,0.04661163226930175,-0.24283080330301773,36.8789280358481,-13.46053561546654,-9.75294400076802,332.24732971191406,389.1130514191364,275.3816080046917,0.3423095785692522
2022-02-02,301.88665771484375,310.5,296.4700012207031,309.3933410644531,66792900,TSLA,328.18182983398435,341.3428649902344,272.4492668151855,-0.02747919159891432,0.04622974219898391,-0.2636372007318502,29.583024528889936,-13.432516843267763,-10.488858569267968,328.18182983398435,381.2071361933288,275.1565234746399,0.32314589985782005
2022-02-03,297.0466613769531,312.3333435058594,293.50665283203125,294.0,78855600,TSLA,324.8988296508789,339.5713317871094,272.69430015563967,-0.016032495024879134,0.045157827766237515,-0.2754429336476229,33.71072840108525,-13.643584272707074,-11.11980370995579,324.8988296508789,377.0471352876835,272.7505240140743,0.32101257916404763
2022-02-04,307.7733459472656,312.1666564941406,293.72332763671875,299.0733337402344,73625400,TSLA,322.542497253418,338.33326538085936,273.0336835479736,0.03611110968421327,0.04614205901751716,-0.24927837395210042,35.814899557301445,-12.797778113266133,-11.455398590617857,322.542497253418,373.2211208948352,271.86387361200076,0.314244628679734
2022-02-07,302.4466552734375,315.92333984375,300.9033203125,307.92999267578125,60994500,TSLA,320.54882965087893,336.94219848632815,273.33025016784666,-0.01730718642133755,0.04571064588754825,-0.26227125308464105,36.067688079919684,-12.414187037960914,-11.64715628008647,320.54882965087893,371.088511814065,270.00914748769287,0.31533218959639076
2022-02-08,307.3333435058594,308.7633361816406,298.26666259765625,301.84332275390625,50729100,TSLA,318.28016357421876,335.8760650634766,273.6365835571289,0.0161571905234128,0.045238250034789436,-0.250351629166131,41.27018715097743,-11.582359219246996,-11.634196867918575,318.28016357421876,366.77393589134107,269.78639125709645,0.30472381170442747
2022-02-09,310.6666564941406,315.42333984375,306.6666564941406,311.6666564941406,52259400,TSLA,316.07349700927733,334.5094647216797,274.01535018920896,0.010845920427172029,0.045319007038066975,-0.2422210025877078,42.54771374048719,-10.532744260001436,-11.413906346335148,316.07349700927733,361.489002503956,270.6579915145987,0.28737306939306984
2022-02-10,301.51666259765625,314.60333251953125,298.8999938964844,302.7900085449219,66126900,TSLA,312.7123306274414,332.90806457519534,274.3656002044678,-0.029452771017468238,0.044328542709893906,-0.26453969388033866,45.15739996498242,-10.320279126864762,-11.19518090244107,312.7123306274414,351.1266694864555,274.2979917684273,0.2456848361683575
2022-02-11,286.6666564941406,305.32000732421875,283.5666809082031,303.2099914550781,79645800,TSLA,309.8529968261719,331.3413977050781,274.6706001281738,-0.04925102969626416,0.04323757330626769,-0.3007618712574616,41.9897451069669,-11.220823693184968,-11.20030946058985,309.8529968261719,346.9999061368797,272.70608751546405,0.23977117982529833
2022-02-14,291.9200134277344,299.6266784667969,284.3833312988281,287.19000244140625,67756500,TSLA,306.9554977416992,329.9491314697266,274.9478002166748,0.01832566437213501,0.043263817984037715,-0.28794786799392613,45.16663587927746,-11.37943470977956,-11.236134510427792,306.9554977416992,339.74449737752167,274.16649810587677,0.21364008709441099
2022-02-15,307.4766540527344,307.6666564941406,297.7933349609375,300.0,57286200,TSLA,305.15416412353517,329.3321978759766,275.3436834716797,0.053290764282768466,0.04529276397207269,-0.2500020656701477,48.40216323477425,-10.13303685571799,-11.015514979485832,305.15416412353517,333.0880885216387,277.2202397254316,0.18308073545930773
2022-02-16,307.7966613769531,308.80999755859375,300.4033203125,304.6833190917969,51294300,TSLA,303.94983062744143,328.76139770507814,275.7600000762939,0.0010407532409399955,0.04477431547593264,-0.24922150288929565,63.04473495286458,-9.015510467205388,-10.615514077029744,303.94983062744143,328.9549697151459,278.94469153973694,0.16453464728759062
2022-02-17,292.1166687011719,306.1666564941406,291.3666687011719,304.4200134277344,55178400,TSLA,301.95116424560547,327.59206420898437,276.10235008239744,-0.05094269900666093,0.0460338156922321,-0.2874681858882795,53.834355110336006,-9.28804037094352,-10.3500193358125,301.95116424560547,323.65846162458547,280.24386686662547,0.1437801866617305
2022-02-18,285.6600036621094,295.6233215332031,279.2033386230469,295.3333435058594,68501700,TSLA,300.5024978637695,326.1788641357422,276.4247501373291,-0.022103035296720752,0.04487980673570344,-0.30321730172562733,37.548417570685295,-9.91077593543912,-10.262170655737822,300.5024978637695,322.51122328130697,278.4937724462321,0.1464794840242222
2022-02-22,273.84332275390625,285.57666015625,267.0333251953125,278.0433349609375,83288100,TSLA,298.69466400146484,324.96373046875,276.6733500671387,-0.04136624223452856,0.04560885179879278,-0.33204058360727345,34.33377752783667,-11.228372066277359,-10.45541093784573,298.69466400146484,323.2151936563152,274.1741343466145,0.16418458452763052
2022-02-23,254.67999267578125,278.4333190917969,253.52000427246094,276.80999755859375,95256900,TSLA,296.1219970703125,323.2771301269531,276.89835006713867,-0.06997917599526948,0.04784997908567994,-0.3787838331647176,31.467239382230133,-13.661416766855382,-11.096612103647661,296.1219970703125,327.26023890658547,264.9837552340395,0.2103068474773212
2022-02-24,266.92333984375,267.49334716796875,233.3333282470703,233.4633331298828,135322200,TSLA,293.8446640014648,322.17286376953126,277.2043000793457,0.04807345500262783,0.049091386602100134,-0.3489198257214567,38.82362638693982,-14.435285441751205,-11.764346771268372,293.8446640014648,326.57042215877567,261.11890584415397,0.22274189166251263
2022-02-25,269.9566650390625,273.1666564941406,260.79998779296875,269.74334716796875,76067700,TSLA,293.5241638183594,321.1819305419922,277.570933380127,0.011364031324829549,0.04196626373057117,-0.34152093022597985,35.11974909644508,-14.635113471268596,-12.338500111268417,293.5241638183594,327.08552691242164,259.96280072429715,0.2286787067713506
2022-02-28,290.1433410644531,292.28668212890625,271.57000732421875,271.6700134277344,99006900,TSLA,293.9254974365234,320.47819763183594,278.06883338928225,0.07477746853358713,0.045022159781910556,-0.2922815323059273,45.66571119620587,-13.014558843124064,-12.473711857639547,293.9254974365234,327.10225478785327,260.74874008519356,0.22574943406190717
2022-03-01,288.1233215332031,296.6266784667969,284.59332275390625,289.8933410644531,74766900,TSLA,292.7196640014648,320.06119750976563,278.526549987793,-0.006962143345558558,0.03773040758344011,-0.2972087697263125,43.093068248351706,-11.757720634470957,-12.330513613005829,292.7196640014648,324.82959277571825,260.6097352272114,0.21939030904389634
2022-03-02,293.2966613769531,295.49334716796875,281.42333984375,290.7099914550781,74643300,TSLA,291.8636642456055,319.7099975585937,279.03164993286134,0.01795529711451649,0.03802136049434288,-0.2845899443772719,43.836203591761276,-10.22633913719892,-11.909678717844447,291.8636642456055,322.88138556070675,260.84594293050424,0.21254938599687836
2022-03-03,279.7633361816406,295.4800109863281,277.5333251953125,292.92333984375,61623600,TSLA,290.7574981689453,319.3056640625,279.4673499298096,-0.04614210448825773,0.038894795961229876,-0.31760046991576607,42.51365592222242,-9.989580838538302,-11.525659141983219,290.7574981689453,321.8480480697861,259.6669482681045,0.21385897248830762
2022-03-04,279.42999267578125,285.2166748046875,275.0533447265625,283.0333251953125,66999600,TSLA,289.87666473388674,318.6373974609375,279.92539985656737,-0.0011915196265851469,0.0387760644387294,-0.31841356234903395,47.233057639858174,-9.71683657266442,-11.16389462811946,289.87666473388674,321.21420686849973,258.53912259927375,0.2162129343069512
2022-03-07,268.1933288574219,288.71331787109375,268.19000244140625,285.4333190917969,72494100,TSLA,287.89766387939454,317.2754638671875,280.288399810791,-0.04021280504200253,0.038547993816819934,-0.3458220648855652,41.32500835725957,-10.288786907445285,-10.988873083984625,287.89766387939454,319.4746185576345,256.32070920115456,0.21936235433621395
2022-03-08,274.79998779296875,283.3299865722656,260.72332763671875,265.1766662597656,80399100,TSLA,286.5153305053711,315.65813049316404,280.6942664337158,0.02463394210323222,0.03904690857708436,-0.32970708350674416,37.21603940531933,-10.092618087615165,-10.809622084710734,286.5153305053711,317.83004328828343,255.20061772245873,0.21859013776106
2022-03-09,286.3233337402344,286.85333251953125,277.336669921875,279.82666015625,59184000,TSLA,285.46483001708987,314.0916638183594,281.1151497650146,0.04193357517885765,0.040158800731741405,-0.3015993051011185,42.2761544966687,-8.904667704916676,-10.428631208751924,285.46483001708987,315.2092838872579,255.72037614692184,0.2083931240733742
2022-03-10,279.4333190917969,284.8166809082031,270.1199951171875,283.8166809082031,58648500,TSLA,283.90316314697264,312.42386352539063,281.50449966430665,-0.024063755330148706,0.040294366247859405,-0.31840544854557096,45.12990802312289,-8.422090451624626,-10.027323057326464,283.90316314697264,311.2602580379924,256.5460682559529,0.1927213109412055
2022-03-11,265.1166687011719,281.26666259765625,264.5899963378906,280.0666809082031,67037100,TSLA,282.0831634521484,310.48493041992185,281.7981996917725,-0.0512345859010529,0.04128606764867224,-0.35332666314175254,42.560898468736205,-9.090093598278997,-9.839877165516972,282.0831634521484,309.34948961712956,254.81683728716732,0.19332118820063138
2022-03-14,255.4566650390625,266.8999938964844,252.01333618164062,260.2033386230469,71152200,TSLA,280.52266387939454,308.4584637451172,282.0240663146973,-0.036436802368687404,0.04066784802971708,-0.37688937171395615,43.23622286267005,-10.280465659463914,-9.927994864306362,280.52266387939454,310.1542913920679,250.89103636672118,0.21126013208981154
2022-03-15,267.2966613769531,268.5233459472656,252.19000244140625,258.42333984375,66841200,TSLA,279.29149627685547,306.75919677734373,282.3185163116455,0.046348355546253384,0.04197416303425561,-0.34800921876950525,54.905517676560926,-10.151435906549523,-9.972683072754995,279.29149627685547,308.97534089996867,249.6076516537423,0.21256533062280028
2022-03-16,280.07666015625,280.6666564941406,267.4200134277344,269.6666564941406,84028800,TSLA,277.92149658203124,304.36219665527346,282.67906631469725,0.047812040425278646,0.0415998126042382,-0.3168362091804039,55.09292104204666,-8.915171258407213,-9.761180709885439,277.92149658203124,304.4943195817697,251.3486735822928,0.1912253879353676
2022-03-17,290.5333251953125,291.6666564941406,275.239990234375,276.9966735839844,66582900,TSLA,277.0583297729492,302.5089300537109,283.12319961547854,0.037335010469022656,0.042603225850088244,-0.291330281898097,57.53410850807542,-7.010840533716248,-9.211112674651602,277.0583297729492,300.4797661573894,253.63689338850904,0.16907224123984418
2022-03-18,301.7966613769531,302.6166687011719,289.1300048828125,291.4966735839844,100414200,TSLA,277.5423294067383,301.29072998046877,283.67744956970216,0.03876779427650434,0.04189805449876823,-0.2638567200567341,54.56515449669918,-4.540448156192554,-8.276979770959793,277.5423294067383,302.61579559726925,252.46886321620732,0.1806821052783325
2022-03-21,307.0533447265625,314.2833251953125,302.36334228515625,304.99334716796875,81981600,TSLA,278.61199645996095,300.3337969970703,284.21429962158203,0.017417963888751054,0.04160931384026358,-0.25103460298973557,57.232375443323285,-2.133875990287038,-7.048359014825243,278.61199645996095,306.7782080025061,250.4457849174158,0.20218951014618564
2022-03-22,331.32666015625,332.6199951171875,307.25,310.0,105868500,TSLA,281.4861633300781,300.11393005371093,284.86238288879395,0.07905243778179138,0.04330964232260036,-0.19182706254186704,62.67920199698142,1.7122655527797406,-5.296234101304246,281.4861633300781,318.07555584207216,244.89677081808406,0.2599729384857071
2022-03-23,333.03668212890625,346.8999938964844,325.4666748046875,326.64666748046875,120676200,TSLA,285.40399780273435,299.7205303955078,285.52158294677736,0.005161136057840299,0.03900993568903712,-0.18765597205338108,69.28144020786469,4.842523323054991,-3.2684826164323986,285.40399780273435,326.4203462123061,244.38764939316263,0.28742658635021234
2022-03-24,337.97332763671875,341.4966735839844,329.6000061035156,336.57666015625,68920800,TSLA,288.9564971923828,299.3839971923828,286.2134828948975,0.014823128420135223,0.0381911517968868,-0.1756144922057985,70.50554639612523,7.633625510383297,-1.0880609910692596,288.9564971923828,335.20687678090485,242.70611760386078,0.32012001832739023
2022-03-25,336.8800048828125,340.6000061035156,332.44000244140625,336.0,62031600,TSLA,292.3026641845703,298.7467974853516,286.8810162353516,-0.003234937980317265,0.038354318243565076,-0.17828132819538514,75.89865266825538,9.646176970110844,1.0587866011667613,292.3026641845703,342.2972869566867,242.30804141245386,0.34207435578177314
2022-03-28,363.9466552734375,365.9599914550781,351.20001220703125,355.0333251953125,102506100,TSLA,295.99282989501955,299.1486639404297,287.684266204834,0.0803450783611821,0.03885224153335928,-0.11226027711839684,79.12021242150628,13.272197353250874,3.501468751583584,295.99282989501955,355.3371388537389,236.64852093630023,0.40098477371743846
2022-03-29,366.5233459472656,371.5899963378906,357.7033386230469,369.3299865722656,73614900,TSLA,299.91283111572267,299.48173095703123,288.48739959716795,0.007079858095940583,0.03861569356399138,-0.10597520585426552,77.82404070365762,16.167394375523486,6.034653876371564,299.91283111572267,366.92986684282386,232.89579538862148,0.4469100936948068
2022-03-30,364.663330078125,371.3166809082031,361.3333435058594,363.72332763671875,59865000,TSLA,303.4811645507813,299.9049310302734,289.311782913208,-0.00507475414515135,0.03879705494631315,-0.11051216188422466,80.63844030137123,18.103089986027555,8.448341098302762,303.4811645507813,376.3585496252208,230.60377947634177,0.480276165951281
2022-03-31,359.20001220703125,367.71331787109375,358.8800048828125,364.8566589355469,48992700,TSLA,307.45299835205077,300.4512646484375,290.0996662902832,-0.014981813142339484,0.036934810950308844,-0.12383830246725876,86.12014495283643,18.977537372220922,10.554180353086394,307.45299835205077,383.4783864790137,231.42761022508785,0.4945496614731962
2022-04-01,361.5299987792969,364.9166564941406,355.5466613769531,360.3833312988281,54263100,TSLA,311.55799865722656,301.0400646972656,290.8796495819092,0.006486599368272561,0.03681691308143831,-0.11815499255353826,93.15199241198737,19.63224536577576,12.369793355624267,311.55799865722656,390.03876514750044,233.07723216695268,0.5037955490054212
2022-04-04,381.8166809082031,383.3033447265625,357.510009765625,363.1266784667969,82035900,TSLA,317.2391662597656,302.3837316894531,291.74988296508786,0.05611341298759176,0.03569038030852337,-0.06867165945964898,93.59235404789663,21.539774757154248,14.203789635930264,317.2391662597656,398.8887647124013,235.5895678071299,0.5147510593681135
2022-04-05,363.7533264160156,384.2900085449219,362.4333190917969,378.76666259765625,80075100,TSLA,321.686833190918,303.45879821777345,292.53393295288083,-0.047308971544201106,0.03854206202445375,-0.1127318454205805,80.62013114568097,21.347858967465413,15.632603502237295,321.686833190918,403.29368121240446,240.0799851694315,0.5073682824503645
2022-04-06,348.586669921875,359.6666564941406,342.5666809082031,357.8233337402344,89348400,TSLA,324.8,304.30786499023435,293.2373496246338,-0.041694894294368345,0.03995584819979981,-0.14972639733652862,70.53580064806306,19.744341417977523,16.454951085385343,324.8,405.47172827693305,244.128271723067,0.4967470953013117
2022-04-07,352.4200134277344,358.86334228515625,340.5133361816406,350.7966613769531,79447200,TSLA,328.4493347167969,305.106865234375,293.9051663208008,0.010996816105212748,0.039113564937308165,-0.14037609488892167,68.90106198876893,18.568811293712542,16.877723127050782,328.4493347167969,407.05699914524934,249.84167028834446,0.4786593006573226
2022-04-08,341.8299865722656,349.4800109863281,340.8133239746094,347.7366638183594,55013700,TSLA,332.2850006103516,306.4161315917969,294.48128288269044,-0.03004944796541842,0.03755570183021159,-0.16620731869538674,62.48712180401035,16.59141305638815,16.820461112918256,332.2850006103516,405.15807254150985,259.4119286791933,0.4386178840290878
2022-04-11,325.30999755859375,336.15667724609375,324.8800048828125,326.79998779296875,59357100,TSLA,335.7776672363281,307.2799981689453,294.9880495452881,-0.048328086073804455,0.03847001762487487,-0.20650292316518432,47.71223825008981,13.535259609457853,16.163420812226178,335.7776672363281,399.23405097717415,272.3212834954821,0.3779666721919535
2022-04-12,328.98333740234375,340.39666748046875,325.5333251953125,332.5466613769531,65976000,TSLA,338.8620010375977,307.6148651123047,295.4850995635986,0.011291813566499442,0.03765352912061578,-0.19754290210800335,48.481438611109716,11.2796193794901,15.186660525678963,338.8620010375977,393.7170972023102,284.0069048728852,0.3237606813200999
2022-04-13,340.7900085449219,342.0799865722656,324.3666687011719,327.02667236328125,55121100,TSLA,341.8976684570313,308.22233215332034,296.0544496154785,0.03588835603591267,0.037132457757880225,-0.16874403607531008,51.003591517364434,10.32567992431376,14.214464405405923,341.8976684570313,389.26372972273015,294.5316071913324,0.27707741605527625
2022-04-14,328.3333435058594,337.57000732421875,327.39666748046875,333.0966796875,58422300,TSLA,343.7876693725586,308.75126586914064,296.56328300476076,-0.03655231880843268,0.03798825589854313,-0.19912836908009643,47.18291568834823,8.466925819001801,13.0649566881251,343.7876693725586,385.1616656367585,302.41367310835864,0.24069505657204618
2022-04-18,334.7633361816406,338.3066711425781,324.4700012207031,329.6766662597656,51715200,TSLA,345.43600311279295,309.5055993652344,297.10723304748535,0.019583733431163042,0.03737611733158315,-0.1834443125475802,38.86615032785209,7.427081695597451,11.937381689619572,345.43600311279295,382.12800624929315,308.74399997629274,0.21243878927419968
2022-04-19,342.7166748046875,344.9800109863281,331.77667236328125,335.0199890136719,49847700,TSLA,347.2191696166992,310.2044659423828,297.68931640625,0.023758093445249484,0.03750604959557249,-0.1640445062218357,41.27534950742051,7.162204261770455,10.98234620404975,347.2191696166992,379.22414397790754,315.2141952554909,0.18435027303670548
2022-04-20,325.73333740234375,344.6666564941406,325.0833435058594,343.3333435058594,70711200,TSLA,346.9395034790039,310.6701995849609,298.21868309020994,-0.04955503671370076,0.03531305973796745,-0.20547031140703254,37.156624468155805,5.518262499334185,9.889529463106635,346.9395034790039,379.61982812264074,314.2591788353671,0.18839206441427658
2022-04-21,336.260009765625,364.0733337402344,332.1400146484375,358.24334716796875,105416400,TSLA,347.10066986083984,311.24873291015626,298.82556648254393,0.03231684066245499,0.03604701873730794,-0.17979362205918356,42.67654379491073,5.007122304190489,8.913048031323406,347.10066986083984,379.523081998102,314.6782577235777,0.18681849361028885
2022-04-22,335.01666259765625,344.95001220703125,331.3333435058594,338.3033447265625,69696600,TSLA,346.95283660888674,311.73573303222656,299.41263313293456,-0.003697576672395231,0.03591343870946381,-0.1828263980288073,41.47664317546938,4.450410727026963,8.020520570464118,346.95283660888674,379.57681424189576,314.3288589758777,0.18806001387321356
2022-04-25,332.67333984375,336.2066650390625,325.1000061035156,326.3233337402344,68341200,TSLA,346.7425033569336,312.35886657714843,299.9810831451416,-0.006994645387893739,0.035942023351769374,-0.1885422375949436,32.14139088146058,3.7765920269201843,7.171734861755331,346.7425033569336,379.69253216034497,313.7924745535222,0.19005474370410785
2022-04-26,292.1400146484375,333.3333435058594,291.6666564941406,331.80999755859375,136133700,TSLA,343.1521713256836,312.46833374023436,300.2989498901367,-0.12184121881948873,0.04031658702222873,-0.2874112403869108,27.629233035777787,-0.027794343751565975,5.731829020653952,343.1521713256836,383.11198044828404,303.1923622030831,0.23289847747852283
2022-04-27,293.836669921875,306.0,292.4533386230469,299.52667236328125,76956300,TSLA,339.51783752441406,312.5066668701172,300.65389991760253,0.005807678470473254,0.040289002500449096,-0.28327275398940455,31.325469005479803,-2.872776471681675,4.010907922186827,339.51783752441406,383.5426495984448,295.4930254503833,0.25933725541512986
2022-04-28,292.5033264160156,300.0,273.8999938964844,299.99334716796875,124948500,TSLA,335.9098373413086,312.2072003173828,301.0274498748779,-0.004537702888526063,0.040292771279741256,-0.2865250492839122,29.208593294309352,-5.1753764644398075,2.1736510448615,335.9098373413086,382.97997431246745,288.8397003701498,0.2802545905991564
2022-04-29,290.2533264160156,311.4666748046875,290.0,300.75,88133100,TSLA,332.46250305175784,311.85633361816406,301.3943831634522,-0.007692220213591394,0.040279873375585966,-0.2920132557217016,31.00307176565377,-7.0999163281171604,0.31893757026576774,332.46250305175784,382.36449540585454,282.56051069766113,0.3001962139852382
2022-05-02,300.9800109863281,302.1199951171875,282.6766662597656,286.92333984375,75781500,TSLA,329.43500366210935,312.0336004638672,301.825583190918,0.03695628471433299,0.041486458968434684,-0.26584869602617917,40.63919466863422,-7.671146041023235,-1.279079151992033,329.43500366210935,379.2587032479753,279.6113040762434,0.30247969421590953
2022-05-03,303.0833435058594,308.02667236328125,296.1966552734375,301.05999755859375,63709500,TSLA,325.4983367919922,312.3820672607422,302.26396659851076,0.006988279761963367,0.03884357516026943,-0.2607182413263999,39.91328686288842,-7.863483010647769,-2.5959599237231803,325.4983367919922,370.0594194183529,280.9372541656315,0.27380221395624027
2022-05-04,317.5400085449219,318.5,295.09332275390625,301.3133239746094,81643800,TSLA,323.1876708984375,313.2560009765625,302.7508332824707,0.04769864576468552,0.039929422328283865,-0.2254555025991341,41.12843837990037,-6.771323789879659,-3.4310326969544764,323.1876708984375,364.0343292630283,282.34101253384665,0.2527736175766866
2022-05-05,291.09332275390625,315.20001220703125,285.8999938964844,313.00665283203125,92519100,TSLA,320.31300354003906,313.984267578125,303.1141499328613,-0.08328615317548016,0.042862557058657165,-0.2899643342508879,37.16097793985357,-7.948184534260577,-4.334463064415697,320.31300354003906,361.72187344131953,278.9041336387586,0.25855253732216565
2022-05-06,288.54998779296875,296.0,281.03668212890625,295.6666564941406,72903000,TSLA,317.11950225830077,314.4168005371094,303.47479988098144,-0.008737180698190294,0.04262721363312706,-0.2961680441646977,33.62854839166533,-8.982535945867312,-5.26407764070602,317.11950225830077,357.9499836032117,276.28902091338983,0.2575084853132345
2022-05-09,262.3699951171875,281.8766784667969,260.3833312988281,278.8166809082031,90810300,TSLA,313.14650268554686,314.2650671386719,303.71434982299803,-0.09072948807249681,0.0462095206401321,-0.36002635720669884,24.79188560678712,-11.778992610625835,-6.567060634689984,313.14650268554686,359.00685126831866,267.2861541027751,0.2929002763209749
2022-05-10,266.67999267578125,275.1199951171875,258.0833435058594,273.10333251953125,84401700,TSLA,310.2150024414062,313.7958001708984,303.95171646118166,0.016427173986372612,0.04580309690937911,-0.34951339882984067,29.871841173259483,-13.491897683917784,-7.9520280445355445,310.2150024414062,360.11886167191255,260.3111432108999,0.3217372392551016
2022-05-11,244.6666717529297,269.92333984375,242.39999389648438,265.0,97224600,TSLA,305.99916915893556,312.92666717529295,304.10041648864745,-0.08254582843646041,0.04836621995325814,-0.4032083542102489,21.04775147988927,-16.436211901181196,-9.648864815864675,305.99916915893556,362.97237669868423,249.02596161918692,0.37237491654859267
2022-05-12,242.6666717529297,253.22000122070312,226.6666717529297,233.6666717529297,140313000,TSLA,301.09300231933594,311.9140673828125,304.2354498291016,-0.008174386751047313,0.04698002379538238,-0.40808675993272836,20.94754904271504,-18.715247690761544,-11.46214139084405,301.09300231933594,362.2010835384435,239.98492110022832,0.40590834558351535
2022-05-13,256.5299987792969,262.45001220703125,250.52333068847656,257.82666015625,92150700,TSLA,297.5028350830078,311.44940063476565,304.3891831207275,0.05712909369145702,0.04940346128595705,-0.37427129298371126,27.664897689097742,-19.1816314361555,-13.006039399906339,297.5028350830078,360.286469616204,234.71920054981166,0.4220708318001647
2022-05-16,241.4566650390625,256.586669921875,239.69667053222656,255.72000122070312,86098500,TSLA,292.8375015258789,310.68993408203124,304.4511331176758,-0.05875856161837267,0.04994900511815646,-0.4110382117713125,32.52258194736501,-20.530868897594985,-14.511005299444069,292.8375015258789,357.7925452912699,227.8824577604879,0.4436251738724163
2022-05-17,253.8699951171875,254.82666015625,242.9499969482422,249.1199951171875,80236200,TSLA,288.3951675415039,310.4034674072266,304.53769973754885,0.05141017778952928,0.051438045416443666,-0.38075958152723666,37.1665868025239,-20.36375660163486,-15.681555559882227,288.3951675415039,351.10057254540015,225.68976253760763,0.4348575292605908
2022-05-18,236.60333251953125,253.5,233.60333251953125,248.17333984375,87811800,TSLA,283.9386672973633,309.6395343017578,304.5378163909912,-0.06801379812405906,0.05227607797551744,-0.42287647433950104,33.71655135604509,-21.37816014846902,-16.820876477599587,283.9386672973633,348.1224404347232,219.75489416000337,0.45209603713566454
2022-05-19,236.47332763671875,244.6666717529297,231.3699951171875,235.6666717529297,90296700,TSLA,278.94933319091797,308.6425341796875,304.5353163909912,-0.0005494634476534976,0.05123263093708927,-0.4231935826216324,34.138189575251346,-21.93966576529033,-17.844634335137734,278.94933319091797,341.5011407412372,216.39752564059876,0.44848149902195766
2022-05-20,221.3000030517578,240.52667236328125,211.0,237.99667358398438,144973200,TSLA,273.26350021362305,307.47986785888673,304.4507663726807,-0.06416505716141863,0.05223307185487504,-0.4602043993637885,27.099933649168563,-23.33997479646868,-18.943702427403924,273.26350021362305,335.02498861926995,211.50201180797615,0.4520288172944064
2022-05-23,224.96665954589844,226.65333557128906,212.68666076660156,218.33999633789062,88903500,TSLA,267.87816619873047,306.67686767578124,304.4104329681397,0.01656871415985961,0.052785229162950656,-0.4512606803520974,27.749179435375723,-23.878603578668788,-19.9306826576569,267.87816619873047,326.53292095273866,209.22341144472227,0.43792113098530067
2022-05-24,209.3866729736328,217.97332763671875,206.85667419433594,217.8433380126953,89092500,TSLA,263.74049911499026,305.75546783447265,304.2677663421631,-0.06925464690507588,0.0484742673796367,-0.4892634281772445,19.389402990450435,-25.271333278992984,-20.998812781924116,263.74049911499026,326.7058495263809,200.77514870359963,0.47747957270633584
2022-05-25,219.60000610351562,223.10667419433594,207.6699981689453,207.9499969482422,92139300,TSLA,260.02866592407224,304.8015347290039,304.18244972229,0.04877737911795821,0.050377345000542154,-0.46435103678403966,27.717749325214925,-25.2597720449088,-21.851004634521054,260.02866592407224,324.2635432143379,195.79378863380657,0.4940599688268378
2022-05-26,235.91000366210938,239.55667114257812,217.8866729736328,220.47332763671875,106003200,TSLA,257.19899978637693,303.9182015991211,304.18229972839356,0.07427138936829314,0.05404149356901447,-0.4245676440723046,34.8903505890453,-23.661771021565812,-22.213157911930004,257.19899978637693,320.3879953699299,194.01000420282395,0.4913626852051228
2022-05-27,253.2100067138672,253.26666259765625,240.17666625976562,241.0833282470703,89295000,TSLA,255.34683380126953,303.1717352294922,304.2445997619629,0.07333306253742577,0.0571166696504126,-0.3823694271290006,47.22950615245324,-20.760068882093407,-21.922540105962685,255.34683380126953,316.59825132066504,194.09541628187404,0.4797507500489789
2022-05-31,252.75332641601562,259.6000061035156,244.7433319091797,257.9466552734375,101914500,TSLA,252.9354995727539,302.19086853027346,304.3130830383301,-0.001803563389055185,0.05626099702263556,-0.38348336301819197,45.68726940756646,-18.286503880545126,-21.195332860879173,252.9354995727539,310.2963985398064,195.57460060570145,0.45356147368751043
2022-06-01,246.7899932861328,257.32666015625,243.63999938964844,251.72000122070312,77247900,TSLA,250.12083206176757,300.9856015014648,304.4034163665772,-0.02359349020027357,0.05627150554227192,-0.3980291422511279,50.73011550971564,-16.6158398825074,-20.27943426520482,250.12083206176757,302.4222044929836,197.8194596305515,0.41820884730065333
2022-06-02,258.3333435058594,264.2099914550781,242.06666564941406,244.1566619873047,93473100,TSLA,247.16049880981444,299.525735168457,304.58556640625,0.04677398003874078,0.056223088169208256,-0.3698725693668784,55.05528742875076,-14.196723742499586,-19.062892160663775,247.16049880981444,289.0629869376644,205.2580106819645,0.33907107591729824
2022-06-03,234.51666259765625,247.79666137695312,233.4166717529297,243.22666931152344,112393800,TSLA,244.33166580200196,297.55533477783206,304.60983306884765,-0.09219359988526965,0.056876124399130645,-0.42796628558340144,43.325517029007365,-14.03952497314782,-18.058218723160586,244.33166580200196,281.0664638161964,207.59686778780753,0.3006961696398621
2022-06-06,238.27999877929688,244.86666870117188,234.35000610351562,244.35333251953125,84204600,TSLA,241.81816635131835,295.5614682006836,304.67878303527834,0.0160472016783606,0.057155855554251275,-0.4187867452013366,48.96590659829734,-13.456159803488958,-17.13780693922626,241.81816635131835,272.1318758213794,211.50445688125728,0.2507149063897929
2022-06-07,238.8866729736328,239.99667358398438,230.0933380126953,234.0,72808500,TSLA,240.6440002441406,293.6016015625,304.7394497680664,0.0025460558898939833,0.053749986325480975,-0.41730694377067207,44.716369409635945,-12.797365107444705,-16.269718572869948,240.6440002441406,269.3842794449763,211.90372104330496,0.23886138172302482
2022-06-08,241.86666870117188,249.9633331298828,239.17666625976562,240.086669921875,76210500,TSLA,239.40333404541016,291.1600018310547,304.77161643981935,0.012474516432601446,0.05368090124218445,-0.41003812966557657,52.06399906175878,-11.897656041310654,-15.39530606655809,239.40333404541016,265.425002321944,213.38166576887627,0.21738768493172336
2022-06-09,239.7066650390625,255.54666137695312,239.32666015625,249.33999633789062,96491400,TSLA,239.15533370971679,288.6236682128906,304.789333114624,-0.008930555308462429,0.05039808703990161,-0.4153068167784821,51.24807134986544,-11.229477936430158,-14.562140440532506,239.15533370971679,265.06007213842736,213.2505952810062,0.21663525564646918
2022-06-10,232.22999572753906,239.5,227.913330078125,235.1566619873047,97536600,TSLA,238.63349990844728,285.9750015258789,304.76514976501466,-0.031190911234383223,0.05085992340104038,-0.4335439299556934,54.485509143122655,-11.174434774421059,-13.884599307310218,238.63349990844728,264.660603587114,212.60639622978056,0.21813453424311444
2022-06-13,215.73666381835938,226.63333129882812,214.68333435058594,223.1666717529297,102767400,TSLA,236.59383316040038,283.1057345581055,304.6752330780029,-0.07102153990705962,0.051228102010413175,-0.4737745123399413,46.572937642112755,-12.319673192674145,-13.571614084383004,236.59383316040038,263.10489825947724,210.08276806132352,0.2241061378899382
2022-06-14,220.88999938964844,226.3300018310547,211.73666381835938,218.2866668701172,97988700,TSLA,235.56549987792968,280.2929345703125,304.5931497192383,0.023887157055640484,0.05018686562368898,-0.4612044814695244,54.62959983434001,-12.665452327297572,-13.390381732965919,235.56549987792968,262.8661171629814,208.26488259287794,0.23178790866403573
2022-06-15,233.0,235.663330078125,218.14999389648438,220.9166717529297,119131800,TSLA,234.52200012207032,277.31660095214846,304.5399663543701,0.05482367080362738,0.05038787156866147,-0.4316657333311399,55.311834419311815,-11.825986331919808,-13.077502652756698,234.52200012207032,260.43699071799733,208.6070095261433,0.2210026401142587
2022-06-16,213.10000610351562,225.1666717529297,208.69332885742188,222.73666381835938,107390700,TSLA,233.34683380126953,274.30353454589846,304.3792663574219,-0.08540769912654234,0.051700967727452106,-0.480205855382098,41.20821704084148,-12.620979879056534,-12.986198098016665,233.34683380126953,260.94159519995594,205.7520724025831,0.23651284184286442
2022-06-17,216.75999450683594,220.97000122070312,213.19667053222656,213.43333435058594,92641800,TSLA,232.36116714477538,271.66700103759763,304.2395829772949,0.017174980283869212,0.05191344451176129,-0.4712784011966148,34.30007203285119,-12.80804435385258,-12.95056734918385,232.36116714477538,260.87858220446475,203.843752085086,0.24545766756216417
2022-06-21,237.0366668701172,243.57666015625,224.3333282470703,224.60333251953125,122793000,TSLA,233.14800033569335,269.3593341064453,304.20411628723144,0.0935443480214786,0.054073569687508934,-0.42181948395167834,44.21770777346997,-11.1911318951108,-12.59868025836924,233.14800033569335,261.2456978820976,205.05030278928913,0.24102885296848647
2022-06-22,236.086669921875,246.8333282470703,233.82666015625,234.50332641601562,101107500,TSLA,233.7040008544922,267.2444677734375,304.16193298339846,-0.004007805884153504,0.05403443031712948,-0.4241367192259997,45.91132977361063,-9.872569105413731,-12.05345802777814,233.7040008544922,261.5590829589679,205.84891875001648,0.2383791634086635
2022-06-23,235.07000732421875,239.31666564941406,228.6366729736328,237.9066619873047,104202600,TSLA,234.9881675720215,265.43966796875,304.0824163818359,-0.004306310889948484,0.051294232162011066,-0.4266165655431183,40.336203805920086,-8.808100470502154,-11.404386516322944,234.9881675720215,260.3823378550052,209.59399728903782,0.21613148053678596
2022-06-24,245.7066650390625,246.06666564941406,236.086669921875,237.47000122070312,95770800,TSLA,236.29350051879882,263.77413452148437,304.0544997406006,0.04524889345059324,0.051149057484046426,-0.4006715996110436,55.220029821908476,-7.025229551703546,-10.528555123399064,236.29350051879882,261.0326288838504,211.55437215374724,0.2093932191172005
2022-06-27,244.9199981689453,252.07000732421875,242.56666564941406,249.36666870117188,89178300,TSLA,236.74400024414064,261.85673431396486,304.02099975585935,-0.0032016505127857586,0.048649537713005585,-0.40259043969147595,53.18597680841353,-5.611087818047821,-9.545061662328814,236.74400024414064,261.78008634764586,211.7079141406354,0.2115034474173532
2022-06-28,232.663330078125,249.97000122070312,232.3433380126953,244.48333740234375,90391200,TSLA,235.7166664123535,259.94333404541015,303.95719970703124,-0.0500435578248114,0.04705930748710138,-0.43248693956787077,47.31420542749751,-5.416937899288456,-8.719436909720743,235.7166664123535,259.56593359283806,211.86739923186897,0.202355374725719
2022-06-29,228.49000549316406,231.17333984375,222.27333068847656,230.5,82897200,TSLA,234.50350036621094,257.81786743164065,303.86131637573243,-0.01793718238090891,0.047172992372374475,-0.44266652483638963,44.285917835605765,-5.536009435251202,-8.082751414826836,234.50350036621094,257.1415319238374,211.86546880858447,0.1930720140405063
2022-06-30,224.47332763671875,229.4566650390625,218.8633270263672,224.50999450683594,94600500,TSLA,233.38766708374024,255.45300048828125,303.74286636352537,-0.017579227799377373,0.04706032081012795,-0.45246401695650934,43.59441300320071,-5.886629419949827,-7.643527015851435,233.38766708374024,255.6730270373591,211.10230713012137,0.19097290128550629
2022-07-01,227.26333618164062,230.22999572753906,222.1199951171875,227.0,74460300,TSLA,231.83416671752929,253.4836004638672,303.6194664001465,0.012429131666979787,0.04573076625133178,-0.44565862013085256,47.82583603733127,-5.871682806999729,-7.289158174081093,231.83416671752929,250.89628353448876,212.7720499005698,0.16444613912482609
2022-07-05,233.06666564941406,233.14666748046875,216.1666717529297,223.0,84581100,TSLA,231.76166687011718,251.41973358154297,303.5231497192383,0.025535704813974602,0.04133397092222182,-0.4315031222883427,58.369556934982924,-5.3301150722791135,-6.897349553720698,231.76166687011718,250.79182884771083,212.73150489252353,0.16422182524479725
2022-07-06,231.73333740234375,234.56333923339844,227.18666076660156,230.77999877929688,71853600,TSLA,231.43433380126953,249.35406707763673,303.4159997558594,-0.005720802000385383,0.041189499169801906,-0.43475538036356837,55.43743887339273,-4.951430182195594,-6.5081656794156775,231.43433380126953,250.21600331489333,212.65266428764573,0.1623066828947812
2022-07-07,244.5433349609375,245.3633270263672,232.2100067138672,233.9199981689453,81930600,TSLA,231.71716690063477,247.59146697998048,303.42176643371585,0.055279044880592876,0.04304635249883408,-0.4035091976661724,55.7481018067408,-3.576433039339804,-5.921819151400504,231.71716690063477,251.1310872031691,212.30324659810043,0.16756566258950883
2022-07-08,250.76333618164062,254.97999572753906,241.16000366210938,242.3333282470703,101854200,TSLA,232.1620002746582,246.76393341064454,303.4432830810547,0.02543516968760029,0.0433082661546293,-0.3883373528917186,71.71298198994499,-1.9622165703301846,-5.12989863518644,232.1620002746582,252.91652077175632,211.40747977756007,0.1787934327973104
2022-07-11,234.3433380126953,253.06333923339844,233.6266632080078,252.10333251953125,99241200,TSLA,231.89383392333986,245.57406677246092,303.36176643371584,-0.06548005948146851,0.04587737213278008,-0.42838905940696137,58.836739989840765,-1.9850130189669528,-4.500921511942543,231.89383392333986,252.37469060328814,211.41297724339157,0.17663994193755847
2022-07-12,233.07000732421875,239.77333068847656,228.3699951171875,236.84666442871094,87930900,TSLA,231.93583450317382,244.385400390625,303.2710498046875,-0.005433611636988744,0.04531756388768668,-0.43149497126559777,47.53582760812646,-2.0818284906950737,-4.01710290769305,231.93583450317382,252.42303809480234,211.4486309115453,0.17666268462149315
2022-07-13,237.0399932861328,242.05999755859375,225.03334045410156,225.5,97954500,TSLA,233.0010009765625,243.32113372802735,303.1655997467041,0.017033448479672808,0.04209881464824804,-0.42181137014821535,50.57080693940147,-1.8172624902074972,-3.57713482419594,233.0010009765625,252.11089861025377,213.89110334287122,0.1640327513924589
2022-07-14,238.31333923339844,238.65333557128906,229.3333282470703,234.89666748046875,78557400,TSLA,233.87216796875,242.06780029296874,303.0382330322266,0.005371861218914864,0.04187766642070901,-0.418705421070297,51.936009624168854,-1.4876944371637535,-3.1592467467895027,233.87216796875,252.2312175411545,215.5131183963455,0.15700072164942377
2022-07-15,240.06666564941406,243.6233367919922,236.88999938964844,240.0,69683100,TSLA,234.2255012512207,240.80746673583985,302.9426329803467,0.0073572315408600986,0.040195032177560104,-0.4144287022596645,46.23397424467659,-1.0726655711121396,-2.7419305116540302,234.2255012512207,252.7847892768657,215.6662132255757,0.15847367538122223
2022-07-18,240.54666137695312,250.51666259765625,239.60333251953125,244.93666076660156,82537500,TSLA,235.59783401489258,239.26759979248047,302.8431829071045,0.001999426810217919,0.03451072330679201,-0.4132578953076684,47.06776037257862,-0.6969861385772731,-2.332941637038679,235.59783401489258,251.44000719718332,219.75566083260185,0.134484879697912
2022-07-19,245.52999877929688,247.13999938964844,236.97666931152344,245.0,80890200,TSLA,237.0363342285156,238.35633331298828,302.7783661651611,0.020716718219316865,0.03457667847349371,-0.40110252445734845,59.55919096207929,0.002823649932764738,-1.8657885796443903,237.0363342285156,250.7593589464133,223.31330951061793,0.11578836436668787
2022-07-20,247.5,250.663330078125,243.48333740234375,246.78334045410156,88864200,TSLA,237.55950088500975,237.5353335571289,302.72383277893067,0.008023464466653252,0.02793664840304856,-0.3962972918431636,64.60135835965472,0.708226588451879,-1.3509855460251365,237.55950088500975,252.05843674030245,223.06056502971705,0.12206572080912802
2022-07-21,271.7066650390625,273.26666259765625,254.86666870117188,255.10667419433594,142032300,TSLA,239.34050064086915,237.72206695556642,302.77981605529783,0.09780470722853529,0.035051606388906725,-0.3372523252188103,77.69093199812643,3.183837764613429,-0.44402088389742345,239.34050064086915,260.36159934296734,218.319401938771,0.17565851701497331
2022-07-22,272.24334716796875,280.78668212890625,270.71331787109375,276.2200012207031,103472700,TSLA,241.19916763305665,237.83333404541017,302.8400495147705,0.0019752262198982073,0.03496709552908569,-0.33594324863440594,77.08551709842122,5.129948368588771,0.6707729665998154,241.19916763305665,266.72203103543126,215.676304230682,0.2116330968538275
2022-07-25,268.4333190917969,274.14666748046875,267.3999938964844,272.2166748046875,64073400,TSLA,242.33550033569335,238.3086669921875,302.8776328277588,-0.013994935471540293,0.0341398335748359,-0.34523668001920815,71.82048559613288,6.292284085073277,1.795075190294508,242.33550033569335,270.581729985565,214.08927068582167,0.23311672958145874
2022-07-26,258.8599853515625,267.30999755859375,256.2633361816406,266.5133361816406,66820800,TSLA,243.03249969482422,238.63253326416014,302.8492493438721,-0.0356637312112531,0.03530112835984133,-0.3685879830699908,65.19189014769299,6.367554287256667,2.7095710096869396,243.03249969482422,272.2195476105482,213.84545177910022,0.24019049264912432
2022-07-27,274.82000732421875,275.9266662597656,261.7900085449219,263.80999755859375,88110000,TSLA,245.1403335571289,238.99833343505858,302.91419944763186,0.061655036992220635,0.035244106242765624,-0.3296582518088385,66.3781536133082,7.627126092629254,3.6930820262754027,245.1403335571289,277.12886630376545,213.15180081049238,0.26098139202524784
2022-07-28,280.8999938964844,283.29998779296875,272.79998779296875,280.0666809082031,84723000,TSLA,247.7608329772949,239.78720001220702,302.99879936218264,0.02212352234272652,0.03477139346652819,-0.314827931165469,66.32714538913285,9.012064457673091,4.75687851255494,247.7608329772949,282.4768056952154,213.04486025937442,0.2802377785120047
2022-07-29,297.1499938964844,298.32000732421875,279.1000061035156,280.70001220703125,95313000,TSLA,251.3946662902832,240.65279998779297,303.1416826629639,0.05784976985791013,0.03559578767020473,-0.27519088467032315,84.08957229858515,11.290724835326586,6.06364777710927,251.3946662902832,290.7515503633041,212.03778221726233,0.313108345962884
2022-08-01,297.27667236328125,311.8766784667969,295.0,301.27667236328125,117042900,TSLA,254.89533309936525,241.86626678466797,303.27626609802246,0.00042631152414229767,0.035737254279747756,-0.2748818901916547,85.2887069375005,12.957436235849968,7.44240546885741,254.89533309936525,297.53291120034856,212.25775499838193,0.33454969600688617
2022-08-02,300.586669921875,307.8333435058594,292.6666564941406,294.0033264160156,95577600,TSLA,258.2713333129883,243.1485336303711,303.4153327178955,0.011134400598203698,0.035639974428078924,-0.2668081346760363,85.181200379335,14.37964655448576,8.82985368598308,258.2713333129883,304.1970961875454,212.3455704384312,0.3556396467656097
2022-08-03,307.39666748046875,309.54998779296875,301.1499938964844,305.0,80091000,TSLA,262.0544998168945,244.8704669189453,303.5472660064697,0.02265568716125621,0.03540298462297625,-0.25019716914607876,86.0371887610682,15.873290950632509,10.238541138912966,262.0544998168945,311.1331066009108,212.97589303287825,0.3745679377252366
2022-08-04,308.6333312988281,313.6066589355469,305.0,311.0,72256200,TSLA,265.2589996337891,246.5438003540039,303.64024925231934,0.004023022853486102,0.03415264762139296,-0.2471806952219449,85.96151682304516,16.96128420434161,11.583089751998696,265.2589996337891,317.7725388893007,212.74546037827747,0.39594162179613646
2022-08-05,288.1700134277344,304.6066589355469,285.5433349609375,302.6700134277344,113172900,TSLA,267.12933349609375,248.11946716308594,303.64064933776854,-0.0663030068235908,0.03820836997704144,-0.29709487872357515,70.64893780873729,15.98800815750974,12.464073433100905,267.12933349609375,320.1313560859703,214.1273109062172,0.39682667490091733
2022-08-08,290.42333984375,305.20001220703125,289.086669921875,295.0,98994000,TSLA,269.9333335876465,249.53593383789064,303.64976600646975,0.007819434052879659,0.034119820991962,-0.29159855848232275,69.9372309914153,15.223022955628323,13.01586333760639,269.9333335876465,321.54771203122027,218.31895514407267,0.3824231543216561
2022-08-09,283.3333435058594,292.39666748046875,279.35333251953125,290.2933349609375,86244600,TSLA,272.44650039672854,250.48440063476562,303.576432723999,-0.024412625864385085,0.0348663150743861,-0.30889249783588485,65.22145504824589,13.884610078702849,13.189612685825683,272.44650039672854,321.3256092469306,223.5673915465265,0.3588161989897153
2022-08-10,294.3566589355469,297.510009765625,283.3699951171875,297.0666809082031,94918800,TSLA,275.31233367919924,251.30733367919922,303.5320827484131,0.03890581776676605,0.03542455547952224,-0.2820043952994429,60.834897070704095,13.557119624463382,13.263114073553224,275.31233367919924,322.1282528853775,228.49641447302102,0.3400931486108378
2022-08-11,286.6300048828125,298.2366638183594,285.8333435058594,296.5133361816406,70155000,TSLA,277.7281669616699,251.98486724853515,303.2571327972412,-0.026249292544206493,0.036403339412972205,-0.30085127197268224,56.43909696221024,12.529670431043826,13.116425345051343,277.7281669616699,321.3851021804654,234.07123174287435,0.3143860825957978
2022-08-12,300.0299987792969,300.1600036621094,285.0333251953125,289.4166564941406,79657200,TSLA,280.72633361816406,253.04966735839844,303.059899520874,0.046750143628413676,0.03731328431777749,-0.26816596851978247,63.02383526891221,12.650845984283137,13.023309472897703,280.72633361816406,321.6430935882673,239.80957364806085,0.29150638946296376
2022-08-15,309.32000732421875,313.1333312988281,301.2300109863281,301.78668212890625,89359200,TSLA,284.16500091552734,254.06940063476563,302.8767328643799,0.03096359891583922,0.037472094688168124,-0.24550575309606737,70.84780998098135,13.342698213518133,13.08718722102179,284.16500091552734,322.33102156934297,245.99898026171172,0.26861872877273224
2022-08-16,306.5633239746094,314.6666564941406,302.8833312988281,311.6666564941406,88136400,TSLA,287.21666717529297,255.5103338623047,302.61448280334474,-0.008912075793144236,0.03774852895040006,-0.2522298630099665,64.72097561942124,13.512787775901302,13.172307331997693,287.21666717529297,321.9845668474821,252.44876750310388,0.24210224297999874
2022-08-17,303.9966735839844,309.65667724609375,300.0333251953125,303.39666748046875,68766000,TSLA,290.0415008544922,256.8246673583984,302.2777994537353,-0.008372333511224461,0.038012628738516,-0.2584904439865811,61.07188521304578,13.287309905856489,13.195307846769454,290.0415008544922,320.08145243982415,260.00154926916025,0.20714243649154448
2022-08-18,302.8699951171875,306.5,301.85333251953125,306.0,47500500,TSLA,291.59966735839845,258.10433380126955,301.77783271789554,-0.0037062197211366055,0.032136260051402965,-0.2612386413264893,53.20699912977984,12.869353635326377,13.130117004480839,291.59966735839845,320.85800917213373,262.34132554466316,0.200674726955532
2022-08-19,296.6666564941406,300.3599853515625,292.5,299.0,61395300,TSLA,292.82083282470705,259.2003335571289,301.3078327178955,-0.020481852686155544,0.032669740423666785,-0.2763698426450642,49.67980395781467,11.900382494635835,12.884170102511838,292.82083282470705,320.6829842234461,264.958681425968,0.1903017017605324
2022-08-22,289.913330078125,292.3999938964844,286.2966613769531,291.913330078125,55843200,TSLA,293.89483337402345,260.2044668579102,300.7342993927002,-0.022764022407583906,0.03299265665938299,-0.29284257576189543,44.593036917939514,10.46687328290676,12.400710738590822,293.89483337402345,319.35090796801086,268.43875878003604,0.17323254241486372
2022-08-23,296.4533386230469,298.82666015625,287.92333984375,291.4533386230469,63984900,TSLA,295.77450103759764,261.48893371582034,300.16671607971193,0.0225584954757323,0.03182202208873071,-0.2768901682065896,44.441058079534244,9.746183006270599,11.869805192126778,295.77450103759764,315.1679242194922,276.3810778557031,0.13113654567152383
2022-08-24,297.0966796875,303.64666748046875,296.5,297.5633239746094,57259800,TSLA,296.8883346557617,263.11613403320314,299.61538276672366,0.002170125887066332,0.02913950449639757,-0.27532092884142256,44.10412516130361,9.121792669246872,11.320202687550797,296.8883346557617,313.58591053340837,280.190758778115,0.1124838798197127
2022-08-25,296.07000732421875,302.9599914550781,291.6000061035156,302.3599853515625,53230000,TSLA,297.64683532714844,264.6197341918945,299.1574994659424,-0.003455684406709514,0.028876615232532404,-0.277825191007494,55.03826180580776,8.446746117878206,10.74551137361628,297.64683532714844,312.5703532905461,282.72331736375077,0.10027667821157911
2022-08-26,288.0899963378906,302.0,287.4700012207031,297.42999267578125,57163900,TSLA,297.19383544921874,265.72153411865236,298.89211616516116,-0.026953121859416895,0.026534506382375884,-0.2972900566380701,48.613196462534596,7.1850222041600205,10.033413539725029,297.19383544921874,312.7187643816069,281.6689065168306,0.10447678976195239
2022-08-29,284.82000732421875,287.739990234375,280.70001220703125,282.8299865722656,41864700,TSLA,296.5710021972656,267.1559341430664,298.5362995147705,-0.01135058160727187,0.0266267929008876,-0.3052662231964411,50.925616637576674,5.853757652957881,9.1974823623716,296.5710021972656,313.0519805312023,280.09002386332895,0.11114355895775853
2022-08-30,277.70001220703125,288.4800109863281,272.6499938964844,287.8699951171875,50541800,TSLA,295.4266693115234,268.37473449707034,298.1522829437256,-0.0249982267189629,0.026927181049949598,-0.3226333356582978,39.09953127215573,4.176057808303597,8.193197451558,295.4266693115234,313.8028913238887,277.0504472991582,0.12440462504749542
2022-08-31,275.6099853515625,281.25,271.80999755859375,280.6199951171875,52107300,TSLA,293.83733520507815,269.14620086669925,297.8079662322998,-0.007526203685978228,0.0262142537985779,-0.3277313351442251,42.2138407958311,2.647304416661825,7.084018844578765,293.83733520507815,313.31961726282134,274.35505314733496,0.13260589941129097
2022-09-01,277.1600036621094,277.5799865722656,266.1499938964844,272.5799865722656,54287000,TSLA,292.2636688232422,269.9676675415039,297.50478294372556,0.005623955563764049,0.026246049963161378,-0.32395052604616514,30.591261504290927,1.5430426284200962,5.975823601347032,292.2636688232422,311.7982002548776,272.7291373916068,0.13367745303607795
2022-09-02,270.2099914550781,282.3500061035156,269.0799865722656,281.07000732421875,50890100,TSLA,291.36566772460935,270.67046722412107,297.09794960021975,-0.02507581222110289,0.02253780797685929,-0.34090301570720694,15.436319081809401,0.10587879914083942,4.801834640905794,291.36566772460935,313.2075331895869,269.5238022596318,0.1499275164129624
2022-09-06,274.4200134277344,275.989990234375,265.739990234375,272.67999267578125,55860000,TSLA,290.5655014038086,271.2447341918945,296.65503303527834,0.015580556255471167,0.022798723505628688,-0.3306339180656216,22.304617860354554,-0.6854686453434624,3.7043739836559424,290.5655014038086,313.687742044181,267.4432607634362,0.1591533786954196
2022-09-07,283.70001220703125,283.8399963378906,272.2699890136719,273.1000061035156,50028900,TSLA,290.5838348388672,272.02033447265626,296.2462331390381,0.03381677109982606,0.02356960111676902,-0.30799811849085934,34.32531405652476,-0.5573737930115499,2.852024428322444,290.5838348388672,313.68250041824183,267.4851692594925,0.15898107747241472
2022-09-08,289.260009765625,289.5,279.760009765625,281.29998779296875,53713100,TSLA,290.3290023803711,273.15226806640624,295.79743324279787,0.01959815762903916,0.022265595443197898,-0.2944361565374515,40.16289156796589,-0.00713017134785332,2.2801935083883844,290.3290023803711,313.36478319550616,267.293221565236,0.15868742444790282
2022-09-09,299.67999267578125,299.8500061035156,291.25,291.6700134277344,54338100,TSLA,290.9815017700195,274.5760678100586,295.36771659851075,0.03602289482946186,0.02284238536030874,-0.26901970440892914,52.05286585403885,1.2552773446842593,2.0752102756475597,290.9815017700195,314.31351058250067,267.64949295753837,0.16036764310139456
2022-09-12,304.4200134277344,305.489990234375,300.3999938964844,300.7200012207031,48674600,TSLA,291.2010025024414,276.1750015258789,295.0414333343506,0.01581694096302666,0.020626448696636768,-0.25745783222842933,60.16157449626612,2.608159220994196,2.181800064716887,291.2010025024414,314.96994377301564,267.4320612318671,0.16324766100607765
2022-09-13,292.1300048828125,297.3999938964844,290.3999938964844,292.8999938964844,68229600,TSLA,290.3415023803711,277.47233489990236,294.64208335876464,-0.04037188096320543,0.021315462235979826,-0.28743565623586365,47.197375641914874,2.657987254736213,2.277037502720752,290.3415023803711,312.5432666717317,268.13973808901045,0.1529355197885179
2022-09-14,302.6099853515625,306.0,291.6400146484375,292.239990234375,72628700,TSLA,290.1438354492187,278.86320129394534,294.3519332122803,0.03587437200418364,0.02291433388696516,-0.26187285789075204,53.16977842782078,3.50274569742885,2.522179141662372,290.1438354492187,311.80120972802825,268.4864611704092,0.14928715783520427
2022-09-15,303.75,309.1199951171875,300.7200012207031,301.8299865722656,64795500,TSLA,290.13150177001955,280.30353454589846,293.97569984436035,0.003767273730617582,0.022852731189351747,-0.2590921308984281,54.40973001009308,4.215617489756482,2.8608668112811944,290.13150177001955,311.75591480179145,268.50708873824766,0.14906628821652781
2022-09-16,303.3500061035156,303.7099914550781,295.6000061035156,299.6099853515625,87087800,TSLA,290.15550231933594,281.47966796875,293.58451652526855,-0.0013168523341049454,0.02283743590819985,-0.26006779715521117,59.59748305028141,4.6941857057949505,3.227530590183946,290.15550231933594,311.84042557385163,268.47057906482024,0.14947104625746477
2022-09-19,309.07000732421875,309.8399963378906,297.79998779296875,300.0899963378906,60231200,TSLA,290.77566986083986,282.64580139160154,293.30486656188964,0.018856110452001085,0.022644141087416813,-0.24611555381137729,64.7955938540371,5.471933713678425,3.676411214882842,290.77566986083986,313.9059267549173,267.6454129667624,0.15909348196255327
2022-09-20,308.7300109863281,313.3299865722656,305.5799865722656,306.9100036621094,61642800,TSLA,291.71650390625,284.1335348510742,293.0408499908447,-0.0011000625419275156,0.021887930808787096,-0.24694487385157113,70.63986167435255,5.991800009553913,4.139488973817056,291.71650390625,316.1907786291765,267.2422291833235,0.16779492689101946
2022-09-21,300.79998779296875,313.79998779296875,300.6300048828125,308.2900085449219,62555700,TSLA,291.93383636474607,285.4881344604492,292.8532332611084,-0.025685948599634356,0.02231695638628967,-0.26628780911451083,65.54745119489719,5.698225599051,4.451236298863845,291.93383636474607,316.66110873097017,267.206563998522,0.16940326393223917
2022-09-22,288.5899963378906,301.2900085449219,285.82000732421875,299.8599853515625,70545400,TSLA,291.5085021972656,286.5191345214844,292.61449989318845,-0.040591728559117746,0.024167109005246597,-0.29607045520745023,56.234311768520605,4.429263701539128,4.446841779398902,291.5085021972656,316.1543671245582,266.86263726997305,0.16909191149844785
2022-09-23,275.3299865722656,284.5,272.82000732421875,283.0899963378906,63748400,TSLA,290.471501159668,287.25946746826173,292.2382331085205,-0.04594757245188685,0.0261636239182331,-0.32841430896782964,52.61277451948384,2.326808288264374,4.022835081171997,290.471501159668,316.0373840232926,264.9056182960434,0.1760302319611824
2022-09-26,276.010009765625,284.0899963378906,270.30999755859375,271.8299865722656,58076900,TSLA,289.8675018310547,287.97833435058595,291.8366831207275,0.0024698479153155706,0.025584318447192493,-0.3267555944488781,50.84171287382401,0.7073159167841823,3.359731248294434,289.8675018310547,316.2286978173335,263.5063058447759,0.18188445286041802
2022-09-27,282.94000244140625,288.6700134277344,277.510009765625,283.8399963378906,61925200,TSLA,289.77350158691405,288.826201171875,291.578383102417,0.02510775852537339,0.026162351826494908,-0.309851936485742,49.587399856988256,-0.01675778949021378,2.6844334407375046,289.77350158691405,316.2237386040884,263.3232645697397,0.18255801080721604
2022-09-28,287.80999755859375,289.0,277.57000732421875,283.0799865722656,54664800,TSLA,290.2790008544922,289.67180114746094,291.32238304138184,0.017212112374233923,0.025739075809820676,-0.29797303046167467,49.20686376498836,-0.19537139286984484,2.1084724740160348,290.2790008544922,316.1375107795276,264.42049092945683,0.17816314544914286
2022-09-29,268.2099914550781,283.6499938964844,265.7799987792969,282.760009765625,77620600,TSLA,289.909001159668,290.0860009765625,291.052749710083,-0.06810050474193607,0.03012279855592838,-0.34578142142968643,34.35730029261545,-1.8966176215204769,1.3074544549087326,289.909001159668,316.8407676051162,262.9772347142198,0.1857946206410851
2022-09-30,265.25,275.57000732421875,262.4700012207031,266.1499938964844,67726600,TSLA,289.3135009765625,289.95686767578127,290.7814830780029,-0.011036096899372572,0.03016257562850519,-0.35300144105615816,30.17913050407266,-3.444013641848187,0.3571608355573488,289.3135009765625,317.90760121468116,260.7194007384439,0.19766861996830953
2022-10-03,242.39999389648438,255.16000366210938,241.00999450683594,254.5,98363500,TSLA,287.9230010986328,289.36000061035156,290.366833114624,-0.08614516909902215,0.03530109814143341,-0.40873724132319905,27.265246717414882,-6.439905442193378,-1.0022524199927967,287.9230010986328,322.5061441548908,253.33985804237483,0.24022494155936477
2022-10-04,249.44000244140625,257.5,242.00999450683594,250.52000427246094,109578500,TSLA,286.6740005493164,288.9801342773437,290.06916648864745,0.029042940273044104,0.035834658128412786,-0.3915652323372734,24.903258779020916,-8.152128758627441,-2.4322276877197258,286.6740005493164,324.92079177214754,248.4272093264853,0.2668312518717688
2022-10-05,240.80999755859375,246.6699981689453,233.27000427246094,245.00999450683594,86982700,TSLA,284.52949981689454,288.6191345214844,289.7189331817627,-0.034597517632881325,0.035282216541892224,-0.4126155649399426,22.25358047306264,-10.089145948666157,-3.9636113399090123,284.52949981689454,327.93957730406277,241.11942232972632,0.3051358647528938
2022-10-06,238.1300048828125,244.5800018310547,235.35000610351562,239.44000244140625,69298400,TSLA,281.9729995727539,287.88533447265627,289.40968315124513,-0.011129075632041241,0.03470177956475344,-0.4191526107428098,21.815048774035233,-11.705564576551808,-5.512001987237571,281.9729995727539,329.98810019338936,233.95789895211846,0.34056523634098324
2022-10-07,223.07000732421875,234.57000732421875,222.02000427246094,233.94000244140625,83916800,TSLA,278.14250030517576,286.7287347412109,288.96081657409667,-0.06324275500689214,0.03500691884523319,-0.4558869998779952,15.611015221686799,-14.039960006759713,-7.217593591142,278.14250030517576,332.0692681227659,224.21573248758563,0.38776359426137397
2022-10-10,222.9600067138672,226.99000549316406,218.36000061035156,223.92999267578125,67925000,TSLA,274.0694999694824,285.2449349975586,288.39416656494143,-0.0004931214719139376,0.03446009493362434,-0.45615531368150286,15.639782672667494,-15.717677728611505,-8.917610418635903,274.0694999694824,331.80988195791076,216.32911798105405,0.42135576556207627
2022-10-11,216.5,225.75,215.0,220.9499969482422,77013200,TSLA,270.2879997253418,283.629401550293,287.6983332824707,-0.02897383620084637,0.0341086290769377,-0.4719125805415956,15.826183947668326,-17.36833827158324,-10.607755989225371,270.2879997253418,332.76046311587777,207.81553633480587,0.4622659049163744
2022-10-12,217.24000549316406,219.3000030517578,211.50999450683594,215.3300018310547,66860700,TSLA,266.0195007324219,281.96246826171875,286.96129997253416,0.003418039229395209,0.032320978033658,-0.47010755702533674,18.110322354929366,-18.404629275635358,-12.167130646507369,266.0195007324219,330.8160544160752,201.22294704876856,0.4871564190238032
2022-10-13,221.72000122070312,222.99000549316406,206.22000122070312,208.3000030517578,91483000,TSLA,261.91800079345705,280.2489349365234,286.25578330993653,0.020622332969329804,0.0330724569151967,-0.45917993862838163,23.998461836311677,-18.649420240423666,-13.463588565290628,261.91800079345705,327.04254148458557,196.79346010232854,0.4972895371363524
2022-10-14,204.99000549316406,226.25999450683594,204.16000366210938,224.00999450683594,94124500,TSLA,257.00000076293946,278.17606842041016,285.4704167175293,-0.07545550981161053,0.03551328963955337,-0.4999877920755236,20.194726944647115,-19.963265581523927,-14.763523968537289,257.00000076293946,323.7850899433825,190.21491158249643,0.5197283189274896
2022-10-17,219.35000610351562,221.86000061035156,209.4499969482422,210.0399932861328,79428800,TSLA,252.5140007019043,276.79966827392576,284.7832667541504,0.07005219876844393,0.03993888813487221,-0.4649608374993496,24.879516213110435,-19.6196028732237,-15.73473974947457,252.5140007019043,316.56978434085374,188.45821706295487,0.507344412277306
2022-10-18,220.19000244140625,229.82000732421875,217.25,229.5,75891900,TSLA,248.0870002746582,275.3950015258789,284.1229167175293,0.003829479437051919,0.040052216333946615,-0.4629119160285359,22.409013219385116,-19.05975799078385,-16.399743397736426,248.0870002746582,307.8806201229841,188.29338042633233,0.4820375092780203
2022-10-19,222.0399932861328,222.92999267578125,217.77999877929688,219.8000030517578,66571500,TSLA,244.1490005493164,274.16913452148435,283.23348335266115,0.008401793106927569,0.040341788925046376,-0.45839941306681153,27.970225628855374,-18.256350246378048,-16.77106476746475,244.1490005493164,299.5370028838671,188.76099821476572,0.45372294959169984
2022-10-20,207.27999877929688,215.5500030517578,202.0,208.27999877929688,117798100,TSLA,240.08350067138673,272.4276013183594,282.35390007019043,-0.0664744863679374,0.0416250892950057,-0.4944020338997686,25.139376000707784,-18.596285618156656,-17.136108937603133,240.08350067138673,293.64301348725326,186.5239878555202,0.44617404083236756
2022-10-21,214.44000244140625,214.66000366210938,203.8000030517578,206.4199981689453,75713800,TSLA,237.03900146484375,270.9838012695312,281.61256675720216,0.03454266549727758,0.0424172113733303,-0.4769373324806644,36.14470111674985,-18.079524883761877,-17.324792126834883,237.03900146484375,289.0629765792262,185.01502635046128,0.43894865227145624
2022-10-24,211.25,213.5,198.58999633789062,205.82000732421875,100446800,TSLA,233.8010009765625,269.2082012939453,280.89431678771973,-0.014875967194030837,0.04229266906678999,-0.4847183955631043,30.324571228759538,-17.723094020131583,-17.404452505494223,233.8010009765625,283.6269857470687,183.97501620605627,0.4262255898168807
2022-10-25,222.4199981689453,224.35000610351562,210.0,210.10000610351562,96507900,TSLA,230.77500076293944,267.47020111083987,280.29481674194335,0.05287573097725584,0.04401021516990411,-0.4574725040693702,40.7671438480133,-16.350812503580812,-17.19372450511154,230.77500076293944,275.0807300259498,186.4692714999291,0.3839733863419878
2022-10-26,224.63999938964844,230.60000610351562,218.1999969482422,219.39999389648438,85012500,TSLA,227.6165008544922,265.8317346191406,279.6544834136963,0.009981122376490958,0.04379519963296318,-0.4520574707398754,43.195800007480855,-14.912235007154948,-16.737426605520223,227.6165008544922,262.8879706586474,192.34503105033696,0.309920147895632
2022-10-27,225.08999633789062,233.80999755859375,222.85000610351562,229.77000427246094,61638800,TSLA,225.46050109863282,264.25360107421875,279.0059334564209,0.00200319154854367,0.04177612277664558,-0.4509598368961739,51.19497709195462,-13.579307183518182,-16.105802721119815,225.46050109863282,255.10736589134717,195.81363630591846,0.26298943405385816
2022-10-28,228.52000427246094,228.86000061035156,216.35000610351562,225.39999389648438,69152400,TSLA,223.62400131225587,262.7666012573242,278.30483352661133,0.015238384603380561,0.04208373081140676,-0.442593351728095,53.164843915297034,-12.106621706588953,-15.305966518213642,223.62400131225587,246.71945777915963,200.52854484535212,0.2065561507832477
2022-10-31,227.5399932861328,229.85000610351562,221.94000244140625,226.19000244140625,61554300,TSLA,222.8810012817383,261.3840679931641,277.72326683044435,-0.004288512900427199,0.03768817509731046,-0.44498379732999294,56.70227853588993,-10.893018614381845,-14.423376937447284,222.8810012817383,244.33060750768615,201.43139505579043,0.19247586023569546
2022-11-01,227.82000732421875,237.39999389648438,227.27999877929688,234.0500030517578,62688800,TSLA,221.8000015258789,260.14220153808594,277.1130168914795,0.0012306146011606955,0.036970246464256055,-0.4443007862871064,56.45909685491986,-9.795715714436255,-13.49784469284508,221.8000015258789,239.45785299603,204.14215005572783,0.15922318619182538
2022-11-02,214.97999572753906,227.8699951171875,214.82000732421875,226.0399932861328,63070300,TSLA,220.50850143432618,258.51273468017575,276.4704002380371,-0.05636033352596026,0.03822144484493006,-0.475620179312079,46.266339671775526,-9.848647806642077,-12.76800531560448,220.50850143432618,235.9515836414781,205.06541922717426,0.14006790764710098
2022-11-03,215.30999755859375,221.1999969482422,210.13999938964844,211.36000061035156,56538800,TSLA,219.36750106811525,256.87700103759767,275.8875335693359,0.0015350350619269815,0.0382186768609412,-0.47481523790155605,56.986181773708495,-9.751558584022462,-12.164715969288077,219.36750106811525,232.5327756894912,206.2022264467393,0.12002939867823016
2022-11-04,207.47000122070312,223.8000030517578,203.0800018310547,222.60000610351562,98622200,TSLA,218.58750076293944,255.10500091552734,275.26443359375,-0.03641259777431871,0.03647264289323577,-0.49393857940104796,41.179091071414,-10.189775469790106,-11.769727869388484,218.58750076293944,232.6472612298544,204.5277402960245,0.12864194354976333
2022-11-07,197.0800018310547,208.89999389648438,196.66000366210938,208.64999389648438,93916500,TSLA,217.29350051879882,253.28480102539064,274.67666694641116,-0.05007952633400592,0.03795013447193283,-0.5192818956405576,34.97204342472264,-11.245816850465616,-11.664945665603911,217.29350051879882,234.14536329395796,200.4416377436397,0.15510691976450736
2022-11-08,191.3000030517578,195.1999969482422,186.75,194.02000427246094,128803400,TSLA,216.03350067138672,251.4144009399414,274.0831669616699,-0.02932818513088775,0.03796177111712032,-0.5333804852009808,30.98244503761076,-12.406124765292418,-11.813181485541612,216.03350067138672,236.51306866848506,195.55393267428838,0.18959622404351315
2022-11-09,177.58999633789062,195.88999938964844,177.1199951171875,190.77999877929688,127062700,TSLA,214.05100021362304,249.4122006225586,273.44045028686526,-0.07166757185130745,0.0406531987929689,-0.5668219728050617,31.39025710574792,-14.26749332798326,-12.304043854029942,214.05100021362304,240.76607209077184,187.33592833647424,0.24961408122818526
2022-11-10,190.72000122070312,191.0,180.02999877929688,189.89999389648438,132703000,TSLA,212.50100021362306,247.7144009399414,272.8317002868652,0.07393437216942544,0.0442981358174922,-0.5347952273268136,36.16749064790196,-14.515830207496975,-12.746401124723349,212.50100021362306,240.88751850448136,184.11448192276475,0.2671659734525663
2022-11-11,195.97000122070312,196.52000427246094,182.58999633789062,186.0,114403600,TSLA,212.05,246.09060089111327,272.4297169494629,0.027527264924482875,0.041782939051106624,-0.521989412305305,41.29841100133749,-14.126170153469246,-13.02235493047253,212.05,241.21491894247808,182.88508105752194,0.2750758683563128
2022-11-14,190.9499969482422,195.72999572753906,186.33999633789062,192.77000427246094,92226600,TSLA,210.62999954223633,244.50540100097658,271.9738835906982,-0.02561618738169713,0.03851906083686743,-0.5342342210901274,30.728732364570632,-14.060355122578699,-13.229954968893765,210.62999954223633,241.03743067708643,180.22256840738623,0.2887283976730265
2022-11-15,194.4199981689453,200.82000732421875,192.05999755859375,195.8800048828125,91293800,TSLA,209.34149932861328,242.90540069580078,271.3847836303711,0.018172303095892017,0.03884773318955847,-0.525770184184083,31.77323208915692,-13.571749458291208,-13.298313866773253,209.34149932861328,240.22352342074382,178.45947523648275,0.2950396762340329
2022-11-16,186.9199981689453,192.57000732421875,185.66000366210938,191.50999450683594,66567600,TSLA,207.58549957275392,240.96980041503906,270.76730033874514,-0.03857627852399581,0.0393806040724598,-0.5440642056433811,28.782671726576254,-13.632565539452969,-13.365164201309195,207.58549957275392,239.40695367211796,175.76404547338987,0.30658648282137224
2022-11-17,183.1699981689453,186.16000366210938,180.89999389648438,183.9600067138672,64336000,TSLA,206.37999954223633,238.84800018310546,270.1737170410156,-0.020062058831236462,0.03704103713466551,-0.5532112163730301,24.880923363294215,-13.824001893189887,-13.456931739685334,206.37999954223633,240.02468236710388,172.7353167173688,0.3260459627821838
2022-11-18,180.19000244140625,185.19000244140625,176.5500030517578,185.0500030517578,76048900,TSLA,204.66749954223633,236.45820037841796,269.5894337463379,-0.016269016527425406,0.03587334771781944,-0.5604800304781256,24.34162079136975,-14.054169614204113,-13.576379314589092,204.66749954223633,240.02769547447528,169.30730360999738,0.3455379677899649
2022-11-21,167.8699951171875,176.77000427246094,167.5399932861328,175.85000610351562,92882700,TSLA,202.4984992980957,233.72720001220702,268.8899169921875,-0.06837231343190053,0.03831993759255873,-0.5905310275938546,21.26354325048544,-15.057131579731788,-13.872529767617632,202.4984992980957,241.31186432178023,163.68513427441118,0.38334471769637973
2022-11-22,169.91000366210938,170.9199981689453,166.19000244140625,168.6300048828125,78452300,TSLA,199.8729995727539,231.28279998779297,268.22723373413083,0.012152311933396831,0.035758835897850595,-0.5855550329141276,25.900983849773013,-15.508601024014922,-14.19974401889709,199.8729995727539,240.0909483036992,159.65505084180862,0.4024350344160011
2022-11-23,183.1999969482422,183.6199951171875,172.5,173.57000732421875,109536700,TSLA,197.8009994506836,228.89460021972656,267.6065670013428,0.07821783885404354,0.040925210504479524,-0.5531380432647355,34.920636967997254,-14.625409801992362,-14.284877175516144,197.8009994506836,236.90078326234388,158.70121563902333,0.3953446536695459
2022-11-25,182.86000061035156,185.1999969482422,180.6300048828125,185.05999755859375,50672700,TSLA,195.68949966430665,226.4768002319336,266.9675337219238,-0.0018558752377418886,0.040877930194799184,-0.5539673633049293,37.56694123848557,-13.793901745572867,-14.186682089527489,195.68949966430665,233.10928802721384,158.26971130139947,0.38244043167465336
2022-11-28,182.9199981689453,188.5,179.0,179.9600067138672,92905200,TSLA,193.40949935913085,224.0682000732422,266.3745503997803,0.0003281065208000644,0.040536711073699744,-0.5538210170883401,42.01263463331401,-12.980453728084939,-13.94543641723898,193.40949935913085,227.8444655941248,158.97453312413688,0.35608350519592297
2022-11-29,180.8300018310547,186.3800048828125,178.75,184.99000549316406,83357100,TSLA,191.07399978637696,221.5033999633789,265.84536712646485,-0.011425739989130657,0.04051250989887329,-0.5589189421357035,43.83755166792282,-12.361934861245686,-13.628736106040321,191.07399978637696,221.9102557895597,160.23774378319422,0.32276768202537287
2022-11-30,194.6999969482422,194.75999450683594,180.6300048828125,182.42999267578125,109186400,TSLA,189.41799926757812,219.2227996826172,265.3592670440674,0.07670184691003823,0.04494901316029609,-0.5250872103604785,60.051698089325676,-10.630025199972096,-13.028993924826677,189.41799926757812,215.06617261580027,163.76982591935598,0.27081030786298915
2022-12-01,194.6999969482422,198.9199981689453,191.8000030517578,197.0800018310547,80046200,TSLA,188.40399932861328,217.10079986572265,264.7953837585449,0.0,0.04342401733784785,-0.5250872103604785,52.76465404541302,-9.151976032877684,-12.253590346436878,188.40399932861328,211.24720262703661,165.56079603018995,0.24249170272208856
2022-12-02,194.86000061035156,196.25,191.11000061035156,191.77999877929688,73645900,TSLA,187.38149948120116,215.22619995117188,264.2307004547119,0.0008217959148295595,0.04341947769948285,-0.5246969289700524,49.17027909965616,-7.876900455608364,-11.378252368271177,187.38149948120116,206.71482927021498,168.04816969218734,0.20635259983020268
2022-12-05,182.4499969482422,191.27000427246094,180.5500030517578,189.44000244140625,93122700,TSLA,186.13049926757813,213.3686001586914,263.68236709594726,-0.06368676805520912,0.04489143295840618,-0.5549674454106652,44.278405937205605,-7.778116173464696,-10.658225129309882,186.13049926757813,203.0819195022932,169.17907903286306,0.18214554091262594
2022-12-06,179.82000732421875,183.64999389648438,175.3300018310547,181.22000122070312,92150800,TSLA,185.26749954223632,211.44480010986328,263.1531671142578,-0.01441485156488942,0.043718506405995096,-0.5613825236266141,40.05991735236694,-7.821881322152137,-10.090956367878333,185.26749954223632,201.61858776957737,168.91641131489527,0.17651329313281325
2022-12-07,174.0399932861328,179.3800048828125,172.22000122070312,175.02999877929688,84213300,TSLA,184.40449905395508,209.2667999267578,262.65415046691896,-0.032143331123685615,0.04380989720145934,-0.5754811504063192,41.02063255466421,-8.228115748553364,-9.718388244013338,184.40449905395508,201.23005174414914,167.57894636376102,0.18248527315237634
2022-12-08,173.44000244140625,175.1999969482422,169.05999755859375,172.1999969482422,97624500,TSLA,184.19699935913087,206.97940002441408,262.24795051574705,-0.003447430865732959,0.040801089876452895,-0.5769446497914938,42.905062816505314,-8.500485400742747,-9.47480767535922,184.19699935913087,201.47273791171662,166.92126080654512,0.18757893573394274
2022-12-09,179.0500030517578,182.5,173.36000061035156,173.83999633789062,104872300,TSLA,183.6134994506836,205.19620025634765,261.80858383178713,0.0323454827685834,0.03775961185809188,-0.5632607202511676,49.19943859655139,-8.169487382677971,-9.21374361682297,183.6134994506836,200.74933756168753,166.47766133967968,0.18665117937699785
2022-12-12,167.82000732421875,177.3699951171875,167.52000427246094,176.10000610351562,109794500,TSLA,182.20599975585938,203.24760040283203,261.2979005432129,-0.0627198857086465,0.039344050416730295,-0.590652957961491,49.96435044685997,-8.712898994850548,-9.113574692428486,182.20599975585938,199.68925882593246,164.7227406857863,0.19190651343533321
2022-12-13,160.9499969482422,175.0500030517578,156.91000366210938,174.8699951171875,175862700,TSLA,180.70599975585938,201.61860046386718,260.65193382263186,-0.04093677795344208,0.0398713509675,-0.6074103069273198,44.02187867204124,-9.587391552957087,-9.208338064534207,180.70599975585938,200.07643746026196,161.3355620514568,0.21438621551661557
2022-12-14,156.8000030517578,161.6199951171875,155.30999755859375,159.25,140682300,TSLA,178.825,199.76580047607422,259.9953172302246,-0.025784367661833008,0.039577160492843454,-0.6175329839137519,29.939210642752258,-10.494330915831824,-9.46553663479373,178.825,199.8258799033564,157.82412009664358,0.23487633052824167
2022-12-15,157.6699981689453,160.92999267578125,153.27999877929688,153.44000244140625,122334500,TSLA,177.3625,198.10300048828125,259.31718391418457,0.005548438139381551,0.03912505659358079,-0.6154108893346435,31.011602939221106,-11.015901109125195,-9.775609529660024,177.3625,199.99992837595758,154.72507162404244,0.2552673578231877
2022-12-16,150.22999572753906,160.99000549316406,150.0399932861328,159.63999938964844,139032200,TSLA,175.7154998779297,196.34500030517577,258.66951721191407,-0.047187179094365206,0.04003389331746111,-0.6335585645773524,27.825256931871394,-11.892505858636753,-10.19898879545537,175.7154998779297,201.18930930348304,150.24169045237633,0.2899437948644271
2022-12-19,149.8699951171875,155.25,145.82000732421875,154.0,139390600,TSLA,174.19949951171876,194.88100006103517,258.0217172241211,-0.00239632976495896,0.040023439625929885,-0.63443667909617,28.494020178149242,-12.472495316673673,-10.65369009969903,174.19949951171876,202.0500400621741,146.3489589612634,0.31975454152876925
2022-12-20,137.8000030517578,148.47000122070312,137.66000366210938,146.0500030517578,159563300,TSLA,172.69599990844728,193.17779998779298,257.3697505950928,-0.08053641461716088,0.041061516185459175,-0.6638778382773071,9.46138512770159,-13.747614682843192,-11.272475016327864,172.69599990844728,204.89276466269652,140.49923515419803,0.3728721542052853
2022-12-21,137.57000732421875,141.25999450683594,135.88999938964844,139.33999633789062,145417400,TSLA,171.07900009155273,191.59920013427734,256.683600692749,-0.0016690545895901021,0.0408018999645475,-0.6644388445139933,9.430479311562166,-14.608319091208813,-11.939643831304053,171.07900009155273,206.90836235162956,135.2496378314759,0.41886335834208516
2022-12-22,125.3499984741211,136.6300048828125,122.26000213623047,136.0,210090300,TSLA,168.18650016784667,189.76139999389648,255.87873401641846,-0.08882756559936855,0.03890846564035161,-0.6942459250655264,7.857398121856988,-16.090999101859666,-12.769914885415176,168.18650016784667,208.90290603699952,127.47009429869382,0.4841816177697819
2022-12-23,123.1500015258789,128.6199951171875,121.0199966430664,126.37000274658203,166989700,TSLA,165.20100021362305,187.79,255.09731742858887,-0.017550833466474902,0.038722181494822386,-0.6996121639163975,8.967612654745764,-17.24476810776372,-13.664885529884884,165.20100021362305,209.94443843395916,120.45756199328693,0.541684834383302
2022-12-27,109.0999984741211,119.66999816894531,108.76000213623047,117.5,208643400,TSLA,161.51000022888184,185.87219985961914,254.3172340774536,-0.1140885333144338,0.0438520110173024,-0.7338829715606723,7.743780716905988,-19.072994573979628,-14.746507338703834,161.51000022888184,211.9194237272477,111.10057673051598,0.624226653791453
2022-12-28,112.70999908447266,116.2699966430664,108.23999786376953,110.3499984741211,221070500,TSLA,158.10400009155273,183.7393997192383,253.60350074768067,0.03308891531476843,0.04564719892362561,-0.7250774477428255,12.378846721030598,-20.00003241678195,-15.79721235431946,158.10400009155273,212.0950974159806,104.11290276712487,0.6829820534985002
2022-12-29,121.81999969482422,123.56999969482422,117.5,120.38999938964844,221923300,TSLA,154.46000022888182,181.77199966430663,252.87611743927002,0.0808269069678893,0.046125101764895926,-0.7028563081881601,21.328591051131767,-19.77169982422828,-16.592109848301224,154.46000022888182,207.88603429818335,101.03396615958029,0.6917782466675358
2022-12-30,123.18000030517578,124.4800033569336,119.75,119.94999694824219,157777300,TSLA,150.8840003967285,179.7947998046875,252.09163414001466,0.011164017515666869,0.0464733507859682,-0.6995389908081028,17.430334071781417,-19.258998173689776,-17.125487513378935,150.8840003967285,202.51333898804336,99.25466180541366,0.6843580294207826
2023-01-03,108.0999984741211,118.80000305175781,104.63999938964844,118.47000122070312,231402800,TSLA,146.546000289917,177.81119979858397,251.17946750640868,-0.12242248574195735,0.0512700076353893,-0.736322174421912,16.68154038168936,-19.84079619271168,-17.668549249245487,146.546000289917,197.18769975676508,95.90430082306892,0.691137245188021
2023-01-04,113.63999938964844,114.58999633789062,107.5199966430664,109.11000061035156,180389000,TSLA,143.1055004119873,175.79519973754884,250.23868419647218,0.05124885285593783,0.05342513511630855,-0.7228089883374869,23.207610626229112,-19.62857751700058,-18.060554902796508,143.1055004119873,192.81778910610973,93.39321171786484,0.6947641921659955
2023-01-05,110.33999633789062,111.75,107.16000366210938,110.51000213623047,157986300,TSLA,139.6314998626709,173.77699966430663,249.2551174545288,-0.029039097760312105,0.0534160038436136,-0.7308583652234344,23.433208247563726,-19.501869937401338,-18.348817909717475,139.6314998626709,188.23944802652633,91.02355169881545,0.6962318418360025
2023-01-06,113.05999755859375,114.38999938964844,101.80999755859375,103.0,220911100,TSLA,136.58250007629394,171.5897996520996,248.16378414154053,0.024651090365942707,0.05438981136163084,-0.7242237304633198,25.01960110805217,-18.96337393079429,-18.471729113932838,136.58250007629394,183.73098286351882,89.43401728906906,0.6904029837041802
2023-01-09,119.7699966430664,123.5199966430664,117.11000061035156,118.95999908447266,190284000,TSLA,133.89899978637695,169.49239959716797,247.09745071411132,0.059349011404278285,0.05713218642006674,-0.707856681497558,32.80262121721056,-17.79009794245991,-18.335402879638252,133.89899978637695,178.240529810973,89.55746976178091,0.662313088153589
2023-01-10,118.8499984741211,122.76000213623047,114.91999816894531,121.06999969482422,167642500,TSLA,130.8889995574951,167.36759963989257,246.00183406829834,-0.007681374256751861,0.05601206204243559,-0.7101007436635848,32.59650152206929,-16.74151862670118,-18.01662602905084,130.8889995574951,170.21482051241827,91.56317860257195,0.6009033774858773
2023-01-11,123.22000122070312,125.94999694824219,120.51000213623047,122.08999633789062,183810800,TSLA,128.65899925231935,165.2615995788574,244.9335340499878,0.036769060182475055,0.056318367595973765,-0.6994414204604963,41.046426291740055,-15.380591380989642,-17.489419099438603,128.65899925231935,164.02602848354402,93.29197002109467,0.5497793304277876
2023-01-12,123.55999755859375,124.12999725341797,117.0,122.55999755859375,169400900,TSLA,126.78949928283691,163.18199966430663,243.73160076141357,0.0027592625752506095,0.056056104262064796,-0.6986121004203024,41.408066139250046,-14.111938231258662,-16.813922925802615,126.78949928283691,158.75928033474364,94.81971823093019,0.5042969840994453
2023-01-13,122.4000015258789,122.62999725341797,115.5999984741211,116.55000305175781,180714100,TSLA,125.06949920654297,161.07359954833984,242.51098403930663,-0.009388119582672827,0.05595738013351075,-0.7014415660623272,47.90691294370553,-13.04969469796795,-16.061077280235683,125.06949920654297,153.77595227257146,96.36304614051448,0.4590480212705084
2023-01-17,131.49000549316406,131.6999969482422,125.0199966430664,125.69999694824219,186477000,TSLA,123.7604995727539,159.40379974365234,241.34511741638184,0.07426473736900463,0.05903688877776921,-0.6792692023766447,55.39038461671222,-11.343609622381635,-15.117583748664874,123.7604995727539,148.29167369791963,99.22932544758817,0.396429785106755
2023-01-18,128.77999877929688,136.67999267578125,127.01000213623047,136.55999755859375,195680300,TSLA,122.6879997253418,157.6731997680664,240.19301734924318,-0.020609982513142944,0.05838815193521367,-0.6858794585070884,64.90457191558207,-10.093844248343188,-14.112835848600538,122.6879997253418,144.0125786794058,101.36342077127779,0.3476228971342389
2023-01-19,127.16999816894531,129.99000549316406,124.30999755859375,127.26000213623047,170291900,TSLA,121.5529998779297,156.06719970703125,239.0212173461914,-0.012501946153228194,0.058399010115465555,-0.6898065766024557,61.29334301486874,-9.12808687579593,-13.115886054039617,121.5529998779297,138.81547432666054,104.29052542919887,0.2840320595306866
2023-01-20,133.4199981689453,133.50999450683594,127.3499984741211,128.67999267578125,138858100,TSLA,121.33399963378906,154.79399963378907,237.77923393249512,0.0491468120625187,0.056928044778816404,-0.6745615587197074,59.483319434681434,-7.768840081056098,-12.046476859442915,121.33399963378906,137.82238903272557,104.84561023485257,0.27178514593933845
2023-01-23,143.75,145.3800048828125,134.27000427246094,135.8699951171875,203119200,TSLA,121.64299926757812,153.8429995727539,236.67921730041505,0.07742468874848996,0.059497140753724885,-0.6493645886967869,64.66561815545359,-5.791323613400209,-10.795446210234374,121.64299926757812,139.5804795214911,103.70551901366515,0.29492005889226547
2023-01-24,143.88999938964844,146.5,141.10000610351562,143.0,158699100,TSLA,122.56999931335449,153.16899963378907,235.6557339477539,0.0009739087975544347,0.0553743202769759,-0.6490231017849847,82.4243471505205,-4.164821317191894,-9.469321231625878,122.56999931335449,143.0501734462974,102.08982518041157,0.3341792322374848
2023-01-25,144.42999267578125,146.41000366210938,138.07000732421875,141.91000366210938,192734300,TSLA,123.63399887084961,152.24319946289063,234.61578384399414,0.003752820129427681,0.0550524294878023,-0.6477059486163993,80.67343274397948,-2.799957417654042,-8.135448468831513,123.63399887084961,146.33205946744184,100.93593827425738,0.36718153265111236
2023-01-26,160.27000427246094,161.4199981689453,154.75999450683594,159.97000122070312,234815100,TSLA,126.1924991607666,151.52919952392577,233.70798393249513,0.10967259156647335,0.05122117648748085,-0.6090689470077074,89.79754438864394,-0.43512058930488706,-6.595382892926188,126.1924991607666,153.13200462688712,99.25299369464608,0.4269589023956195
2023-01-27,177.89999389648438,180.67999267578125,161.1699981689453,162.42999267578125,306590600,TSLA,129.45199890136718,151.26819946289064,232.97093391418457,0.11000180416824756,0.054953736343493625,-0.5660658258731625,91.75682434802775,2.8290113754412403,-4.710504039252703,129.45199890136718,164.17390452292398,94.73009327981038,0.536444487782878
2023-01-30,166.66000366210938,179.77000427246094,166.5,178.0500030517578,230878800,TSLA,131.69399909973146,150.71299957275392,232.1593172454834,-0.06318150994943417,0.05659736664222025,-0.5934824422131567,78.5323186184824,4.457502880401108,-2.876902655321941,131.69399909973146,169.9515965593372,93.43640164012572,0.5810074524448662
2023-01-31,173.22000122070312,174.3000030517578,162.77999877929688,164.57000732421875,196813500,TSLA,134.1959991455078,150.43899963378905,231.32146720886232,0.03936155894904236,0.05678689839082685,-0.5774812773985092,80.9588936238464,6.205893433059202,-1.0603434376457124,134.1959991455078,176.44595328601685,91.9460450049988,0.6296753168430556
2023-02-01,181.41000366210938,183.80999755859375,169.92999267578125,173.88999938964844,213806300,TSLA,137.86149940490722,150.40379974365234,230.58685050964357,0.047280928205116535,0.04629554573062283,-0.5575042000098706,81.7527060082467,8.158326186928463,0.7833904872691226,137.86149940490722,183.18715519678113,92.53584361303331,0.657553500977816
2023-02-02,188.27000427246094,196.75,182.61000061035156,187.3300018310547,217448300,TSLA,141.59299964904784,150.56539978027342,229.85438385009766,0.03781489703913388,0.04602511979392133,-0.5407712668929946,82.964855189963,10.142274106176842,2.6551672110506668,141.59299964904784,190.65649452559342,92.52950477250225,0.6930214770243484
2023-02-03,189.97999572753906,199.0,183.69000244140625,183.9499969482422,232662000,TSLA,145.57499961853028,151.00759979248048,229.0907004547119,0.009082654784473565,0.044361493608047156,-0.5366002508430726,84.23505649192361,11.71747736005372,4.467629240851277,145.57499961853028,196.83645679954017,94.3135424375204,0.7042618212651508
2023-02-06,194.75999450683594,198.1699981689453,189.9199981689453,193.00999450683594,186188100,TSLA,149.65999946594238,151.504599609375,228.4358337402344,0.025160537355481072,0.044359345404810895,-0.5249408641438892,83.51520269669518,13.199388901923356,6.213981173065694,149.65999946594238,202.99103042829506,96.32896850358968,0.7126958593166246
2023-02-07,196.80999755859375,197.5,189.5500030517578,196.42999267578125,186010300,TSLA,153.51199951171876,151.77679962158203,227.73858367919922,0.010525791279409002,0.04391189172068649,-0.5199404908344913,86.29041553144161,14.373543328862581,7.845893604225072,153.51199951171876,208.8442905807301,98.17970844270741,0.720885549598843
2023-02-08,201.2899932861328,203.0,194.30999755859375,196.10000610351562,180673600,TSLA,157.63399925231934,152.14539947509766,227.0699503326416,0.022763049555982517,0.04320368823357234,-0.5090128724375362,88.3643964025895,15.487042401409383,9.374123363661935,157.63399925231934,214.3593046643891,100.90869384024958,0.7197090181195176
2023-02-09,207.32000732421875,214.0,204.77000427246094,207.77999877929688,215431400,TSLA,161.83899955749513,152.63339965820313,226.44318367004394,0.029956849516678652,0.04315403652891572,-0.4943044449425211,88.33783830209778,16.663978208848505,10.83209433269925,161.83899955749513,220.26591636853533,103.41208274645493,0.7220375431236323
2023-02-10,196.88999938964844,206.1999969482422,192.88999938964844,202.22999572753906,204754100,TSLA,165.50549964904786,152.954599609375,225.96693359375,-0.05030873801899527,0.04625670792999435,-0.5197453501392783,77.53938730455408,16.564152602131713,11.978505986585741,165.50549964904786,223.01435118739727,107.99664811069844,0.6949479220968021
2023-02-13,194.63999938964844,196.3000030517578,187.61000061035156,194.4199981689453,172475500,TSLA,169.11749954223632,152.95339965820312,225.47095024108887,-0.011427700782035255,0.046337666826740426,-0.5252335565770677,75.73790540881453,16.117689205391997,12.806342630346993,169.11749954223632,224.25241018895957,113.98258889551306,0.6520308163964258
2023-02-14,209.25,209.82000732421875,189.44000244140625,191.94000244140625,216455700,TSLA,173.00549926757813,153.2443997192383,225.05468360900878,0.0750616556523096,0.04638307063776767,-0.48959680128558375,78.76797675181484,16.74968871013516,13.595011846304628,173.00549926757813,227.93470866600967,118.07628986914659,0.6349995766721327
2023-02-15,214.24000549316406,214.66000366210938,206.11000061035156,211.75999450683594,181006400,TSLA,177.27849960327148,153.63199981689453,224.67461700439452,0.02384709913101113,0.045156633277842806,-0.47742516560905596,76.50525612165066,17.452028490113577,14.366415175066418,177.27849960327148,231.0049111955164,123.55208801102657,0.6061243942438405
2023-02-16,202.0399932861328,217.64999389648438,201.83999633789062,210.77999877929688,229586500,TSLA,181.02199935913086,154.02379974365235,224.17991691589356,-0.05694553722096751,0.04818065943198509,-0.5071834702916064,62.5233421585625,16.83019083694191,14.859170307441516,181.02199935913086,230.2967362026095,131.7472625156522,0.5444060613397838
2023-02-17,208.30999755859375,208.44000244140625,197.5,199.99000549316406,213738500,TSLA,184.7664993286133,154.59359954833985,223.70605018615723,0.031033480898909227,0.0478621344652451,-0.49188965793023426,72.78195948084414,16.651370328847634,15.21761031172274,184.7664993286133,230.0289091075114,139.5040895497152,0.4899417366607939
2023-02-21,197.3699951171875,209.7100067138672,197.22000122070312,204.99000549316406,180018600,TSLA,187.44749908447267,155.06019958496094,223.10520011901855,-0.05251789433835996,0.04897665341474652,-0.5185745431872821,62.60569164228404,15.448802837677562,15.263848816913706,187.44749908447267,228.65045491946444,146.2445432494809,0.43962129168150466
2023-02-22,200.86000061035156,201.99000549316406,191.77999877929688,197.92999267578125,191828500,TSLA,190.2959991455078,155.60859954833984,222.65403350830078,0.017682553475729224,0.04882946798619689,-0.510061711802614,60.67624764287917,14.608970593763388,15.132873172283643,190.2959991455078,226.37882002041076,154.21317827060486,0.3792283709266279
2023-02-23,202.07000732421875,205.13999938964844,196.3300018310547,203.91000366210938,146360000,TSLA,193.1779998779297,156.06899963378908,222.22163360595704,0.006024129792842503,0.048797388557097046,-0.5071102599640298,58.075839924963375,13.88102312520732,14.88250316286838,193.1779998779297,222.38930077530887,163.96669898055052,0.30242885748727044
2023-02-24,196.8800048828125,197.6699981689453,192.8000030517578,196.3300018310547,142228100,TSLA,195.00849990844728,156.65019958496094,221.89418365478517,-0.025684180003413215,0.0446288263170039,-0.5197697287689492,53.87989460254158,12.738488325454881,14.453700195385682,195.00849990844728,219.78934792337054,170.227651893524,0.25415146546491457
2023-02-27,207.6300048828125,209.4199981689453,201.25999450683594,202.02999877929688,161028300,TSLA,196.49500045776367,157.58379974365235,221.59893371582032,0.0546017865369246,0.03961648727907713,-0.49354829801062194,56.7815376649356,12.555721877495472,14.074104531807642,196.49500045776367,220.5096331321327,172.48036778339463,0.24442996125523256
2023-02-28,205.7100067138672,211.22999572753906,203.75,210.58999633789062,153144900,TSLA,198.44750061035157,158.56199981689454,221.404150390625,-0.009247209573726933,0.036165137038191526,-0.4982315630378884,54.69607637119285,12.116281394790917,13.682539904404297,198.44750061035157,218.2245816380641,178.67041958263903,0.19931801576624053
2023-03-01,202.77000427246094,207.1999969482422,198.52000427246094,206.2100067138672,156852800,TSLA,199.92500076293945,159.46399993896483,221.20466705322266,-0.014291975817664837,0.03595582853798286,-0.5054028254050184,50.79382643098112,11.399383028174753,13.225908529158389,199.92500076293945,215.79605097079076,184.05395055508814,0.15877004023794272
2023-03-02,190.89999389648438,193.75,186.00999450683594,186.74000549316406,181500700,TSLA,200.3995002746582,160.27739990234375,220.8765170288086,-0.05853928157947319,0.03769572167831062,-0.5343561886770458,41.71209180529883,9.76090760521322,12.532908344369357,200.3995002746582,214.39665224353382,186.4023483057826,0.1396924837606059
2023-03-03,197.7899932861328,200.47999572753906,192.8800048828125,194.8000030517578,154193300,TSLA,200.8754997253418,161.23579986572267,220.65818367004394,0.03609219282314147,0.037614414978164055,-0.5175500824518753,50.471102085909884,8.915595956138816,11.80944586672325,200.8754997253418,213.73731259832985,188.01368685235374,0.12805755695019136
2023-03-06,193.80999755859375,198.60000610351562,192.3000030517578,198.5399932861328,128100100,TSLA,201.06699981689454,162.3559997558594,220.35788368225099,-0.020122331071529054,0.03793721731447874,-0.5272580994182106,49.5732640409428,7.834219979810882,11.014400689340777,201.06699981689454,213.3466403234168,188.78735931037227,0.1221447628671533
2023-03-07,187.7100067138672,194.1999969482422,186.10000610351562,191.3800048828125,148125800,TSLA,200.7145004272461,163.35879974365236,220.11341705322266,-0.03147407730028162,0.038205306848108495,-0.5421372145402038,37.86342993847481,6.411100273082212,10.093740606089064,200.7145004272461,214.11046442653702,187.31853642795517,0.13348277250299237
2023-03-08,182.0,186.5,180.0,185.0399932861328,151897800,TSLA,199.9740005493164,164.49179977416992,219.84105041503906,-0.03041929843714275,0.03864135235282836,-0.5560650792543668,31.980777959126726,4.767560363022341,9.028504557475719,199.9740005493164,215.71143079958426,184.23657029904854,0.15739476338962166
2023-03-09,172.9199981689453,185.17999267578125,172.50999450683594,180.25,170023800,TSLA,198.55550079345704,165.48719970703124,219.599150390625,-0.04989011995084991,0.039478512329764424,-0.5782130457007375,33.136445413704976,2.70122484168877,7.76304861431833,198.55550079345704,218.37766411188224,178.73333747503185,0.1996637034905899
2023-03-10,173.44000244140625,178.2899932861328,168.44000244140625,175.1300048828125,191488900,TSLA,196.86150054931642,166.77399978637695,219.34151710510253,0.0030071956856769777,0.03860718118443258,-0.5769446497914938,28.365812447411244,1.0929996334136263,6.42903881813739,196.86150054931642,219.1653364226514,174.55766467598144,0.22659418739671314
2023-03-13,174.47999572753906,177.35000610351562,163.91000366210938,167.4600067138672,167790300,TSLA,195.74100036621093,168.00939971923827,219.16698371887207,0.005996271168666301,0.037407385593896655,-0.5744078951922886,33.80959565838022,-0.09649928053963208,5.123931198401986,195.74100036621093,220.18755101022313,171.29444972219872,0.24978467054194337
2023-03-14,183.25999450683594,183.8000030517578,177.13999938964844,177.30999755859375,143717900,TSLA,195.1720001220703,169.23819961547852,218.98528366088868,0.050320947926932424,0.03937667315854495,-0.5529916970481462,38.41800239626012,-0.32694440417120063,4.033756077887349,195.1720001220703,220.24808984875457,170.09591039538603,0.25696400826963334
2023-03-15,180.4499969482422,182.33999633789062,176.02999877929688,180.8000030517578,145995600,TSLA,193.73199996948242,170.38359954833984,218.70798362731932,-0.015333393227232373,0.03497461150134384,-0.5598458511331448,36.06599003241952,-0.7279260652043149,3.0814196492690167,193.73199996948242,218.71167212192447,168.75232781704037,0.25787863808123557
2023-03-16,184.1300048828125,185.80999755859375,178.83999633789062,180.3699951171875,121136800,TSLA,192.22649993896485,171.90419967651368,218.36258361816405,0.020393505108375454,0.03482357012393119,-0.5508695652497559,41.619561737612244,-0.7402281459887092,2.317090090217472,192.22649993896485,215.57833300689327,168.87466687103642,0.2429616423889841
2023-03-17,180.1300048828125,186.22000122070312,177.3300018310547,184.52000427246094,133197100,TSLA,191.13100051879883,173.23399978637696,217.99946701049805,-0.02172378153438792,0.03300615989678427,-0.5606263766947148,30.16445679861306,-1.0605191990705976,1.6415682323598582,191.13100051879883,214.5998227152938,167.66217832230384,0.2455783952659913
2023-03-20,183.25,186.44000244140625,176.35000610351562,178.0800018310547,129684400,TSLA,189.87800064086915,174.69219985961914,217.68176704406739,0.017320796272765726,0.03234966771926917,-0.5530160756778171,34.07543579613895,-1.0504852945691425,1.1031575269740581,189.87800064086915,212.12931037704794,167.62669090469035,0.23437480551803797
2023-03-21,197.5800018310547,198.0,188.0399932861328,188.27999877929688,153391400,TSLA,189.8885009765625,176.38259994506836,217.37800033569337,0.07819919143822474,0.03548614052746218,-0.5180622942099378,46.83188730962841,0.11248141821064905,0.9050223052213764,189.8885009765625,212.15488992394913,167.6221120291759,0.23452066694796758
2023-03-22,191.14999389648438,200.66000366210938,190.9499969482422,199.3000030517578,150376400,TSLA,189.40300064086915,177.81019989013672,217.1611669921875,-0.03254381959196684,0.03599064733206117,-0.5337463879617359,50.163462793258276,0.5094207292466422,0.8259019900264296,189.40300064086915,211.07770436977876,167.72829691195955,0.22887392127443057
2023-03-23,192.22000122070312,199.30999755859375,188.64999389648438,195.25999450683594,144193900,TSLA,188.91050033569337,179.27759994506835,216.93086700439454,0.0055977366381618765,0.035985853666015456,-0.531136423034954,46.05803868107926,0.8999644121413155,0.8407144744494068,188.91050033569337,209.80697204081915,168.0140286305676,0.22123144735727035
2023-03-24,190.41000366210938,192.36000061035156,187.14999389648438,191.64999389648438,116312400,TSLA,188.5870002746582,180.6213999938965,216.6884836578369,-0.009416281069083654,0.03560145135635342,-0.5355513742587129,47.51752821917393,1.0513026557505611,0.8828321107096377,188.5870002746582,209.1618417226342,168.01215882668222,0.21819999700945214
2023-03-27,191.80999755859375,197.38999938964844,189.94000244140625,194.4199981689453,120851600,TSLA,187.79599990844727,181.9863999938965,216.43820030212402,0.007352522816861606,0.03319910424103318,-0.53213650514069,53.21416583749752,1.269572272477376,0.9601801430631853,187.79599990844727,206.41137291766546,169.18062689922908,0.1982510066060342
2023-03-28,189.19000244140625,192.35000610351562,185.42999267578125,192.0,98654600,TSLA,186.96999969482422,183.32220001220702,216.18561698913575,-0.013659325116185062,0.03325436439400043,-0.5385272047269679,55.923547662028774,1.2171107118754492,1.0115662568256383,186.96999969482422,203.59853325344108,170.34146613620737,0.17787381489820014
2023-03-29,193.8800048828125,195.2899932861328,189.44000244140625,193.1300048828125,123660000,TSLA,186.5254997253418,184.57,215.9938670349121,0.024789906342217005,0.03374122129883434,-0.5270873373526684,68.61456978483483,1.536269390924815,1.1165068836454737,186.5254997253418,201.79549115718035,171.25550829350325,0.1637308727688553
2023-03-30,195.27999877929688,197.3300018310547,194.4199981689453,195.5800018310547,110252200,TSLA,186.74449996948243,185.9,215.8915837097168,0.007220929756684091,0.03100418253236667,-0.5236724682346455,69.09758581268673,1.8804955683505682,1.2693046205864926,186.74449996948243,202.3994360624359,171.08956387652896,0.1676615492880571
2023-03-31,207.4600067138672,207.7899932861328,197.1999969482422,197.52999877929688,170222100,TSLA,187.22800064086914,187.50580017089842,215.8244337463379,0.06237201971890638,0.033034024131634525,-0.4939629580307189,74.13642231463655,3.100382858056122,1.6355202680804186,187.22800064086914,204.79932718479188,169.6566740969464,0.18769977229663556
2023-04-03,194.77000427246094,202.69000244140625,192.1999969482422,199.91000366210938,169545900,TSLA,187.2760009765625,188.73280029296876,215.6332837677002,-0.061168427796826186,0.03570650689271887,-0.5249164482949363,57.967609037055006,3.008495122664158,1.9101152389971667,187.2760009765625,204.92809349094196,169.62390846218304,0.18851419746610898
2023-04-04,192.5800018310547,198.74000549316406,190.32000732421875,197.32000732421875,126463800,TSLA,187.51950073242188,189.70940032958984,215.5306837463379,-0.011244043709844997,0.035022708112492376,-0.5302583085161364,58.46948903417278,2.7275174130265327,2.07359567380304,187.51950073242188,205.3304434339681,169.70855803087565,0.1899636318567345
2023-04-05,185.52000427246094,190.67999267578125,183.75999450683594,190.52000427246094,133882500,TSLA,187.69550094604492,190.54200042724608,215.37448379516601,-0.036660076287605925,0.0353516844305226,-0.5474790747614039,50.92678976385403,1.913104673872425,2.0414974738169174,187.69550094604492,205.3456362123443,170.04536567974554,0.18807201214027067
2023-04-06,185.05999755859375,186.38999938964844,179.74000549316406,183.0800018310547,123857900,TSLA,188.30250091552733,191.35460052490234,215.1146004486084,-0.002479553165553039,0.03324801305563049,-0.5486011244540583,53.44995929566552,1.2165345600515138,1.8765048910638369,188.30250091552733,204.5959672999328,172.00903453112187,0.17305629298800154
2023-04-10,184.50999450683594,185.10000610351562,176.11000061035156,179.94000244140625,142154600,TSLA,188.85600051879882,191.83940032958984,214.8567170715332,-0.0029720256079851515,0.033283488742345275,-0.5499426934715965,50.914629891400786,0.6130502153501709,1.6238139559211038,188.85600051879882,203.71235113779494,173.9996498998027,0.15732992945084961
2023-04-11,186.7899932861328,189.19000244140625,185.64999389648438,186.69000244140625,115770900,TSLA,189.47150039672852,192.01720031738282,214.61531700134276,0.012357047570192181,0.0333377545318906,-0.5443813139255125,40.5067699277094,0.31512876283176183,1.3620769173032357,189.47150039672852,202.7570291307472,176.18597166270982,0.14023775297288024
2023-04-12,180.5399932861328,191.5800018310547,180.30999755859375,190.74000549316406,150256300,TSLA,189.33550033569335,192.29480010986327,214.28948364257812,-0.03346003653646468,0.03245456875749633,-0.5596263318082608,40.635481998537415,-0.4204521901422993,1.0055710958141286,189.33550033569335,202.94060111128093,175.73039956010578,0.14371420839161828
2023-04-13,185.89999389648438,186.5,180.94000244140625,182.9600067138672,112933000,TSLA,189.60800018310547,192.5483999633789,213.99438362121583,0.029688716127604264,0.032911689811904635,-0.5465522029832446,44.81456590825096,-0.5643921793658251,0.6915784407781379,189.60800018310547,202.671283839777,176.54471652643394,0.13779253664461674
2023-04-14,185.0,186.27999877929688,182.00999450683594,183.9499969482422,96438700,TSLA,189.65149993896483,192.62019989013672,213.7560669708252,-0.004841279860318459,0.032652042123837384,-0.5487474706706476,45.49391656494988,-0.7425282403930851,0.40475710454389335,189.65149993896483,202.6435780361983,176.65942184173136,0.13701002208170976
2023-04-17,187.0399932861328,189.69000244140625,182.69000244140625,186.32000732421875,116662200,TSLA,189.99699935913085,192.59559967041017,213.54881690979005,0.011026990735853115,0.03228553516123674,-0.5437715132102026,46.06889367362589,-0.7108971629264147,0.18162625104983174,189.99699935913085,202.27059656707593,177.72340215118578,0.12919780048468676
2023-04-18,184.30999755859375,187.69000244140625,183.5800018310547,187.14999389648438,92067000,TSLA,190.04999923706055,192.48219970703124,213.3480002593994,-0.014595786064655836,0.0322966484302139,-0.550430526599988,45.98551745572365,-0.8957910245106291,-0.03385720406226045,190.04999923706055,202.20954782974368,177.8904506443774,0.12796157475923814
2023-04-19,180.58999633789062,183.5,177.64999389648438,179.10000610351562,125732700,TSLA,189.20049896240235,192.19879974365233,213.11463356018066,-0.020183393575926356,0.026930536700530357,-0.5595043642213424,38.8898101593282,-1.327194676981577,-0.2925246986461238,189.20049896240235,201.51794192883273,176.88305599597197,0.13020518480638976
2023-04-20,162.99000549316406,169.6999969482422,160.55999755859375,166.1699981689453,210970800,TSLA,187.79249954223633,191.52239990234375,212.7642502593994,-0.09745828230593856,0.03361589129089268,-0.6024343122475928,28.759376648008555,-3.054052139585366,-0.8448301868339723,187.79249954223633,204.73952130143897,170.8454777830337,0.18048667332841048
2023-04-21,165.0800018310547,166.0,161.32000732421875,164.8000030517578,123539000,TSLA,186.4354995727539,190.79820007324219,212.43098358154296,0.012822849668400638,0.03380108531954508,-0.5973363872002294,17.854963690924265,-4.205475775473559,-1.5169593045618899,186.4354995727539,206.0294468053578,166.84155234015003,0.21019545395063144
2023-04-24,162.5500030517578,165.64999389648438,158.61000061035156,164.64999389648438,140006600,TSLA,185.04249954223633,189.90279998779297,212.02101692199707,-0.015325895028073244,0.03384888244605701,-0.6035075674616234,21.10830953023381,-5.261485925296,-2.2658646287087123,185.04249954223633,207.23564418471582,162.84935489975683,0.23987078317015345
2023-04-25,160.6699981689453,163.47000122070312,158.75,159.82000732421875,121999300,TSLA,183.4854995727539,189.1783999633789,211.5705502319336,-0.011565701922588656,0.03368117206479528,-0.6080932807509243,21.22631722331225,-6.178856250705508,-3.0484629531080714,183.4854995727539,207.93428274781246,159.03671639769533,0.26649280986222423
2023-04-26,153.75,160.6699981689453,153.13999938964844,160.2899932861328,153364100,TSLA,181.7134994506836,188.36059997558593,211.16758354187013,-0.04306963495243776,0.0345595726858748,-0.6249725600843895,21.280044802533652,-7.379202014851529,-3.914610765456763,181.7134994506836,209.35076695683154,154.07623194453566,0.3041850780453281
2023-04-27,160.19000244140625,160.47999572753906,152.3699951171875,152.63999938964844,127015200,TSLA,180.02899932861328,187.37940002441405,210.80318351745606,0.041886194740853755,0.03565268111686379,-0.6092640877029205,29.71120571613514,-7.721817994114758,-4.676052211188362,180.02899932861328,208.63383658271033,151.42416207451623,0.31778032828904007
2023-04-28,164.30999755859375,165.0,157.32000732421875,160.89999389648438,122515800,TSLA,178.48049926757812,186.38079986572265,210.43953353881835,0.025719427270091355,0.036326025044230575,-0.599214583824783,34.427993938827896,-7.573590811891592,-5.2555599313290084,178.48049926757812,206.96192951220982,149.99906902294643,0.3191545335373845
2023-05-01,161.8300018310547,163.27999877929688,158.8300018310547,163.1699981689453,109015000,TSLA,176.1989990234375,185.5766000366211,210.05711685180665,-0.015093395194377579,0.032344079457968744,-0.6052637964992585,30.817703581572175,-7.568984093977491,-5.7182447638587055,176.1989990234375,202.09955265490305,150.29844539197194,0.293992063235505
2023-05-02,160.30999755859375,165.49000549316406,158.92999267578125,161.8800048828125,128259700,TSLA,174.47599868774415,184.6166000366211,209.65833351135254,-0.00939259874721976,0.030187447820616605,-0.6089713952697419,33.23387589360574,-7.6003725151360015,-6.094670314114165,174.47599868774415,199.752104529272,149.1998928462163,0.28973733959550435
2023-05-03,160.61000061035156,165.0,159.91000366210938,160.00999450683594,119728000,TSLA,172.87749862670898,183.88140014648437,209.25865020751954,0.0018713932775662467,0.03028396947378014,-0.6082396269675135,27.121399226376,-7.514418783822094,-6.378620008055751,172.87749862670898,197.36420468658963,148.39079256682834,0.2832839005006003
2023-05-04,161.1999969482422,162.9499969482422,159.64999389648438,162.7100067138672,95108500,TSLA,171.66149826049804,183.08820007324218,208.83700019836425,0.003673471985857102,0.029652441809792394,-0.6068005062120098,28.347877220000683,-7.314376479811983,-6.565771302406999,171.66149826049804,195.9191162002817,147.40388032071436,0.2826215334899675
2023-05-05,170.05999755859375,170.7899932861328,163.50999450683594,163.97000122070312,107607300,TSLA,170.91149826049804,182.44799987792967,208.44980018615723,0.05496278398315546,0.032695243956891766,-0.5851891673726544,36.257688364466325,-6.3675127857610505,-6.52611959907781,170.91149826049804,194.33819088413645,147.48480563685962,0.27413828633029913
2023-05-08,171.7899932861328,173.8000030517578,169.19000244140625,173.72000122070312,112249400,TSLA,170.2754981994629,181.9461996459961,207.95021682739258,0.010172855182730478,0.03284238316275973,-0.5809693568441086,39.70055308731981,-5.415098405766344,-6.303915360415518,170.2754981994629,192.8218709332297,147.72912546569611,0.26482227886193793
2023-05-09,169.14999389648438,169.82000732421875,166.55999755859375,168.9499969482422,88965000,TSLA,169.39349822998048,181.17659942626952,207.43475006103515,-0.015367597024416146,0.0327432407122551,-0.5874088509090103,40.4187554856258,-4.817792521973018,-6.006690792727019,169.39349822998048,190.5574677085779,148.22952875138307,0.24987936018493132
2023-05-10,168.5399932861328,174.42999267578125,166.67999267578125,172.5500030517578,119840700,TSLA,168.79349822998046,180.43319915771485,206.93528343200683,-0.0036062703657255835,0.03202255567739276,-0.5888967661431378,56.4972944314519,-4.343575225559334,-5.674067679293483,168.79349822998046,189.2970216144065,148.2899748455544,0.24294209906699224
2023-05-11,172.0800018310547,173.57000732421875,166.7899932861328,168.6999969482422,103889900,TSLA,168.10249862670898,179.81939910888673,206.5013835144043,0.021003967520705658,0.03161316765875478,-0.5802619671715512,57.92572398041512,-3.6401441809045707,-5.2672829796157,168.10249862670898,187.05114413298492,149.15385312043304,0.22544156881752953
2023-05-12,167.97999572753906,177.3800048828125,167.22999572753906,176.07000732421875,157849600,TSLA,167.25149841308593,179.3609991455078,205.9671834564209,-0.023826162598143963,0.031943041234006736,-0.5902627137903469,55.93701221436909,-3.374605881459445,-4.888747559984449,167.25149841308593,184.45308015192384,150.049916674248,0.20569719138004502
2023-05-15,166.35000610351562,169.75999450683594,164.5500030517578,167.66000366210938,105592500,TSLA,166.21699905395508,178.73219940185547,205.39443351745606,-0.009703474612936969,0.03175471644488522,-0.594238589145056,56.24451238803762,-3.25813366949194,-4.5626247818859476,166.21699905395508,180.67800177505143,151.75599633285873,0.17400148965993806
2023-05-16,166.52000427246094,169.52000427246094,164.35000610351562,165.64999389648438,98288800,TSLA,165.32749938964844,178.18639953613283,204.74128356933593,0.001021930644472091,0.031707476389826676,-0.5938239291249591,66.48593555534632,-3.1161896760460763,-4.273337760717974,165.32749938964844,177.02755672455464,153.62744205474223,0.14153794593277172
2023-05-17,173.86000061035156,174.5,167.19000244140625,168.41000366210938,125473600,TSLA,164.9909996032715,177.9093994140625,204.1242002105713,0.04407876621166107,0.033260320891695935,-0.575920189056087,67.247037279892,-2.383941088118064,-3.895458426197992,164.9909996032715,175.12514194386296,154.85685726268002,0.12284478989713962
2023-05-18,176.88999938964844,177.05999755859375,172.4499969482422,174.22000122070312,109520300,TSLA,165.6859992980957,177.80719940185546,203.50571685791016,0.01742780840135616,0.024577308741798982,-0.5685294073640731,66.32071097892631,-1.5413653278531285,-3.4246398065290196,165.6859992980957,177.07159242573226,154.30040617045915,0.13743579030056782
2023-05-19,180.13999938964844,181.9499969482422,176.30999755859375,177.1699981689453,136196700,TSLA,166.4389991760254,177.95159942626952,202.86943351745606,0.018373000232992265,0.02470858553230422,-0.560601998065044,73.28923772038102,-0.6044029478409811,-2.860592434791412,166.4389991760254,179.52142154158471,153.35657681046607,0.15720380956777316
2023-05-22,188.8699951171875,189.32000732421875,180.11000061035156,180.6999969482422,132001400,TSLA,167.75499877929687,178.26019927978516,202.27061683654784,0.04846228354123516,0.026072032345921294,-0.53930776750782,80.69647925991575,0.8329820853949172,-2.121877530754146,167.75499877929687,184.08288657874095,151.42711097985278,0.19466350234874977
2023-05-23,185.77000427246094,192.9600067138672,185.25999450683594,186.1999969482422,156952100,TSLA,169.00999908447267,178.4859994506836,201.7586167907715,-0.01641335799687571,0.026283721893799017,-0.546869274046094,75.50690946261935,1.7023530601697132,-1.357031412569374,169.00999908447267,186.83483270093154,151.1851654680138,0.21093229646785416
2023-05-24,182.89999389648438,184.22000122070312,178.22000122070312,182.22999572753906,137605100,TSLA,170.46749877929688,178.47879943847656,201.22100006103517,-0.015449266889003499,0.024117102739636208,-0.5538698115669638,71.02713255661351,2.1351374342296765,-0.6585976432095639,170.46749877929688,187.798763928974,153.13623362961974,0.20333805885326925
2023-05-25,184.47000122070312,186.77999877929688,180.5800018310547,186.5399932861328,96870700,TSLA,171.6814987182617,178.55919952392577,200.72668334960937,0.008583965973816943,0.022842270856127393,-0.5500402452095621,66.2604428527153,2.5751242097501574,-0.011853272617619703,171.6814987182617,189.37918097584958,153.98381646067384,0.20616877636454806
2023-05-26,193.1699981689453,198.60000610351562,184.52999877929688,184.6199951171875,162061500,TSLA,173.1244987487793,178.73999938964843,200.22075004577636,0.047162123329924865,0.02421316562861939,-0.5288191877606326,70.84633911052684,3.5845138991516308,0.7074201617362305,173.1244987487793,192.878295956904,153.3707015406546,0.22820337214999709
2023-05-30,201.16000366210938,204.47999572753906,197.52999877929688,200.10000610351562,128818700,TSLA,175.09099884033202,179.16059936523436,199.79340003967286,0.041362559242642094,0.024617947586124258,-0.5093299435003856,78.26241127107885,4.971876471223965,1.5603114236337774,175.09099884033202,197.73046516091094,152.4515325197531,0.2586022864741799
2023-05-31,203.92999267578125,203.9499969482422,195.1199951171875,199.77999877929688,150711700,TSLA,177.2719985961914,179.57419921875,199.31290000915527,0.013770078361723614,0.024137354680327808,-0.5025733783726345,80.09865915225075,6.223149672984107,2.4928790735038433,177.2719985961914,202.20418107685026,152.33981611553253,0.2812873175469972
2023-06-01,207.52000427246094,209.8000030517578,199.3699951171875,202.58999633789062,148029900,TSLA,179.61749877929688,179.77299926757811,198.8038999938965,0.017604137329555458,0.024033060937634562,-0.4938166118141296,80.11557159002089,7.418955531956016,3.478094365194278,179.61749877929688,206.68450115552383,152.55049640306993,0.30138491583701704
2023-06-02,213.97000122070312,217.25,209.75,210.14999389648438,164398400,TSLA,182.25599899291993,180.2293994140625,198.34093338012696,0.031081326211682914,0.02424386628247156,-0.47808376080298964,87.57968224107495,8.785823633495141,4.539640218854451,182.25599899291993,211.92651888799375,152.5854790978461,0.32559169584564873
2023-06-05,217.61000061035156,221.2899932861328,214.52000427246094,217.8000030517578,151143100,TSLA,184.6334991455078,180.73719940185546,197.90900001525878,0.017011727666879306,0.022322110646706774,-0.46920506387684824,90.55379508073034,10.046978665687249,5.641107908221011,184.6334991455078,217.62385389664217,151.64314439437345,0.35736044546428697
2023-06-06,221.30999755859375,221.91000366210938,212.52999877929688,216.13999938964844,146911600,TSLA,187.10949935913087,181.35519927978515,197.5012000274658,0.017002881015874438,0.022334661747343977,-0.46018002073411757,91.05349677365655,11.215724060960355,6.75603113876888,187.10949935913087,223.31745140315195,150.90154731510978,0.3870241988572148
2023-06-07,224.57000732421875,230.8300018310547,223.1999969482422,228.0,185710800,TSLA,189.88050003051757,182.01039947509764,197.14071678161622,0.014730512862447087,0.021314866732583437,-0.4522281955861356,90.47086935628866,12.263651015073634,7.857555114029832,189.88050003051757,228.69043346982966,151.07056659120548,0.4087827178996744
2023-06-08,234.86000061035156,235.22999572753906,223.00999450683594,224.22000122070312,164489700,TSLA,193.1965003967285,182.92379943847655,196.86545013427735,0.045820870777622646,0.0219625806682676,-0.4271288145204627,91.46044785012819,13.765773865024016,9.03919886422867,193.1965003967285,235.50445164682645,150.88854914663057,0.43797844332810043
2023-06-09,244.39999389648438,252.4199981689453,242.02000427246094,249.07000732421875,200242400,TSLA,196.8125,183.93419921875,196.60518341064454,0.0406199151040636,0.022582163088191932,-0.40385883560071956,92.16535241496379,15.546800931371507,10.340719277657238,196.8125,243.6418771550035,149.9831228449965,0.47587807842493235
2023-06-12,249.8300018310547,250.97000122070312,244.58999633789062,247.94000244140625,150337900,TSLA,200.90500030517578,185.02519927978517,196.3688500213623,0.02221770896144215,0.02033582931568955,-0.39061394471016114,91.81069894245512,17.198184013103855,11.712212224746562,200.90500030517578,251.29563478436734,150.5143658259842,0.5016364391393735
2023-06-13,258.7099914550781,259.67999267578125,251.33999633789062,253.50999450683594,162384300,TSLA,205.52299957275392,186.05019897460937,196.1820499420166,0.035544128242966044,0.019321063821920413,-0.36895384861146396,96.3523003475505,19.004387206541537,13.170647221105558,205.52299957275392,259.3885773677176,151.65742177779026,0.5241805336331281
2023-06-14,256.7900085449219,261.57000732421875,250.5,260.1700134277344,170575500,TSLA,210.03649978637696,187.29059906005858,196.02555000305176,-0.007421371317580694,0.019898683146007335,-0.3736370764194485,97.52993259669202,20.049768425586592,14.546471462001765,210.03649978637696,265.25237492753786,154.82062464521607,0.5257740935248837
2023-06-15,255.89999389648438,258.95001220703125,247.2899932861328,248.39999389648438,160171200,TSLA,214.13849945068358,188.5569989013672,195.8809499359131,-0.0034659239799892383,0.019971920115466876,-0.37580800269646253,96.35302011189913,20.569313586209972,15.751039886843408,214.13849945068358,270.2210684577538,158.05593044361336,0.5237971607248151
2023-06-16,260.5400085449219,263.6000061035156,257.2099914550781,258.9200134277344,167915600,TSLA,218.32099990844728,190.0573989868164,195.79514991760254,0.01813214052015355,0.01996832099654793,-0.36449006568979947,96.15016119041542,21.1121001246226,16.82325193439925,218.32099990844728,275.17861002427713,161.4633897926174,0.5208624927485039
2023-06-20,274.45001220703125,274.75,261.1199951171875,261.5,165611200,TSLA,223.0365005493164,191.84519927978516,195.7893500518799,0.05338912722001776,0.021331072860812508,-0.33056074495732696,96.43898437690348,22.406396421215334,17.939880831762466,223.0365005493164,282.1593885895136,163.91361250911922,0.5301633400325371
2023-06-21,259.4599914550781,276.989990234375,257.7799987792969,275.1300048828125,211797100,TSLA,226.56600036621094,193.34419921875,195.70084999084472,-0.054618400747766804,0.026336307560192628,-0.36712444646553416,80.46745155717281,21.96931754606848,18.74576817462367,226.56600036621094,285.5287427427754,167.60325798964647,0.5204906497997033
2023-06-22,264.6099853515625,265.0,248.25,250.77000427246094,166875900,TSLA,230.50799942016602,194.9005990600586,195.67284996032714,0.019848894111198723,0.025186350859050976,-0.3545625666178623,80.79618630765526,21.78733996274056,19.354082532247048,230.50799942016602,288.52091642308517,172.49508241724683,0.5033484056852554
2023-06-23,256.6000061035156,262.45001220703125,252.8000030517578,259.2900085449219,177460800,TSLA,234.19300003051757,196.42179931640624,195.58374992370605,-0.030270888067223778,0.026414980564368556,-0.37410053091816914,72.61538720573607,20.75750345501561,19.634766716800762,234.19300003051757,288.7318400660397,179.6541599949954,0.4657597795699719
2023-06-26,241.0500030517578,258.3699951171875,240.6999969482422,250.07000732421875,179990600,TSLA,237.02200012207032,197.52479949951172,195.3704998779297,-0.060600166336257755,0.03164356094119864,-0.41203014285430356,61.03994048267562,18.473642660446842,19.40254190552998,237.02200012207032,286.3189118293946,187.72508841474604,0.4159690803548662
2023-06-27,250.2100067138672,250.38999938964844,240.85000610351562,243.24000549316406,164968200,TSLA,239.8740005493164,198.82899963378907,195.1752498626709,0.03800042956291749,0.031200618412750014,-0.38968703571271984,62.94571155204508,17.204479735634465,18.962929471550876,239.8740005493164,284.90411551873814,194.84388557989465,0.3754480674545958
2023-06-28,256.239990234375,259.8800048828125,248.88999938964844,249.6999969482422,159770800,TSLA,242.62799987792968,200.21299957275392,194.95804985046388,0.0240996896954786,0.03062232521390884,-0.3749786826562687,63.8429877190675,16.49508319805122,18.469360216850944,242.62799987792968,284.3009376436096,200.95506211224978,0.34351301405152146
2023-06-29,257.5,260.739990234375,253.61000061035156,258.0299987792969,131283400,TSLA,245.30650024414064,201.67679962158203,194.7234497833252,0.004917303362650394,0.030668846882288416,-0.37190526323076617,60.74411506192801,15.851823633407065,17.94585290016217,245.30650024414064,283.22376090630814,207.3892395819731,0.3091419153135402
2023-06-30,261.7699890136719,264.45001220703125,259.8900146484375,260.6000061035156,112620800,TSLA,248.01899948120118,203.30039947509766,194.5716497039795,0.016582481606492783,0.03066019028831392,-0.3614898938111555,58.677188406795764,15.507823683469866,17.45824705682371,248.01899948120118,282.12483401526583,213.9131649471365,0.27502598273040574
2023-07-03,279.82000732421875,284.25,275.1099853515625,276.489990234375,119685900,TSLA,251.31149978637694,205.63699951171876,194.45769981384277,0.06895373445427366,0.0329743771224644,-0.3174622375026398,63.304056297902015,16.501468218309498,17.266891289120867,251.31149978637694,284.272070843979,218.35092872877485,0.2623084983028604
2023-07-05,282.4800109863281,283.8500061035156,277.6000061035156,278.82000732421875,131530900,TSLA,254.55500030517578,207.9849996948242,194.3513498687744,0.009506123909958086,0.03298130289578648,-0.3109739489591144,61.160679359156774,17.30410775320047,17.274334581936788,254.55500030517578,286.2963084150763,222.8136921952753,0.2493866399940846
2023-07-06,276.5400085449219,279.9700012207031,272.8800048828125,278.0899963378906,120332100,TSLA,257.3165008544922,210.2647998046875,194.21729988098144,-0.021028045208104085,0.0338623582404288,-0.32546281990996356,58.93583965284369,17.261912233892247,17.271850112327883,257.3165008544922,286.37639623051365,228.25660547847073,0.22586888349188539
2023-07-07,274.42999267578125,280.7799987792969,273.7699890136719,278.42999267578125,113879200,TSLA,259.8095001220703,212.53999969482422,194.04409980773926,-0.007630056425625198,0.03412680445294659,-0.33060957665523266,58.292308196560114,16.863815763575275,17.190243242577363,259.8095001220703,285.38706460567454,234.23193563846604,0.19689475921078134
2023-07-10,269.6099853515625,277.5199890136719,265.1000061035156,276.4700012207031,119425400,TSLA,261.54699935913084,214.85719940185547,193.84849967956544,-0.01756370459810941,0.03362621911467156,-0.3423665523116636,54.05235190620954,15.975234574203228,16.947241508902536,261.54699935913084,284.5833550020521,238.51064371620956,0.17615461618269218
2023-07-11,269.7900085449219,270.8999938964844,266.3699951171875,268.6499938964844,91972400,TSLA,262.8165000915527,217.04919952392578,193.6934497833252,0.000667717084456676,0.03272736524020005,-0.34192743922333185,47.62680733714539,15.111359599958007,16.58006512711363,262.8165000915527,284.64065256496275,240.99234761814267,0.16607901304375902
2023-07-12,271.989990234375,276.5199890136719,271.4599914550781,276.3299865722656,95672100,TSLA,263.92449951171875,219.2027993774414,193.61044975280763,0.008154422401772665,0.032498715969104496,-0.3365612375917427,57.33692272503092,14.43782236630392,16.15161657495169,263.92449951171875,285.21618446220623,242.6328145612313,0.161346786599037
2023-07-13,277.8999938964844,279.45001220703125,270.6000061035156,274.5899963378906,112681500,TSLA,264.8839996337891,221.52419921875,193.6232997894287,0.02172875427149612,0.0319521795883373,-0.3221455397491882,57.7132935453658,14.2170419498338,15.764701649928112,264.8839996337891,286.90339690785373,242.86460235972442,0.16625690720849282
2023-07-14,281.3800048828125,285.29998779296875,276.30999755859375,277.010009765625,120062400,TSLA,266.1134994506836,223.9455993652344,193.65014976501465,0.012522529912772917,0.03188584481624228,-0.31365708699419087,65.18009172466449,14.159655981994945,15.443692516341478,266.1134994506836,288.9604866707985,243.2665122305687,0.17170859251617127
2023-07-17,290.3800048828125,292.2300109863281,283.57000732421875,286.6300048828125,131569600,TSLA,267.8375,226.5409994506836,193.68734977722167,0.03198521516746822,0.032368295323389445,-0.2917042612430332,82.85597904463827,14.671280582896202,15.289210129652423,267.8375,292.56562994918295,243.109370050817,0.18465024463850635
2023-07-18,293.3399963378906,295.260009765625,286.010009765625,290.1499938964844,112120300,TSLA,269.4774993896484,229.18379943847657,193.71499977111816,0.010193509901870401,0.03227104680820238,-0.28448424161656144,81.3125918501232,15.141056661695188,15.259579436060978,269.4774993896484,296.4194015191478,242.53559726014902,0.19995659890359166
2023-07-19,291.260009765625,299.2900085449219,289.5199890136719,296.0400085449219,142355400,TSLA,270.3179992675781,231.60779968261718,193.8302498626709,-0.007090702250741598,0.030420899612223988,-0.289557750814972,76.97165420956142,15.17064233405847,15.241792015660478,270.3179992675781,298.91128888467176,241.7247096504844,0.21155298348291043
2023-07-20,262.8999938964844,280.92999267578125,261.20001220703125,279.55999755859375,175158300,TSLA,270.48999938964846,233.42999969482423,193.81849983215332,-0.09737009860008494,0.03574899203868859,-0.3587335826677843,52.934139838882395,12.758599730718629,14.745153558672108,270.48999938964846,298.8487009857989,242.131297793498,0.20968391925868549
2023-07-21,260.0199890136719,268.0,255.8000030517578,268.0,161796100,TSLA,270.26049957275393,235.24739959716797,193.90659980773927,-0.010954754468143868,0.03557000685079621,-0.365758498818325,49.03453672780953,10.493681635105872,13.894859173958862,270.26049957275393,298.89253514907824,241.62846399642962,0.21188472323249435
2023-07-24,269.05999755859375,269.8500061035156,254.1199951171875,255.85000610351562,136508500,TSLA,270.8834991455078,237.2577996826172,194.0046997833252,0.03476659075024635,0.0356547587444328,-0.3437080841099199,43.40847686655505,9.320727322923176,12.980032803751726,270.8834991455078,298.79723277655273,242.9697655144629,0.2060940125116353
2023-07-25,265.2799987792969,272.8999938964844,265.0,272.3800048828125,112757300,TSLA,272.0949989318848,239.12179962158203,194.12704978942872,-0.014048906614123058,0.03268030789341374,-0.3529282679478635,39.60599374600274,7.993988545252989,11.98282395205198,272.0949989318848,296.430788419144,247.7592094446256,0.17887715380870575
2023-07-26,264.3500061035156,268.0400085449219,261.75,263.25,95856200,TSLA,272.8019989013672,241.04919982910155,194.25814979553223,-0.0035057022016762307,0.03180182079890213,-0.3551967087435612,42.158757279967716,6.789233807468975,10.944105923135378,272.8019989013672,295.2056200266311,250.39837777610327,0.16424821823511668
2023-07-27,255.7100067138672,269.1300048828125,255.3000030517578,268.30999755859375,103697300,TSLA,272.7754997253418,242.8363998413086,194.42134979248047,-0.032683938680391544,0.032371554219545615,-0.37627141997590124,38.89153785766737,5.078736739005592,9.771032086309422,272.7754997253418,295.2627015098713,250.28829794081224,0.16487699083804772
2023-07-28,266.44000244140625,267.25,258.2300109863281,259.8599853515625,111446000,TSLA,273.2224998474121,244.8347998046875,194.63874977111817,0.04196157931177735,0.03367679057771842,-0.35009878369619774,48.242218898693636,4.536680441534543,8.724161757354446,273.2224998474121,294.76684389092253,251.6781558039017,0.15770548952258615
2023-07-31,267.42999267578125,269.0799865722656,263.7799987792969,267.4800109863281,84582200,TSLA,273.50550003051757,246.7061996459961,194.89339973449708,0.00371562162326855,0.03351122143791813,-0.34768399668391087,48.70300265125291,4.1392659771237845,7.807182601308314,273.50550003051757,294.5595430932901,252.45145696774503,0.15395699947842603
2023-08-01,261.07000732421875,266.4700012207031,260.25,266.260009765625,83166000,TSLA,272.56800003051757,248.3897998046875,195.11254974365235,-0.023781870118334214,0.029927413964461327,-0.36319729115088495,44.26109694577179,3.2733809871943436,6.900422278485521,272.56800003051757,294.10248065851863,251.0335194025165,0.1580118034808928
2023-08-02,254.11000061035156,259.5199890136719,250.49000549316406,255.57000732421875,101752900,TSLA,271.1494995117188,249.86919982910158,195.2744997406006,-0.02665954157355066,0.030221704388367795,-0.3801741594415976,37.63385151462418,2.00246336848312,5.92083049648504,271.1494995117188,293.65069350380173,248.64830551963584,0.16596891406845818
2023-08-03,259.32000732421875,260.489990234375,252.0,252.0399932861328,97569100,TSLA,270.2884994506836,251.27820007324217,195.54614974975587,0.020502958173047814,0.03047596688190249,-0.36746589615805453,38.73570189506963,1.3995231672545287,5.016569030638938,270.2884994506836,293.2346405011129,247.34235840025434,0.16978999178332402
2023-08-04,253.86000061035156,264.7699890136719,253.11000061035156,260.9700012207031,99539900,TSLA,269.25999984741213,252.64,195.71869972229004,-0.02105509239416581,0.030735745636067898,-0.3807839601569076,30.65267626223327,0.4756290476101981,4.108381034033191,269.25999984741213,293.2450082247478,245.2749914700765,0.17815500550343752
2023-08-07,251.4499969482422,253.64999389648438,242.75999450683594,251.4499969482422,111097900,TSLA,268.3520004272461,254.01100006103516,195.87499969482423,-0.009493435973824349,0.030593010949866103,-0.386662447985123,27.677715777372924,-0.44589090005848675,3.1975266472148554,268.3520004272461,293.6217761414278,243.0822247130644,0.18833305266179812
2023-08-08,249.6999969482422,250.9199981689453,245.00999450683594,247.4499969482422,96642200,TSLA,267.3474998474121,255.31559997558594,196.01329971313476,-0.006959634206558429,0.03059213199799199,-0.3909310529922926,27.775397842260702,-1.3023992248694185,2.2975414727980006,267.3474998474121,293.93921351599096,240.75578617883323,0.19892995957512985
2023-08-09,242.19000244140625,251.10000610351562,241.89999389648438,250.8699951171875,101596300,TSLA,265.85750045776365,256.29600006103516,196.1878497314453,-0.03007606967809695,0.03102328887477247,-0.40924945308126154,35.74673558501131,-2.55769848018258,1.3264934822018843,265.85750045776365,294.6059974081951,237.10900350733223,0.2162699709500854
2023-08-10,245.33999633789062,251.8000030517578,243.0,245.39999389648438,109498600,TSLA,264.229500579834,257.1795999145508,196.34234970092774,0.013006292021680244,0.030682536626111864,-0.4015659789560691,39.93417710076244,-3.2607659223160113,0.40904160129830536,264.229500579834,293.78302034653655,234.67598081313147,0.2236958379124913
2023-08-11,242.64999389648438,243.7899932861328,238.02000427246094,241.77000427246094,99038600,TSLA,262.2930000305176,257.95399993896484,196.49934967041017,-0.01096438608281991,0.030394429856852097,-0.40812744060788914,30.163727757619654,-3.98902960111036,-0.4705726391834278,262.2930000305176,292.1883777533427,232.39762230769247,0.22795406449540637
2023-08-14,239.75999450683594,240.66000366210938,233.75,235.6999969482422,98595300,TSLA,259.7619995117187,258.59879974365236,196.5860496520996,-0.011910156448968756,0.02898916171112937,-0.41517673538810074,30.572462662069512,-4.744688792489711,-1.3253958698446846,259.7619995117187,288.17982885764934,231.34417016578814,0.21879897290095024
2023-08-15,232.9600067138672,240.5,232.61000061035156,238.72999572753906,88197600,TSLA,256.7430000305176,258.9785998535156,196.6276496887207,-0.028361644764614224,0.02891906386017472,-0.43176328506910544,28.06428271188132,-5.825108110616441,-2.225338317999036,256.7430000305176,282.8784756475742,230.60752441346096,0.20359250779144933
2023-08-16,225.60000610351562,233.97000122070312,225.3800048828125,228.02000427246094,112484500,TSLA,253.45999984741212,259.1383999633789,196.63019973754882,-0.03159340830287438,0.029259600508547493,-0.4497158196166012,28.57548608500845,-7.192330039768109,-3.2187366623528506,253.45999984741212,277.7713572229907,229.1486424718336,0.19183585094464176
2023-08-17,219.22000122070312,226.74000549316406,218.8300018310547,226.05999755859375,120718400,TSLA,251.27600021362304,259.0966000366211,196.58369972229005,-0.028280162722535862,0.02181554371120427,-0.46527794578148096,14.183849012020943,-8.690497695256425,-4.313088868933566,251.27600021362304,279.54283736902437,223.0091630582217,0.22498636663565322
2023-08-18,215.49000549316406,217.5800018310547,212.36000061035156,214.1199951171875,136276600,TSLA,249.04950103759765,258.915,196.5234497833252,-0.017014851321818125,0.02188873529394405,-0.47437616203250627,12.17594235705883,-10.062788278872802,-5.4630287509214135,249.04950103759765,281.16885411339877,216.93014796179654,0.257935494285148
2023-08-21,231.27999877929688,232.1300048828125,220.5800018310547,221.5500030517578,135702700,TSLA,247.1605010986328,258.8433999633789,196.54074974060057,0.073274828918382,0.027040015561214315,-0.4358611652300148,30.925848417240076,-9.763668465104388,-6.323156693758008,247.1605010986328,278.7643643656138,215.5566378316518,0.2557355493818896
2023-08-22,233.19000244140625,240.82000732421875,229.5500030517578,240.25,130442800,TSLA,245.55600128173828,258.6192001342773,196.63179977416993,0.008258403978685713,0.027202069033974235,-0.43120227883241924,35.679079893263676,-9.265683493065069,-6.911662053619421,245.55600128173828,276.53881508118906,214.5731874822875,0.2523482516226732
2023-08-23,236.86000061035156,238.97999572753906,229.2899932861328,229.33999633789062,101077600,TSLA,244.18150100708007,258.3598001098633,196.7395497894287,0.01573823118710882,0.027634864785040163,-0.4222504087979832,34.293698246818124,-8.477169105562126,-7.224763464007962,244.18150100708007,274.07362585366934,214.2893761604908,0.24483529442897922
2023-08-24,230.0399932861328,238.9199981689453,228.17999267578125,238.66000366210938,99777400,TSLA,242.89800033569335,257.78640014648437,196.85239974975585,-0.02879341090367582,0.027443648398033288,-0.43888579017689355,33.65357389980046,-8.306827430612174,-7.441176257328805,242.89800033569335,272.910065188912,212.88593548247474,0.2471166070675009
2023-08-25,238.58999633789062,239.0,230.35000610351562,231.30999755859375,106612200,TSLA,241.50550003051757,257.4223999023437,197.05994972229004,0.037167463490241914,0.027030396854629095,-0.4180305982694374,41.86075753528402,-7.396652627811875,-7.432271531425419,241.50550003051757,269.4301771681015,213.5808228929336,0.2312549994435347
2023-08-28,238.82000732421875,244.3800048828125,235.35000610351562,242.5800018310547,107673700,TSLA,240.07500076293945,257.08080017089844,197.29754974365235,0.0009640428763089126,0.02698979479204422,-0.41746955481346926,42.978839556029875,-6.580911918699286,-7.261999608880193,240.07500076293945,265.1986824280741,214.9513190978048,0.20929860739596853
2023-08-29,257.17999267578125,257.4800109863281,237.77000427246094,238.5800018310547,134047600,TSLA,239.88050003051757,257.01359985351564,197.6954997253418,0.07687791972402569,0.03223748982249621,-0.3726858260116182,58.485221619563596,-4.402188464213481,-6.690037379946851,239.88050003051757,264.3720921177038,215.38890794333136,0.20419827442472732
2023-08-30,256.8999938964844,260.510009765625,250.58999633789062,254.1999969482422,121988400,TSLA,240.0199996948242,256.6625994873047,198.02639968872072,-0.0010887269121663268,0.031637216466492715,-0.3733687998352228,56.76339732883676,-2.6673800937857663,-5.885505922714635,240.0199996948242,264.8818333726343,215.15816601701414,0.20716468385485287
2023-08-31,258.0799865722656,261.17999267578125,255.0500030517578,255.97999572753906,108861700,TSLA,239.95799865722657,256.63499938964844,198.33694961547852,0.004593198535678855,0.03131971162119089,-0.37049055832421524,59.1899916862756,-1.1836717827754057,-4.945139094726788,239.95799865722657,264.6225785222245,215.29341879222864,0.20557414216669317
2023-09-01,245.00999450683594,259.0799865722656,242.00999450683594,257.260009765625,132541600,TSLA,239.51549835205077,256.2429995727539,198.6072496032715,-0.05064318329763218,0.03302940973866827,-0.40237092036659206,52.788697243042606,-1.0503535638952997,-4.166181988560491,239.51549835205077,263.4362578804043,215.59473882369724,0.19974289507724222
2023-09-05,256.489990234375,258.0,244.86000061035156,245.0,129469600,TSLA,239.76749801635742,256.2407992553711,198.91759956359863,0.046855214011356505,0.034653911591962794,-0.37436888194095874,61.906683400222775,-0.018148991762217292,-3.3365753892008363,239.76749801635742,264.3155991939387,215.2193968387762,0.20476587845035213
2023-09-06,251.9199981689453,255.38999938964844,245.05999755859375,255.13999938964844,116959800,TSLA,239.87849807739258,256.45819915771483,199.24259956359865,-0.017817428513501543,0.034878602441773335,-0.38551601966279775,63.70547763979745,0.4262073486127349,-2.5840188416381222,239.87849807739258,264.634895842408,215.1221003123771,0.20640781031593947
2023-09-07,251.49000549316406,252.80999755859375,243.27000427246094,245.07000732421875,115312900,TSLA,240.34349822998047,256.4837991333008,199.58419960021973,-0.0017068620153485314,0.03411639557730974,-0.3865648590278755,67.9138548068086,0.7351913066947589,-1.9201768119715459,240.34349822998047,265.6264689628543,215.06052749710668,0.21039030320413307
2023-09-08,248.5,256.5199890136719,246.6699981689453,251.22000122070312,118367700,TSLA,240.50149841308593,256.3289993286133,199.9257495880127,-0.01188916230408743,0.03416425926229764,-0.39385808898192387,68.47643854658664,0.7303755501055491,-1.390066339556127,240.50149841308593,265.9548619164018,215.04813490977003,0.21166906377936265
2023-09-11,273.5799865722656,274.8500061035156,260.6099853515625,264.2699890136719,174667900,TSLA,242.047998046875,256.6505990600586,200.45429954528808,0.10092549928477124,0.04062129933352954,-0.3326829139749992,71.44595567677597,2.718961842871863,-0.5682607030705291,242.047998046875,271.49603350439634,212.59996258935368,0.24332393322929632
2023-09-12,267.4800109863281,278.3900146484375,266.6000061035156,270.760009765625,135999900,TSLA,243.43399887084962,256.7647994995117,200.94214958190918,-0.022296863386701782,0.04093795766576802,-0.34756199187771053,66.67640779892166,3.7593779874103177,0.2972670350256402,243.43399887084962,274.96433387076405,211.90366387093522,0.25904627246946205
2023-09-13,271.29998779296875,274.9800109863281,268.1000061035156,270.07000732421875,111673700,TSLA,245.3509979248047,256.5943991088867,201.38264953613282,0.014281354305895722,0.040142709586852,-0.33824429352108326,66.72494928182411,4.836404421553823,1.2050945123312768,245.3509979248047,278.80349602734844,211.89849982226096,0.2726909479520135
2023-09-14,276.0400085449219,276.7099914550781,270.4200134277344,271.32000732421875,107709800,TSLA,247.872998046875,256.4655990600586,201.84854957580566,0.017471511114000693,0.03905507498743861,-0.32668242134058345,72.79938928498879,6.0032341445109125,2.164722438767204,247.872998046875,282.635605731088,213.11039036266203,0.2804872491810428
2023-09-15,274.3900146484375,278.9800109863281,271.0,277.54998779296875,133692300,TSLA,250.63149871826172,256.4225991821289,202.30589965820312,-0.005977372284481253,0.038187951497536274,-0.3307070911739162,69.04663173064496,6.71738060642997,3.0752540722997574,250.63149871826172,284.56659517583256,216.69640226069092,0.27079674048247004
2023-09-18,265.2799987792969,271.44000244140625,263.760009765625,271.1600036621094,101543300,TSLA,253.12099838256836,256.2395993041992,202.72814964294435,-0.033200974462619715,0.03899724183410938,-0.3529282679478635,62.862148028460936,6.473620806618271,3.7549274191634607,253.12099838256836,283.2985710986171,222.94342566651963,0.23844385024460285
2023-09-19,266.5,267.8500061035156,261.20001220703125,264.3500061035156,103704000,TSLA,254.88199844360352,256.17739959716795,203.08714965820312,0.004598918977371191,0.03615934939637491,-0.34995243747960847,55.436312311957366,6.306189484695153,4.2651798322698,254.88199844360352,283.77637596156137,225.98762092564567,0.2267274871854174
2023-09-20,262.5899963378906,273.92999267578125,262.4599914550781,267.0400085449219,122514600,TSLA,256.35199813842775,256.03339935302733,203.42659965515136,-0.014671683535119606,0.036503130397365996,-0.35948972959968356,53.184110766410086,5.791236567297176,4.570391179275275,256.35199813842775,283.54083701198067,229.1631592648748,0.21212113867644763
2023-09-21,255.6999969482422,260.8599853515625,254.2100067138672,257.8500061035156,119951500,TSLA,257.29399795532225,255.7075994873047,203.73079963684083,-0.026238620989897266,0.03714926272471452,-0.3762958358248541,48.748163880055515,4.772156848027123,4.610744313025645,257.29399795532225,282.89867031452064,231.6893255961239,0.19903046757930584
2023-09-22,244.8800048828125,257.7900085449219,244.47999572753906,257.3999938964844,127524100,TSLA,258.03599853515624,255.04719970703124,204.04294967651367,-0.042315182614647506,0.03790192207300705,-0.4026879914294415,49.92996999700611,3.0562157425473515,4.299838598929987,258.03599853515624,281.0436017532261,235.0283953170864,0.1783286312660376
2023-09-25,246.99000549316406,247.10000610351562,238.30999755859375,243.3800048828125,104636600,TSLA,258.45599899291994,254.35939971923827,204.3787996673584,0.008616467528091087,0.03710815931830648,-0.3975412719034544,44.30729286009362,1.8453079081106125,3.808932460766112,258.45599899291994,280.2432503636203,236.66874762221957,0.16859543949914038
2023-09-26,244.1199951171875,249.5500030517578,241.66000366210938,242.97999572753906,101993600,TSLA,258.7209983825684,253.43419952392577,204.72919967651367,-0.011619945391094011,0.03723965087801962,-0.40454180942432416,45.22877083453505,0.646615097199259,3.1764689880527417,258.7209983825684,279.6131771037491,237.82881966138768,0.16150354128030708
2023-09-27,240.5,245.3300018310547,234.5800018310547,244.25999450683594,136597200,TSLA,257.8869987487793,252.37739959716797,205.06449966430665,-0.014828753029631048,0.0328929124668524,-0.4133717118718418,43.529960899904076,-0.5886750642556535,2.423440177591063,257.8869987487793,280.3135518609665,235.46044563659208,0.17392542641542044
2023-09-28,246.3800048828125,247.5500030517578,238.64999389648438,240.02000427246094,117058900,TSLA,257.3609992980957,251.47979949951173,205.4011496734619,0.02444908475181906,0.03345565644299945,-0.3990291871375819,48.792988113709455,-1.0807262250087035,1.7226068970711097,257.3609992980957,280.37091511100186,234.35108348518952,0.17881431821963267
2023-09-29,250.22000122070312,254.77000427246094,246.35000610351562,250.0,128522700,TSLA,256.9680000305176,251.2261996459961,205.81314964294432,0.015585665483353939,0.03365196826074843,-0.3896626570830489,32.45720181528749,-1.1475959311230213,1.1485663314322836,256.9680000305176,280.19368914050483,233.74231092053037,0.1807671702875762
2023-10-02,251.60000610351562,254.27999877929688,242.6199951171875,244.80999755859375,123810400,TSLA,257.29750061035156,251.05779998779298,206.2663996887207,0.005515166158101437,0.03157224778946636,-0.3862965452243679,37.16456449315723,-1.0768228506050264,0.7034884950248216,257.29750061035156,279.98974396197497,234.60525725872813,0.17638914717627432
2023-10-03,246.52999877929688,250.02000427246094,244.4499969482422,248.61000061035156,101985300,TSLA,256.7995010375977,250.60720001220704,206.7150496673584,-0.020151062008054166,0.030056916007278778,-0.39866332159610873,30.375557908887373,-1.4135473991328524,0.28008131619328674,256.7995010375977,279.9978767327751,233.6011253424202,0.1806730589541217
2023-10-04,261.1600036621094,261.8599853515625,247.60000610351562,248.13999938964844,129721600,TSLA,257.26150131225586,250.5248001098633,207.2324996948242,0.05934371052307452,0.03269697692826462,-0.36297777182600105,39.80822009435362,-0.49418820975927247,0.1252274110027749,257.26150131225586,280.41871033219223,234.10429229231949,0.1800285616138801
2023-10-05,260.04998779296875,263.6000061035156,256.25,260.0,119159200,TSLA,257.6895004272461,250.43879974365234,207.78159965515135,-0.00425032873937603,0.03271829872420844,-0.3656853257100304,40.104874090864485,0.14319095143969207,0.12882011909015834,257.6895004272461,280.71360401494667,234.66539683954556,0.17869648200277358
2023-10-06,260.5299987792969,261.6499938964844,250.64999389648438,253.97999572753906,118121800,TSLA,258.29100036621094,250.53519958496094,208.3348996734619,0.001845841218459432,0.032551448411967825,-0.3645144815387523,46.27918184456462,0.6792217581096338,0.23890044689405343,258.29100036621094,280.9296020658031,235.65239866661875,0.17529531936842285
2023-10-09,259.6700134277344,261.3599853515625,252.0500030517578,255.30999755859375,101377900,TSLA,257.5955017089844,250.3997998046875,208.9442497253418,-0.003300907210654902,0.022951976360448836,-0.3666121602689078,44.6195185466197,1.0228456753690125,0.3956894925890453,257.5955017089844,279.0817473608404,236.10925605712836,0.16682159051154435
2023-10-10,263.6199951171875,268.94000244140625,257.6499938964844,257.75,122656000,TSLA,257.40250091552736,250.32359985351562,209.57449966430664,0.015211543440507347,0.022768627538876103,-0.35697735363014915,50.81089483618247,1.5955085866212642,0.6356533113954891,257.40250091552736,278.5820595017164,236.2229423293383,0.16456373586781592
2023-10-11,262.989990234375,268.6000061035156,260.8999938964844,266.20001220703125,103706300,TSLA,256.9870010375977,250.36199951171875,210.26269962310792,-0.002389822071472425,0.022503323426372315,-0.3585140633429004,56.366804666496265,1.9757368758780274,0.9036700242919968,256.9870010375977,277.32805196765435,236.645950107541,0.15830412314964315
2023-10-12,258.8699951171875,265.4100036621094,256.6300048828125,262.9200134277344,111508100,TSLA,256.1285003662109,250.45719940185546,210.94129959106445,-0.015665976919941982,0.022265954986063895,-0.36856356722103795,63.83776970013094,1.922460433601259,1.1074281061538493,256.1285003662109,274.4308745581031,237.82612617431877,0.14291556125713098
2023-10-13,251.1199951171875,259.6000061035156,250.22000122070312,258.8999938964844,102073800,TSLA,254.96499938964843,250.29319915771484,211.6513995742798,-0.02993780718577166,0.023066368217184184,-0.38746738939564596,53.675020753738856,1.2405776320043742,1.1340580113239542,254.96499938964843,271.2238775184576,238.70612126083927,0.12753811831216602
2023-10-16,253.9199981689453,255.39999389648438,248.47999572753906,250.0500030517578,88917200,TSLA,254.39699935913086,250.29439910888672,212.35744956970214,0.01115006015531006,0.022245834923879278,-0.3806376139403183,58.7312911972954,0.9155633997594634,1.0903590890110562,254.39699935913086,269.915464726726,238.87853399153573,0.1220019529058029
2023-10-17,254.85000610351562,257.17999267578125,247.0800018310547,250.10000610351562,93562900,TSLA,253.81449966430665,250.36239929199218,213.0225996017456,0.0036626021631882555,0.022232302677998615,-0.3783691359253387,63.42878520900505,0.7246775157184402,1.017222774352533,253.81449966430665,268.25745181692275,239.37154751169052,0.1138071479109213
2023-10-18,242.67999267578125,254.6300048828125,242.0800018310547,252.6999969482422,125147800,TSLA,252.81899948120116,250.22199920654296,213.62009956359864,-0.04775363208267347,0.024354148179231205,-0.4080542674995945,46.902201740911416,-0.40396266704715345,0.7329856860725957,252.81899948120116,267.45847106651155,238.17952789589077,0.11580990048494307
2023-10-19,220.11000061035156,230.61000061035156,216.77999877929688,225.9499969482422,170772700,TSLA,251.03949966430665,249.78039916992188,214.1801495742798,-0.09300310180733784,0.031220558620726757,-0.4631070567237489,30.80943908944448,-3.0840765628431086,-0.0304267637105452,251.03949966430665,271.6421984051224,230.4368009234909,0.16413909977008354
2023-10-20,211.99000549316406,218.86000061035156,210.4199981689453,217.00999450683594,138010100,TSLA,249.3949996948242,249.11339935302735,214.67189960479737,-0.036890623300491754,0.03091964927908641,-0.48291337204684537,26.751970665302053,-5.796483623737004,-1.183638135715837,249.3949996948242,276.34162996648735,222.44836942316107,0.21609599474437557
2023-10-23,212.0800018310547,216.97999572753906,202.50999450683594,210.0,150683400,TSLA,247.64949951171874,248.50199951171874,215.18059963226318,0.0004245310418349302,0.030759629672496853,-0.48269385272196147,28.525125255795388,-7.848352882397791,-2.516581085052228,247.64949951171874,279.3546006948931,215.94439832854434,0.25604817490595505
2023-10-24,216.52000427246094,222.0500030517578,214.11000061035156,216.5,118231100,TSLA,246.2694999694824,248.03719970703125,215.69789966583252,0.02093550737020089,0.031364977096703286,-0.4718637860629719,18.123395697074045,-9.012314609585161,-3.8157277899588147,246.2694999694824,280.89004130967004,211.64895862929475,0.2811597972503928
2023-10-25,212.4199981689453,220.10000610351562,212.1999969482422,215.8800048828125,107065100,TSLA,244.8654998779297,247.62639953613282,216.16114967346192,-0.018935922882932887,0.0314426035877937,-0.4818645326817676,17.381185311852178,-10.148612009689487,-5.082304633904949,244.8654998779297,282.60795471085004,207.12304504500938,0.30827090669559976
2023-10-26,205.75999450683594,214.8000030517578,204.8800048828125,211.32000732421875,115112600,TSLA,242.83449935913086,247.2295993041992,216.5956996536255,-0.031352997455599385,0.031099718114955075,-0.498109632670252,15.418605166485392,-11.454502150797708,-6.356744137283501,242.83449935913086,284.41078010376236,201.25821861449936,0.3424248272330024
2023-10-27,207.3000030517578,212.41000366210938,205.77000427246094,210.60000610351562,94881200,TSLA,240.6884994506836,246.99119934082032,217.01609966278076,0.00748448962886572,0.030821040685948833,-0.4943532394211449,17.215472910637985,-12.224250130694458,-7.5302453359656925,240.6884994506836,285.0004018568942,196.376597044473,0.3682095530724765
2023-10-30,197.36000061035156,210.8800048828125,194.6699981689453,209.27999877929688,136448200,TSLA,237.97649917602538,246.62859924316408,217.38509967803955,-0.04794984223383958,0.03180751999592485,-0.518598921816953,11.413946840928858,-13.480956006216417,-8.720387470015838,237.97649917602538,285.96341894008344,189.98957941196733,0.4032912487595114
2023-10-31,200.83999633789062,202.8000030517578,194.07000732421875,196.1199951171875,118068300,TSLA,235.69199905395507,246.01979919433595,217.7772996520996,0.017632730628176496,0.03238818812438458,-0.5101105062812377,14.97013949808212,-14.034319001579888,-9.783173776328649,235.69199905395507,286.24601372410035,185.1379843838098,0.42898371495905
2023-11-01,205.66000366210938,205.99000549316406,197.85000610351562,204.0399932861328,121661700,TSLA,232.91699905395507,245.46919921875,218.14814964294433,0.023999240251476817,0.029234048524477703,-0.4983535306248068,20.243836755423942,-13.923428239871924,-10.611224669037306,232.91699905395507,283.67733144269687,182.15666666521327,0.4358662750672243
2023-11-02,218.50999450683594,219.1999969482422,211.4499969482422,212.97000122070312,125987600,TSLA,230.83999938964843,245.1021990966797,218.59679962158202,0.06248172039245192,0.0335840902884652,-0.46700979618944527,32.74786161471883,-12.652805971833402,-11.019540929596527,230.83999938964843,280.30873068320614,181.37126809609074,0.42859756908989166
2023-11-03,219.9600067138672,226.3699951171875,218.39999389648438,221.14999389648438,119534800,TSLA,228.81149978637694,244.90059936523437,219.06074966430663,0.006635907937775798,0.033675838647704175,-0.4634729222652221,31.773304532297644,-11.397442184383834,-11.095121180553988,228.81149978637694,276.4473332669137,181.1756663058402,0.4163762181971669
2023-11-06,219.27000427246094,226.32000732421875,215.0,223.97999572753906,117335800,TSLA,226.79149932861327,244.51419952392578,219.4899996948242,-0.0031369449915676917,0.03367703151502971,-0.4651559781945626,30.854503418693525,-10.339052606244849,-10.94390746569216,226.79149932861327,272.2962804182658,181.28671823896076,0.40129176996812926
2023-11-07,222.17999267578125,223.1199951171875,215.72000122070312,219.97999572753906,116900100,TSLA,224.71949920654296,244.18139923095703,219.88214965820313,0.013271256198382764,0.03360976810896782,-0.45805792615500923,37.74802826760771,-9.159870213919561,-10.58710001533764,224.71949920654296,266.8091739899574,182.62982442312853,0.374597441984589
2023-11-08,222.11000061035156,224.14999389648438,217.63999938964844,223.14999389648438,106584800,TSLA,222.6754997253418,243.47999938964844,220.27324966430663,-0.00031502415940676265,0.033631083703592066,-0.4582286510012694,51.635055493987046,-8.137206792514718,-10.097121370773056,222.6754997253418,260.71547525760934,184.63552419307427,0.3416628733667403
2023-11-09,209.97999572753906,220.8000030517578,206.67999267578125,219.75,142110500,TSLA,220.2309997558594,242.54159942626953,220.60099967956543,-0.054612601186257326,0.035197733113161836,-0.4878161936182777,48.45787221767734,-8.210878783005768,-9.719872853219599,220.2309997558594,254.58231622776114,185.87968328395763,0.31195714054771995
2023-11-10,214.64999389648438,215.3800048828125,205.69000244140625,210.02999877929688,130994000,TSLA,218.40749969482422,241.6729995727539,220.87289962768554,0.022240205086035525,0.03555924797874526,-0.47642512072260196,51.842287815919754,-7.802492268825006,-9.33639673634068,218.40749969482422,249.57960606352935,187.2353933261191,0.28544904742063526
2023-11-13,223.7100067138672,225.39999389648438,211.61000061035156,215.60000610351562,140447600,TSLA,216.89700012207032,241.24699981689454,221.10194969177246,0.04220830689495392,0.037049801702766026,-0.45432591153557306,54.83393839119852,-6.670877968649165,-8.803292982802377,216.89700012207032,243.4019068259862,190.39209341815445,0.24440086021474555
2023-11-14,237.41000366210938,238.13999938964844,230.72000122070312,235.02999877929688,149771600,TSLA,216.025,240.8654000854492,221.45569969177245,0.06123998273248876,0.03993594029556464,-0.42090883978044497,64.88031474857893,-4.615386917441896,-7.965711769730281,216.025,238.0396737858797,194.0103262141203,0.2038159822787149
2023-11-15,242.83999633789062,246.6999969482422,236.4499969482422,239.2899932861328,150354000,TSLA,216.03300018310546,240.68380004882812,221.8037996673584,0.022871793909364557,0.03885686392146441,-0.4076639861091685,72.40754131574128,-2.519200644867425,-6.87640954475771,216.03300018310546,238.0885375377752,193.9774628284357,0.20418674309921075
2023-11-16,233.58999633789062,240.8800048828125,230.9600067138672,239.49000549316406,136816800,TSLA,216.7069999694824,240.32579986572264,222.0646996307373,-0.038090924639652135,0.033446117075527054,-0.4302266125756361,64.5328878790215,-1.5860723612849483,-5.818342108063158,216.7069999694824,240.0721229895107,193.34187694945413,0.21563791684918948
2023-11-17,234.3000030517578,237.38999938964844,226.5399932861328,232.0,142532800,TSLA,217.8224998474121,240.04179992675782,222.2948496246338,0.0030395424675642158,0.03207125182851028,-0.42849476216767185,72.74070542120984,-0.7802753373003384,-4.8107287539105945,217.8224998474121,242.3411910904108,193.3038086044134,0.22512542331645635
2023-11-20,235.60000610351562,237.10000610351562,231.02000427246094,234.0399932861328,116320100,TSLA,218.99850006103514,239.2822003173828,222.52294967651366,0.005548455120893081,0.032049001592248244,-0.42532379100420376,71.98887019721751,-0.03635690882688891,-3.8558543848938536,218.99850006103514,244.59020702966586,193.40679309240443,0.23371581961975335
2023-11-21,241.1999969482422,243.6199951171875,233.33999633789062,235.0399932861328,122288000,TSLA,220.2324996948242,238.75660003662108,222.7551496887207,0.023769060694616817,0.032125790426935495,-0.4116642773128304,72.2625888367667,0.993622404899213,-2.8859590269352404,220.2324996948242,247.6368861365836,192.82811325306483,0.2488677781865401
2023-11-22,234.2100067138672,244.00999450683594,231.39999389648438,242.0399932861328,117950600,TSLA,221.3220001220703,238.01480041503908,222.94214973449706,-0.028980059381488954,0.032609363850179596,-0.42871428149255575,60.61385480051545,1.231656863852436,-2.0624358487777052,221.3220001220703,249.14795234369348,193.49604790044714,0.2514522027297399
2023-11-24,235.4499969482422,238.75,232.3300018310547,233.75,65125200,TSLA,222.80650024414064,237.20300018310547,223.11294975280762,0.00529435207219775,0.03144433349985293,-0.4256896937649589,60.50169264006747,1.5030317223117606,-1.3493423345598121,222.80650024414064,250.30270723325282,195.31029325502845,0.2468169192459211
2023-11-27,236.0800018310547,238.3300018310547,232.10000610351562,236.88999938964844,112031800,TSLA,224.24550018310546,236.4367999267578,223.2567497253418,0.0026757481035388775,0.03146067849821221,-0.42415298405220764,61.40589222640084,1.7487755852912983,-0.72971875058959,224.24550018310546,251.3341135103131,197.15688685589782,0.2415978318859348
2023-11-28,246.72000122070312,247.0,234.00999450683594,236.67999267578125,148549900,TSLA,226.71350021362304,236.06559997558594,223.50589973449706,0.04506946504203557,0.029739684888094628,-0.398199867097388,65.07001577978764,2.7701557644604122,-0.02974384757958959,226.71350021362304,252.44887109560227,200.9781293316438,0.22702989330348505
2023-11-29,244.13999938964844,252.75,242.75999450683594,249.2100067138672,135401300,TSLA,228.87850036621094,235.61839996337892,223.75339973449707,-0.010457205813430348,0.030102953450197978,-0.4044930149457004,63.12403234943557,3.333001562022048,0.642805234340738,228.87850036621094,252.66026870853239,205.0967320238895,0.20781129118086722
2023-11-30,240.0800018310547,245.22000122070312,236.91000366210938,245.13999938964844,132353200,TSLA,230.5995002746582,235.1682000732422,223.90754974365234,-0.016629792613843564,0.030493750502342334,-0.41439617260724865,69.83918528590624,3.412120241340375,1.1966682357406655,230.5995002746582,252.18705825672535,209.01194229259104,0.18722987652926432
2023-12-01,238.8300018310547,240.19000244140625,231.89999389648438,233.13999938964844,121331700,TSLA,231.61550064086913,234.83080017089844,224.0304997253418,-0.005206597761023168,0.027789138417097847,-0.41744517618379834,66.68968264282947,3.3355081497369383,1.6244362185399202,231.61550064086913,252.71450288475242,210.51649839698584,0.18218989821927592
2023-12-04,235.5800018310547,239.3699951171875,233.2899932861328,235.75,104099800,TSLA,232.39650039672853,234.64480010986327,224.19819976806642,-0.01360800559009756,0.02808667209239022,-0.4253725854828275,58.90739883233463,2.9782136830990282,1.895191711451742,232.39650039672853,252.82462869879322,211.96837209466383,0.17580409573458672
2023-12-05,238.72000122070312,246.66000366210938,233.6999969482422,233.8699951171875,137971100,TSLA,233.36900024414064,234.47940002441408,224.35024978637696,0.013328802806870987,0.02811364919864476,-0.417713489987306,51.16818093496929,2.914826645641284,2.099118698289651,233.36900024414064,253.00238570040526,213.73561478787602,0.16826044106736554
2023-12-06,239.3699951171875,246.57000732421875,239.1699981689453,242.9199981689453,126436200,TSLA,234.22850036621094,234.38440002441405,224.56024978637694,0.002722829646282676,0.028041914635259502,-0.41612802301521296,46.61727168331678,2.88379840409749,2.256054639451219,234.22850036621094,253.2963841179544,215.16061661446747,0.16281437760077244
2023-12-07,242.63999938964844,244.0800018310547,236.97999572753906,241.5500030517578,107142300,TSLA,235.25500030517577,234.42720001220704,224.76914978027344,0.01366087788429815,0.028100038211027707,-0.40815181923756005,59.986765159028565,3.087479770444986,2.4223396656499725,235.25500030517577,253.77864745743784,216.7313531529137,0.1574771811713499
2023-12-08,243.83999633789062,245.27000427246094,239.27000427246094,240.27000427246094,103126800,TSLA,236.94800033569337,234.3763998413086,224.9779997253418,0.0049455858525417895,0.02438176005466218,-0.4052247832479287,60.414846077705924,3.307600486155991,2.5993918297511764,236.94800033569337,251.51109328051504,222.3849073908717,0.12292226922522731
2023-12-11,239.74000549316406,243.44000244140625,237.4499969482422,242.74000549316406,97913900,TSLA,238.20250091552734,234.16679992675782,225.19229972839355,-0.01681426716823431,0.02472439428138764,-0.4152254926474425,54.25926210822007,3.1153014867929016,2.7025737611595213,238.20250091552734,248.32299839766176,228.0820034333929,0.08497389778223538
2023-12-12,237.00999450683594,238.99000549316406,233.8699951171875,238.5500030517578,95328300,TSLA,238.86750030517578,233.87499969482423,225.33919967651366,-0.011387381846063915,0.023445328712319077,-0.42188454325651,45.418757674443434,2.7113592121797865,2.7043308513635744,238.86750030517578,246.3937551044619,231.34124550588967,0.06301614735927329
2023-12-13,239.2899932861328,240.3000030517578,228.1999969482422,234.19000244140625,146286300,TSLA,238.96149978637695,233.73019958496093,225.507099609375,0.009619842336358264,0.019164284496876995,-0.41632316371042594,56.1920867050604,2.5458617861199,2.6726370383148397,238.96149978637695,246.45801005516944,231.46498951758446,0.06274241060165846
2023-12-14,251.0500030517578,253.8800048828125,240.7899932861328,241.22000122070312,160829200,TSLA,239.37200012207032,233.5279995727539,225.74849960327148,0.04914543063053567,0.02152830047226127,-0.38763811424190614,65.13388001276599,3.3253063277909973,2.803170896210071,239.37200012207032,248.48714517889417,230.25685506524647,0.07615882435853386
2023-12-15,253.5,254.1300048828125,248.3000030517578,251.2100067138672,135932800,TSLA,240.36750030517578,233.39699981689452,226.06149963378905,0.009758999874367902,0.01940644332905053,-0.38166207467572516,66.32308655330668,4.09352837394249,3.061242391756555,240.36750030517578,251.0397099632425,229.69529064710906,0.08879910673878166
2023-12-18,252.0800018310547,258.739990234375,251.36000061035156,253.77999877929688,116416500,TSLA,241.25650024414062,233.22799987792968,226.33294967651366,-0.005601570686174839,0.0195311814548776,-0.38512573827237173,56.071591169537456,4.5354856402257155,3.3560910414503877,241.25650024414062,252.73249836769472,229.78050212058653,0.09513524495249581
2023-12-19,257.2200012207031,258.3399963378906,253.00999450683594,253.47999572753906,106737400,TSLA,242.3375,233.17899963378906,226.64999969482423,0.0203903496997484,0.01987827974257268,-0.3725882370543707,64.00428553084416,5.240090450986827,3.732890923357676,242.3375,255.5167041884859,229.1582958115141,0.10876735287345869
2023-12-20,247.13999938964844,259.8399963378906,247.0,256.4100036621094,125097000,TSLA,242.6345001220703,232.84939971923828,226.94714965820313,-0.03918825045959673,0.021591470003781563,-0.3971754063619812,56.69574866760558,4.928312416473489,3.9719752219808386,242.6345001220703,255.97253568478536,229.29646455935526,0.10994343801895143
2023-12-21,254.5,254.8000030517578,248.5500030517578,251.89999389648438,109594200,TSLA,243.64899978637695,232.67959991455078,227.3096496582031,0.029780693649462897,0.021229536405945548,-0.3792228718144854,63.31803304540572,5.215001327962909,4.220580443177253,243.64899978637695,257.37008591788253,229.92791365487133,0.11262994014780095
2023-12-22,252.5399932861328,258.2200012207031,251.3699951171875,256.760009765625,93370100,TSLA,244.50349960327148,232.5529998779297,227.70774963378906,-0.007701401626197146,0.021398131705101884,-0.38400372579899933,64.73756424787229,5.223831121009795,4.421230578743762,244.50349960327148,258.20326288294314,230.80373632359982,0.11206189933396236
2023-12-26,256.6099853515625,257.9700012207031,252.91000366210938,254.49000549316406,86892400,TSLA,245.52999877929688,232.6627996826172,228.12359954833985,0.01611622781987765,0.02157377118665064,-0.3740761895077802,65.29842975659531,5.495889942764478,4.636162451547905,245.52999877929688,259.64258638493885,231.4174111736549,0.11495611677437073
2023-12-27,261.44000244140625,263.3399963378906,257.5199890136719,258.3500061035156,106494400,TSLA,246.26599884033203,232.8131997680664,228.55839958190919,0.018822405072142834,0.019685065283241498,-0.3622947980023965,67.6137260365256,6.0317107254627444,4.915272106330873,246.26599884033203,262.07347576090604,230.458521919758,0.12837725869597522
2023-12-28,253.17999267578125,265.1300048828125,252.7100067138672,263.6600036621094,113619900,TSLA,246.71799850463867,232.7797994995117,228.9079995727539,-0.03159428430420175,0.020975488945315472,-0.3824426374565772,57.79123937451625,5.723857730883481,5.076989231241394,246.71799850463867,262.78437342400264,230.6516235852747,0.13024080137438285
2023-12-29,248.47999572753906,255.19000244140625,247.42999267578125,255.10000610351562,100891600,TSLA,247.13799819946288,232.89579956054686,229.2481495666504,-0.018563856087399966,0.02107027835679581,-0.3939068834605476,53.261173347621195,5.042504685346131,5.070092322062342,247.13799819946288,262.91021597221226,231.3657804267135,0.1276389538448859
2024-01-02,248.4199981689453,251.25,244.41000366210938,250.0800018310547,104654200,TSLA,247.61749801635742,233.46199951171874,229.56959953308106,-0.0002414583049958896,0.02101091748912916,-0.39405322967713685,56.467949283542254,4.446430503281249,4.945359958306123,247.61749801635742,262.9017924856459,232.33320354706893,0.1234508432702023
2024-01-03,238.4499969482422,245.67999267578125,236.32000732421875,244.97999572753906,121082600,TSLA,247.7609977722168,233.99119934082032,229.8611994934082,-0.04013364984377277,0.022819307856746286,-0.41837208518123964,50.96852429459428,3.1334215110856007,4.582972268862019,247.7609977722168,262.6173328773263,232.9046626671073,0.11992472777146246
2024-01-04,237.92999267578125,242.6999969482422,237.72999572753906,239.25,102629300,TSLA,247.72149734497071,234.50819915771484,230.1345994567871,-0.0021807686270334248,0.02263583018555765,-0.4196404810904833,49.06310278023926,2.027520432660964,4.071881901621808,247.72149734497071,262.6828765909481,232.76011809899333,0.12079193292734347
2024-01-05,237.49000549316406,240.1199951171875,234.89999389648438,236.86000061035156,92488900,TSLA,247.62749786376952,234.92759918212892,230.33414947509766,-0.001849229589212631,0.02263079828830352,-0.42071369908523193,38.93242295383806,1.1028693802088014,3.4780793973392066,247.62749786376952,262.8314637278246,232.42353199971447,0.12279707217668868
2024-01-08,240.4499969482422,241.25,235.3000030517578,236.13999938964844,85166600,TSLA,247.51799774169922,235.48819915771483,230.58064949035645,0.012463646412957496,0.022593895043560845,-0.4134936794587602,39.436617978691054,0.6019840349011645,2.902860324851598,247.51799774169922,262.903666523197,232.13232896020145,0.124319596327324
2024-01-09,234.9600067138672,238.9600067138672,232.0399932861328,238.11000061035156,96705700,TSLA,247.07399826049806,236.07219940185547,230.79434951782227,-0.02283214932024613,0.023108170440196408,-0.42688487934662595,36.99878791811611,-0.23525565929173808,2.275237128022931,247.07399826049806,263.39090619673874,230.75709032425738,0.1320811420960391
2024-01-10,233.94000244140625,235.5,231.2899932861328,235.10000610351562,91628500,TSLA,246.78399810791015,236.60499938964844,231.01199951171876,-0.004341182513256769,0.022842726483038752,-0.42937287668648944,31.14063648828322,-0.9698995706728795,1.626209788283769,246.78399810791015,263.8391991750545,229.7287970407658,0.13821966738448485
2024-01-11,227.22000122070312,230.92999267578125,225.3699951171875,230.57000732421875,105873600,TSLA,246.29449844360352,237.20219940185547,231.1890495300293,-0.028725319101363445,0.02357587385000916,-0.44576432289156304,32.933517854168755,-2.0704907716039713,0.8868696763062209,246.29449844360352,265.0118198653586,227.57717702184848,0.15199138868334028
2024-01-12,218.88999938964844,225.33999633789062,217.14999389648438,220.0800018310547,123043800,TSLA,245.2744987487793,237.56319946289062,231.3375495147705,-0.036660513098772496,0.02463886995191627,-0.4660828871920039,19.989887484115613,-3.5736835591799547,-0.0052409707910141545,245.2744987487793,267.49464875098977,223.05434874656888,0.18118597828606128
2024-01-16,219.91000366210938,223.49000549316406,212.17999267578125,215.10000610351562,115355000,TSLA,243.71749877929688,237.84819946289062,231.46769950866698,0.004659894354722027,0.021364090668740243,-0.4635948898521404,22.05858026622262,-4.62930510538439,-0.9300537977096893,243.71749877929688,268.4551017224494,218.97989583614435,0.20300227162231088
2024-01-17,215.5500030517578,215.6699981689453,212.00999450683594,214.86000061035156,103164400,TSLA,241.81999893188475,237.78899963378908,231.5690495300293,-0.019826295019533036,0.021211430284009136,-0.474229815815917,15.013653077903811,-5.751409726109557,-1.8943249833896632,241.81999893188475,269.09041135048017,214.5495865132893,0.22554306954799788
2024-01-18,211.8800048828125,217.4499969482422,208.74000549316406,216.8800048828125,108595400,TSLA,239.80999908447265,237.62739959716797,231.591149520874,-0.017026203279914,0.021301044846570933,-0.48318168585035304,6.919326299928642,-6.857771778888605,-2.8870143424894517,239.80999908447265,269.69677389406604,209.92322427487923,0.2492537836094636
2024-01-19,212.19000244140625,213.19000244140625,207.55999755859375,209.99000549316406,102260300,TSLA,237.55849914550782,237.48579956054687,231.67824951171875,0.0014630807600990448,0.020352479233749894,-0.4824255389184538,8.654418586611285,-7.62169925968081,-3.8339513259277234,237.55849914550782,268.68189605165395,206.4351022393617,0.26202722292063835
2024-01-22,208.8000030517578,217.8000030517578,206.27000427246094,212.25999450683594,117952500,TSLA,235.6414993286133,237.2181997680664,231.75934951782227,-0.015976244642273096,0.01919181230050406,-0.4906944351292853,8.889339268222813,-8.403788271331194,-4.747918715008418,235.6414993286133,268.92785152106416,202.3551471361624,0.2825168935632299
2024-01-23,209.13999938964844,215.64999389648438,207.75,211.3000030517578,106605900,TSLA,233.3734992980957,236.95879974365235,231.8774494934082,0.0016283349277841364,0.017185745407754822,-0.4898651150890914,9.538507869565265,-8.893644190583615,-5.577063810123458,233.3734992980957,267.4221359336131,199.3248626625783,0.29179522728950424
2024-01-24,207.8300018310547,212.72999572753906,206.77000427246094,211.8800048828125,123369900,TSLA,231.13799972534179,236.91579986572265,231.9912995147705,-0.006263735117226887,0.017197217396074153,-0.4930604648822304,11.609810933227834,-9.280583599907573,-6.317767768080281,231.13799972534179,265.75435568230984,196.52164376837376,0.2995297700776349
2024-01-25,182.6300048828125,193.0,180.05999755859375,189.6999969482422,198076800,TSLA,227.4390007019043,236.2754000854492,231.98189956665038,-0.12125293136804816,0.02946324624091442,-0.5545283695416156,7.171610885553818,-11.488235787130463,-7.351861371890317,227.4390007019043,266.1618733393501,188.71612806445847,0.34051215946203023
2024-01-26,183.25,186.77999877929688,182.10000610351562,185.5,107343200,TSLA,223.52950057983398,235.4661999511719,231.96419960021973,0.0033948152034783963,0.02868359789093355,-0.5530160756778171,8.109340084222694,-13.037499448260178,-8.48898898716429,223.52950057983398,263.5646297588547,183.49437140081324,0.35820890822168794
2024-01-29,190.92999267578125,191.47999572753906,183.6699981689453,185.6300048828125,125013100,TSLA,220.417000579834,234.5365997314453,232.01614959716798,0.04190991910385411,0.03132833532337508,-0.5342830155687512,14.353569505609357,-13.49008552830503,-9.489208295392439,220.417000579834,260.42536301850345,180.40863814116454,0.36302428881095866
2024-01-30,191.58999633789062,196.36000061035156,190.61000061035156,195.3300018310547,109982300,TSLA,217.57250061035157,233.5115997314453,232.044599609375,0.0034567835721344142,0.03152797497986178,-0.5326731327477053,16.447456801187826,-13.63829272876103,-10.319025182066158,217.57250061035157,257.2682353255199,177.87676589518318,0.36489661702476883
2024-01-31,187.2899932861328,193.97000122070312,185.85000610351562,187.0,103221400,TSLA,214.51600036621093,232.58559967041015,232.05604957580567,-0.02244377647032403,0.031467536563303714,-0.5431617124948925,15.653057634013251,-13.94200752836096,-11.043621651325118,214.51600036621093,253.62027985635615,175.41172087606571,0.3645814710640545
2024-02-01,188.86000061035156,189.8800048828125,184.27999877929688,188.5,91843300,TSLA,212.0365005493164,231.67679962158203,232.06514961242675,0.008382761388752824,0.031177185731454133,-0.5393321461374908,19.439130044718766,-13.895834692743904,-11.614064259608877,212.0365005493164,251.0395313299337,173.0334697686991,0.36788978010458917
2024-02-02,187.91000366210938,188.69000244140625,182.0,185.0399932861328,110612700,TSLA,209.5355010986328,230.7229995727539,232.08314964294433,-0.0050301649114266045,0.03114076707249976,-0.5416493814118122,22.029612195791955,-13.777085536006354,-12.046668514888374,209.5355010986328,247.95804903011688,171.11295316714873,0.3667402204402372
2024-02-05,181.05999755859375,184.67999267578125,175.00999450683594,184.25999450683594,134294400,TSLA,206.7140007019043,229.52019958496095,232.08549964904785,-0.03645365318513305,0.03154998662472588,-0.5583579358990173,18.26497996489057,-14.073483856951043,-12.452031583300908,206.7140007019043,244.77923721555075,168.64876418825784,0.36828890529325226
2024-02-06,185.10000610351562,186.49000549316406,177.11000061035156,177.2100067138672,122676000,TSLA,203.94650115966797,228.5379995727539,232.19604965209962,0.0223130928940527,0.03204099265265415,-0.5485035354968107,24.99589649082931,-13.8230432973333,-12.726233926107387,203.94650115966797,239.66008943884708,168.23291288048887,0.3502250646724186
2024-02-07,187.5800018310547,189.7899932861328,182.67999267578125,188.17999267578125,111535200,TSLA,201.57750091552734,227.58059967041015,232.3085496520996,0.01339813963135228,0.03244659053238644,-0.5424543228223352,29.64823760977319,-13.271467207717052,-12.835280582429322,201.57750091552734,234.83002237847577,168.3249794525789,0.3299229458835604
2024-02-08,189.55999755859375,191.6199951171875,185.5800018310547,189.0,83034000,TSLA,199.3585006713867,226.65019958496094,232.44359962463378,0.010555473441792307,0.03276889141442652,-0.5376247115784795,31.562647316819934,-12.530130530091867,-12.774250571961831,199.3585006713867,229.27356645000216,169.44343489277125,0.30011327009251604
2024-02-09,193.57000732421875,194.1199951171875,189.47999572753906,190.17999267578125,84476300,TSLA,197.6760009765625,225.58719970703126,232.60809967041016,0.021154303741671487,0.0331585185342234,-0.5278434842845676,37.715765141189934,-11.486630866545426,-12.516726630878551,197.6760009765625,224.63193128968726,170.72007066343775,0.2727284058758431
2024-02-12,188.1300048828125,194.72999572753906,187.27999877929688,192.11000061035156,95498600,TSLA,196.13800125122071,224.46699981689454,232.77999969482423,-0.028103539988478476,0.032814939973040705,-0.541112753804797,34.34193555283592,-10.97213268255095,-12.207807841213032,196.13800125122071,221.45801122925616,170.81799127318527,0.25818566332390275
2024-02-13,184.02000427246094,187.25999450683594,182.11000061035156,183.99000549316406,86759500,TSLA,194.34350128173827,223.34579986572265,232.8991497039795,-0.021846598116614713,0.032854355765293664,-0.5511378790532635,32.96609488611256,-10.77186056221234,-11.920618385412896,194.34350128173827,217.57040015923798,171.11660240423856,0.23902933439310484
2024-02-14,188.7100067138672,188.88999938964844,183.35000610351562,185.3000030517578,81203000,TSLA,193.00150146484376,222.3433999633789,233.02114974975586,0.025486372853585015,0.03357421744329558,-0.539698011678964,56.15633794155991,-10.118064711211389,-11.560107650572593,193.00150146484376,214.0706768690616,171.9323260606259,0.21833172534210266
2024-02-15,200.4499969482422,200.8800048828125,188.86000061035156,189.16000366210938,120831800,TSLA,192.43000106811525,221.64079986572267,233.2142497253418,0.06221180550417671,0.036738484219067155,-0.5110617939083499,64.21486992579187,-8.554002476360665,-10.958886615730208,192.43000106811525,211.90264402451243,172.95735811171807,0.20238676763821634
2024-02-16,199.9499969482422,203.1699981689453,197.39999389648438,202.05999755859375,111346700,TSLA,191.81800079345703,220.86539978027344,233.41244972229003,-0.0024943876658132247,0.03672893518281958,-0.5122813953389698,58.45836501514861,-7.271002121690003,-10.221309716922168,191.81800079345703,209.34827511593198,174.28772647098208,0.18278028391455234
2024-02-20,193.75999450683594,198.60000610351562,189.1300048828125,196.1300048828125,104545800,TSLA,191.06600036621094,219.9531997680664,233.57819969177245,-0.030957752117438453,0.037172658196795015,-0.5273800670051288,51.84366812340298,-6.676731359120737,-9.512394045361884,191.06600036621094,206.7187976994009,175.41320303302098,0.16384701938794635
2024-02-21,194.77000427246094,199.44000244140625,191.9499969482422,193.36000061035156,103500300,TSLA,190.34750061035157,218.99579986572266,233.74604972839356,0.00521268473502845,0.03720501548680755,-0.5249164482949363,56.73146796836851,-6.054475921569406,-8.820810420603388,190.34750061035157,203.64984050690245,177.0451607138007,0.13976899989647104
2024-02-22,197.41000366210938,198.32000732421875,191.36000061035156,194.0,92739500,TSLA,189.8265007019043,218.06720001220702,233.88279975891112,0.013554445406056326,0.037373364169201805,-0.5184769542300347,57.54900230511909,-5.287358736603409,-8.114120083803392,189.8265007019043,200.87029347401375,178.78270792979487,0.11635670184377635
2024-02-23,191.97000122070312,197.57000732421875,191.5,195.30999755859375,78841900,TSLA,190.29350051879882,217.1117999267578,233.98369979858398,-0.027556873210526134,0.025658289250743618,-0.5317462237502639,53.32133168828744,-5.06004650739348,-7.503305368521411,190.29350051879882,200.8344354627356,179.75256557486205,0.11078607430310476
2024-02-26,199.39999389648438,201.77999877929688,192.0,192.2899932861328,111747100,TSLA,191.10100021362305,216.35959991455078,234.134949798584,0.03870392576202142,0.026886214258427563,-0.513622964356508,64.86223072075876,-4.231582564418574,-6.848960807700844,191.10100021362305,201.84250777247505,180.35949265477106,0.11241707313770785
2024-02-27,199.72999572753906,205.60000610351562,198.25999450683594,204.0399932861328,108645400,TSLA,191.54100036621094,215.5683999633789,234.29089981079102,0.0016549741281637331,0.02541023396501225,-0.5128180229459851,62.61423369389751,-3.5079530320957986,-6.180759252579835,191.54100036621094,202.9530276720686,180.12897306035327,0.11916015144578745
2024-02-28,202.0399932861328,205.3000030517578,198.44000244140625,200.4199981689453,99806200,TSLA,192.06350021362306,214.5881997680664,234.4406997680664,0.01156560160219966,0.025489864253511633,-0.5071834702916064,62.50431479020355,-2.716756835065098,-5.487958769076888,192.06350021362306,204.4041013612872,179.72289906595893,0.1285054279854139
2024-02-29,201.8800048828125,205.27999877929688,198.4499969482422,204.17999267578125,85907000,TSLA,192.79300079345703,213.55579986572266,234.61019981384277,-0.0007918650199801869,0.024804481198677928,-0.5075737144627505,61.00000653948103,-2.078676190533116,-4.806102253368134,192.79300079345703,205.65922379357048,179.92677779334358,0.13347188899141926
2024-03-01,202.63999938964844,204.52000427246094,198.5,200.52000427246094,82243100,TSLA,193.48200073242188,212.56699981689454,234.79164978027345,0.003764585340074067,0.024783490551629084,-0.5057199336871497,58.59715136404935,-1.494440497656086,-4.143769902225724,193.48200073242188,206.9243847664845,180.03961669835925,0.1389522951300563
2024-03-04,188.13999938964844,199.75,186.72000122070312,198.72999572753906,134334900,TSLA,193.49350051879884,211.18539978027343,234.89974975585938,-0.07155546804023882,0.029957572002705095,-0.541088375175126,50.008084864664305,-2.1763704761979454,-3.750290017020169,193.49350051879884,206.91619302898425,180.07080800861343,0.13874050006016955
2024-03-05,180.74000549316406,184.58999633789062,177.57000732421875,183.0500030517578,119660800,TSLA,193.47750091552734,209.85739990234376,234.93414978027343,-0.03933237971984138,0.030150713305138844,-0.5591384614605873,47.480798763920426,-3.2761570610862236,-3.6554634258333802,193.47750091552734,206.9632104850606,179.99179134599407,0.13940338804997443
2024-03-06,176.5399932861328,181.5800018310547,173.6999969482422,179.99000549316406,107920900,TSLA,193.04950027465821,208.2981997680664,234.93239974975586,-0.02323786698783792,0.03012449711702393,-0.5693831432532198,40.581940731364014,-4.435521802957453,-3.8114751012581953,193.04950027465821,208.10650617482852,177.9924943744879,0.1559911409120271
2024-03-07,178.64999389648438,180.0399932861328,173.6999969482422,174.35000610351562,102129000,TSLA,192.60299987792968,206.82039978027345,234.92494972229005,0.011951969472048907,0.030087479264011317,-0.5642364237272327,30.17460463275522,-5.124989608407333,-4.074178002688023,192.60299987792968,208.8272954694462,176.37870428641315,0.16847396563708103
2024-03-08,175.33999633789062,182.72999572753906,174.6999969482422,181.5,85544600,TSLA,191.89199981689453,205.195,234.85729972839354,-0.018527834714126334,0.030151314027926913,-0.5723101792428511,28.70738581980686,-5.870811886771179,-4.433504779504654,191.89199981689453,209.83326599128384,173.9507336425052,0.186993373267349
2024-03-11,177.77000427246094,182.8699951171875,174.8000030517578,175.4499969482422,85391500,TSLA,191.10199966430665,203.5216000366211,234.81729972839355,0.013858834181150304,0.029880807798608956,-0.566382896936012,35.20267388891557,-6.194394954677193,-4.785682814539162,191.10199966430665,210.09288914685334,172.11111018175995,0.19875134238162284
2024-03-12,177.5399932861328,179.42999267578125,172.41000366210938,177.77000427246094,87391700,TSLA,190.57249908447267,202.00880004882814,234.7904997253418,-0.0012938683737420131,0.02933046688111511,-0.56694394039198,33.82158592833039,-6.39567151157928,-5.107680553947186,190.57249908447267,210.48067668272262,170.66432148622272,0.20893022544061304
2024-03-13,169.47999572753906,176.0500030517578,169.14999389648438,173.0500030517578,106524500,TSLA,189.84549865722656,200.42880004882812,234.71554969787599,-0.04539820808488959,0.03059442077737597,-0.5866039094984873,26.197367644240032,-7.123444442469264,-5.510833331651602,189.84549865722656,211.72546647098585,167.96553084346726,0.23050288754293224
2024-03-14,162.5,171.1699981689453,160.50999450683594,167.77000427246094,126325700,TSLA,188.5349983215332,198.7104000854492,234.56219970703125,-0.04118477639544138,0.030882479617606113,-0.6036295350485418,25.52731655618129,-8.169266831631546,-6.042520031647591,188.5349983215332,213.6080303512903,163.46196629177612,0.2659774816662611
2024-03-15,163.57000732421875,165.17999267578125,160.75999450683594,163.16000366210938,97146800,TSLA,186.69099884033204,197.21280029296875,234.3742497253418,0.006584660456730784,0.02651830963270379,-0.6010195701217599,16.731678262589412,-8.81018957982235,-6.596053941282543,186.69099884033204,213.44286977745347,159.93912790321062,0.28658983136086846
2024-03-18,173.8000030517578,174.72000122070312,165.89999389648438,170.02000427246094,108214400,TSLA,185.3834991455078,195.93020050048827,234.2235997772217,0.06254200201423088,0.03105709204186602,-0.5760665352726763,29.662750842524503,-8.395867976010663,-6.956016748228167,185.3834991455078,211.96241035871975,158.80458793229587,0.28674516702643643
2024-03-19,171.32000732421875,172.82000732421875,167.4199981689453,172.36000061035156,77271400,TSLA,184.26149978637696,194.60680053710936,234.04259979248047,-0.014269250195585559,0.030586641658836664,-0.5821157479471519,25.969972745682156,-8.173412042730973,-7.199495807128729,184.26149978637696,211.2430586056515,157.27994096710242,0.2928615999604424
2024-03-20,175.66000366210938,176.25,170.82000732421875,173.0,83846700,TSLA,183.30599975585938,193.31100067138672,233.8510498046875,0.025332688257929448,0.03128688737302067,-0.5715296164619991,30.748899507551187,-7.559768375255828,-7.27155032075415,183.30599975585938,210.0732968310738,156.53870268064495,0.2920504196356378
2024-03-21,172.82000732421875,178.17999267578125,171.8000030517578,176.38999938964844,73178000,TSLA,182.07649993896484,192.06820068359374,233.62709983825684,-0.016167575308454918,0.03108029789036329,-0.5784569436552923,28.754639004008638,-7.219394629968775,-7.261119182597075,182.07649993896484,208.37086047293624,155.78213940499344,0.28882761413785657
2024-03-22,170.8300018310547,171.1999969482422,166.3000030517578,166.69000244140625,75580600,TSLA,181.0194999694824,190.80600067138673,233.37469985961914,-0.01151490226146512,0.03070397402111216,-0.5833109707481009,34.99220259391416,-7.029194616677557,-7.214734269413172,181.0194999694824,207.33889847424547,154.70010146471935,0.2907907546888614
2024-03-25,172.6300048828125,175.24000549316406,168.72999572753906,168.75999450683594,74228600,TSLA,179.68100051879884,189.7142007446289,233.11499984741212,0.010536808713131895,0.02918456045856701,-0.578920398154013,42.21240916746008,-6.656482743255879,-7.103083964181714,179.68100051879884,204.7580836156428,154.6039174219549,0.2791289343273698
2024-03-26,177.6699981689453,184.25,177.3800048828125,178.5800018310547,113186200,TSLA,178.57800064086913,188.88980072021485,232.82904983520507,0.029195349264770964,0.030234052634325086,-0.5666268321098487,51.067855608203004,-5.886563916544446,-6.859779954654261,178.57800064086913,201.81515422153925,155.34084706019902,0.2602465420967658
2024-03-27,179.8300018310547,181.91000366210938,176.0,181.41000366210938,81804000,TSLA,177.46750106811524,188.08820068359375,232.50619987487792,0.012157391142962881,0.030251811784167883,-0.5613581449969431,51.1140556882344,-5.043959826655907,-6.496615929054591,177.46750106811524,197.94225280157528,156.9927493346552,0.23074367543611785
2024-03-28,175.7899932861328,179.57000732421875,175.3000030517578,177.4499969482422,77654800,TSLA,176.16300048828126,187.29300048828125,232.13599983215332,-0.022465709302040393,0.030466716433449403,-0.5712125453991497,50.4190694727975,-4.648598787430416,-6.127012500729756,176.16300048828126,193.10924790830205,159.21675306826046,0.1923928108972928
2024-04-01,175.22000122070312,176.75,170.2100067138672,176.1699981689453,81562100,TSLA,174.792000579834,186.55980041503906,231.71854988098144,-0.003242460249155976,0.030383231625100836,-0.5726028716760296,47.54003187182029,-4.331336955223264,-5.767877391628458,174.792000579834,186.2751474483087,163.3088537113593,0.13139213271067202
2024-04-02,166.6300048828125,167.69000244140625,163.42999267578125,164.75,116650600,TSLA,173.71650085449218,185.64860046386718,231.2677498626709,-0.049024062767074494,0.028194774690725264,-0.5935556153214514,40.93704043313777,-4.718651900474185,-5.558032293397604,173.71650085449218,183.89038644313464,163.54261526584972,0.11713205756043035
2024-04-03,168.3800048828125,168.82000732421875,163.27999877929688,164.02000427246094,82950100,TSLA,173.0985008239746,184.8402005004883,230.83014991760254,0.01050231020055925,0.02724998154008098,-0.5892870103142819,48.97922136548063,-4.828728830223781,-5.41217160076284,173.0985008239746,182.9732196762351,163.22378197171412,0.11409363807607063
2024-04-04,171.11000061035156,177.19000244140625,168.00999450683594,170.07000732421875,123162000,TSLA,172.82700119018554,184.07960052490233,230.38299987792968,0.016213301154368365,0.027149571302868863,-0.5826279969244963,58.67419142697532,-4.642165753269808,-5.258170431264234,172.82700119018554,182.60139163463597,163.0526107457351,0.11311184452820904
2024-04-05,164.89999389648438,170.86000061035156,160.50999450683594,169.0800018310547,143157600,TSLA,172.13950119018554,183.22100036621094,229.83524978637695,-0.036292482565110196,0.02804694155223662,-0.5977754630692792,51.21415632558702,-4.938481077522994,-5.194232560515986,172.13950119018554,182.1214421599617,162.15756022040938,0.11597501910671595
2024-04-08,172.97999572753906,174.5,167.7899932861328,169.33999633789062,104423300,TSLA,172.02150115966796,183.02800018310546,229.40284980773924,0.04899940648952894,0.030144336878895533,-0.5780666994841482,49.220821550446225,-4.469799421084247,-5.049345932629639,172.02150115966796,181.89939485132265,162.14360746801327,0.11484487258934181
2024-04-09,176.8800048828125,179.22000122070312,171.9199981689453,172.91000366210938,102951700,TSLA,171.97700119018555,182.90060028076172,228.9641999053955,0.02254601255405486,0.030419613796051976,-0.5685537859937441,55.14433445543582,-3.7405489665182756,-4.787586539407367,171.97700119018555,181.7533516923072,162.2006506880639,0.11369369665087031
2024-04-10,171.75999450683594,174.92999267578125,170.00999450683594,173.0399932861328,84532400,TSLA,171.6880012512207,182.51720031738282,228.5399998474121,-0.028946236061948905,0.031111066710882148,-0.5810425299524032,46.4428971646554,-3.5350054327736586,-4.537070318080625,171.6880012512207,181.10713832157631,162.26886418086508,0.10972388287721006
2024-04-11,174.60000610351562,175.8800048828125,168.50999450683594,172.5500030517578,94516000,TSLA,171.94400177001953,182.1774005126953,228.2077498626709,0.01653476762638495,0.029521340113465053,-0.5741151655398281,51.62349284073253,-3.1071284577938627,-4.251081946023272,171.94400177001953,181.38873785357285,162.4992656864662,0.1098582792807853
2024-04-12,171.0500030517578,173.80999755859375,170.36000061035156,172.33999633789062,64722700,TSLA,172.37150192260742,181.8526007080078,227.81194984436036,-0.020332204625772565,0.02826084769565138,-0.5827743431410856,50.195105607100786,-3.0196794649124,-4.004801449801098,172.37150192260742,180.7276452685441,164.01535857667074,0.0969550448041984
2024-04-15,161.47999572753906,170.69000244140625,161.3800048828125,170.24000549316406,100245300,TSLA,172.26700134277343,181.30500061035156,227.33814987182618,-0.05594859487563397,0.03114859043196002,-0.6061175323884053,41.309429259798144,-3.680172382792904,-3.9398756363994596,172.26700134277343,181.12386983763787,163.41013284790898,0.10282722083541959
2024-04-16,157.11000061035156,158.19000244140625,153.75,156.74000549316406,97000000,TSLA,171.43250122070313,180.6890005493164,226.83619987487793,-0.027062145360474688,0.027929634163563446,-0.6167768369818527,33.80593563621993,-4.50431690178786,-4.05276388947714,171.43250122070313,182.54026366230894,160.32473877909732,0.12958759118034008
2024-04-17,155.4499969482422,158.3300018310547,153.77999877929688,157.63999938964844,82439700,TSLA,170.6390007019043,180.1768005371094,226.30459991455078,-0.010565868854054306,0.0278748125274271,-0.6208259226641384,30.644657973669027,-5.2311048723163935,-4.288432086044991,170.6390007019043,183.84905478487863,157.42894661892998,0.15483042011071624
2024-04-18,149.92999267578125,152.1999969482422,148.6999969482422,151.25,96098800,TSLA,169.35250015258788,179.47340026855468,225.6551498413086,-0.03550983840996058,0.027770110392594364,-0.6342903328795807,29.941059824786777,-6.181254137373372,-4.666996496310667,169.35250015258788,185.24325967594515,153.4617406292306,0.18766489433624636
2024-04-19,147.0500030517578,150.94000244140625,146.22000122070312,148.97000122070312,87074500,TSLA,168.06399993896486,178.66280029296874,224.97799980163575,-0.0192088959161848,0.02782822580285793,-0.6413152118108394,28.905209307193743,-7.084974196672022,-5.150592036382939,168.06399993896486,186.71099911352172,149.417000764408,0.2219035508059885
2024-04-22,142.0500030517578,144.44000244140625,138.8000030517578,140.55999755859375,107097600,TSLA,166.625,177.71260040283204,224.30554977416992,-0.03400203941675628,0.028439260528998703,-0.6535112261170382,30.547652048620392,-8.111136930348465,-5.742701015176045,166.625,188.5304816384988,144.7195183615012,0.2629315125401206
2024-04-23,144.67999267578125,147.25999450683594,141.11000061035156,143.3300018310547,124545100,TSLA,165.22749938964844,176.73480010986327,223.6567997741699,0.018514534090260826,0.028778611381091713,-0.6470961479010893,31.501715719785295,-8.612876231109084,-6.316736058362653,165.22749938964844,189.0060886148455,141.44891016445138,0.2878284706000556
2024-04-24,162.1300048828125,167.97000122070312,157.50999450683594,162.83999633789062,181178000,TSLA,164.45049972534179,176.2148001098633,223.11939987182618,0.12061109407252757,0.040097249882506264,-0.6045320281970302,44.300589839604605,-7.5158006213879105,-6.556548970967705,164.45049972534179,187.52226569292327,141.3787337577603,0.28059222691466384
2024-04-25,170.17999267578125,170.8800048828125,158.36000061035156,158.9600067138672,126427500,TSLA,163.96799926757814,175.93799987792968,222.62134979248046,0.04965143743002587,0.041727236664827784,-0.5848964749394758,53.27461988366077,-5.928454030612983,-6.43092998289676,163.96799926757814,186.0687122768584,141.86728625829787,0.26957349126660113
2024-04-26,168.2899932861328,172.1199951171875,166.3699951171875,168.85000610351562,109815700,TSLA,163.59299926757814,175.529599609375,222.10284980773926,-0.011105884774887609,0.04151004847860146,-0.5895065668584477,46.84938802906037,-4.768014869144594,-6.098346960146327,163.59299926757814,185.09553174234483,142.09046679281144,0.26287839419823145
2024-04-29,194.0500030517578,198.8699951171875,184.5399932861328,188.4199981689453,243869700,TSLA,164.53449935913085,175.40159973144532,221.68359985351563,0.1530691710339953,0.053982975054461264,-0.5266726773325715,58.915772107371524,-1.749572982199055,-5.228592164556874,164.53449935913085,189.5436271457635,139.5253715724982,0.303998588551876
2024-04-30,183.27999877929688,190.9499969482422,182.83999633789062,186.97999572753906,127031800,TSLA,165.36699905395508,175.0681997680664,221.19309982299805,-0.05550118063944742,0.054351351642317906,-0.5529429025695225,55.65038369246765,-0.22390434627334344,-4.227654600900168,165.36699905395508,191.7410681983273,138.99292990958287,0.318976208013148
2024-05-01,179.99000549316406,185.86000061035156,179.00999450683594,182.0,92829700,TSLA,165.94749908447267,174.79279998779296,220.6411498260498,-0.017950640048260635,0.05460208580947621,-0.5609678636065172,52.63209269546756,0.7115220931937074,-3.239819262081393,165.94749908447267,193.10037716335043,138.7946210055949,0.3272466078570556
2024-05-02,180.00999450683594,184.60000610351562,176.02000427246094,182.86000061035156,89148000,TSLA,166.3924987792969,174.49759979248046,220.07449981689453,0.0001110562423569661,0.05454184531669061,-0.5609191063471753,54.531657284398186,1.4378921070497483,-2.304276988255165,166.3924987792969,194.18578120801496,138.5992163505788,0.3340689349894685
2024-05-03,181.19000244140625,184.77999877929688,178.4199981689453,182.10000610351562,75491500,TSLA,167.20699920654297,174.1731997680664,219.52414978027343,0.006555235656792835,0.05371608010018349,-0.5580408276168859,60.89311914017799,2.0847308749990248,-1.4264754156043271,167.20699920654297,195.76049997322772,138.65349843985823,0.34153475514997966
2024-05-06,184.75999450683594,187.55999755859375,182.1999969482422,183.8000030517578,84390300,TSLA,167.7959991455078,174.02899963378906,219.1334497833252,0.019703030064167848,0.0528753167990387,-0.5493328927562866,65.41764200188817,2.852541460520598,-0.570672040379342,167.7959991455078,197.32039820896122,138.2716000820544,0.35190826019457966
2024-05-07,177.80999755859375,183.25999450683594,177.39999389648438,182.39999389648438,75045900,TSLA,167.84249877929688,173.59719970703125,218.7223998260498,-0.03761635178001177,0.05350569677393708,-0.5662853451980464,61.77338153714984,2.867179154610568,0.11689819861863993,167.84249877929688,197.42999942946932,138.25499812912443,0.35256268067217333
2024-05-08,174.72000122070312,176.05999755859375,170.14999389648438,171.58999633789062,79969500,TSLA,167.99049911499023,173.09699981689454,218.25069984436035,-0.017378079862311324,0.05322044142509301,-0.5738224731066496,63.39566467525632,2.5994775927739795,0.6134140774497079,167.99049911499023,197.6899093873836,138.29108884259685,0.353584404223527
2024-05-09,171.97000122070312,175.6199951171875,171.3699951171875,175.00999450683594,65950300,TSLA,167.8589988708496,172.49559997558595,217.78414985656738,-0.01573946875450305,0.05324992229047199,-0.5805302809750589,63.48485061163153,2.1407430062322135,0.9188798632062091,167.8589988708496,197.4583093823839,138.2596883593153,0.352668736387591
2024-05-10,168.47000122070312,173.05999755859375,167.75,173.0500030517578,72627200,TSLA,167.72999877929686,171.82739990234376,217.30474983215333,-0.02035238689978358,0.05325033833273434,-0.5890674909893979,64.53245565339947,1.4777373557367355,1.0306513617123143,167.72999877929686,197.29321957747288,138.16677798112084,0.3525096406526063
2024-05-13,171.88999938964844,175.39999389648438,169.0,170.0,67018900,TSLA,168.25049896240233,171.21239990234375,216.88564979553223,0.020300339194899042,0.05170218160610631,-0.5807254216702719,64.8380469612639,1.214268539273121,1.0673747972244756,168.25049896240233,197.7168000427069,138.78419788209777,0.3502670275811684
2024-05-14,177.5500030517578,179.49000549316406,174.07000732421875,174.5,86407400,TSLA,169.27249908447266,171.00059997558594,216.441199798584,0.03292805679333921,0.05152521004852367,-0.5669195245430272,59.6495633865354,1.445519547405496,1.1430037472606798,169.27249908447266,198.529002310153,140.0159958587923,0.34567343642844633
2024-05-15,173.99000549316406,180.0,173.11000061035156,179.89999389648438,79663000,TSLA,170.19949951171876,170.86559997558595,215.9739998626709,-0.02005067585133169,0.05174174591440488,-0.5756030807739556,52.526199047403026,1.3262375457136386,1.1796505069512715,170.19949951171876,198.77897637809716,141.62002264534036,0.33583502828585715
2024-05-16,174.83999633789062,175.7899932861328,171.42999267578125,174.10000610351562,59812200,TSLA,171.44499969482422,170.8316000366211,215.54284980773926,0.004885285464054867,0.05078062096752948,-0.573529780673471,54.40366063311374,1.2854747052698485,1.200815346614987,171.44499969482422,198.43190394422328,144.45809544542516,0.31481704683643535
2024-05-17,177.4600067138672,179.6300048828125,172.75,173.5500030517578,77445800,TSLA,172.9654998779297,170.80780029296875,215.15959983825684,0.014985188920464187,0.05035933321608397,-0.5671390438679111,33.80831284133474,1.447892399242022,1.250230757140394,172.9654998779297,197.47851591206768,148.4524838437917,0.2834439937610453
2024-05-20,174.9499969482422,177.75,173.52000427246094,177.55999755859375,61727400,TSLA,174.6104995727539,170.8000003051758,214.73774978637695,-0.014144086952910362,0.04962446156703703,-0.5732614668699634,40.30718576631852,1.3584138317430927,1.2718673720609337,174.6104995727539,194.3363447157218,154.884654429786,0.22594111111570184
2024-05-21,186.60000610351562,186.8800048828125,174.7100067138672,175.50999450683594,115266500,TSLA,176.7065002441406,170.97660034179688,214.40144981384276,0.06659050790792542,0.051120218215239724,-0.5448447312049511,56.43873015250168,2.202174501140462,1.4579287978768396,176.7065002441406,191.276232668249,162.13676782003222,0.16490318583615896
2024-05-22,180.11000061035156,183.8000030517578,178.1199951171875,182.85000610351562,88313500,TSLA,177.6055000305176,171.02800048828124,214.04474983215331,-0.03478030697150003,0.045567508665346604,-0.5606751711733386,50.086510442763455,2.3204233110296855,1.6304277005074088,177.6055000305176,190.51214315256027,164.6988569084749,0.14534057920306476
2024-05-23,173.74000549316406,181.89999389648438,173.25999450683594,181.8000030517578,71975500,TSLA,177.78350067138672,171.11320068359376,213.66494987487792,-0.03536724832380789,0.04526606800345666,-0.5762128814892655,44.08636585287273,1.8784770608706367,1.6800375725800545,177.78350067138672,190.35273653317483,165.2142648095986,0.14139935161948428
2024-05-24,179.24000549316406,180.0800018310547,173.72999572753906,174.83999633789062,65584500,TSLA,178.33100128173828,171.44800079345703,213.3501998901367,0.03165649721483632,0.04562507665467456,-0.5627972657524469,45.748623019143054,1.9495621690267058,1.7339424918693849,178.33100128173828,190.08668625508113,166.57531630839543,0.13184118172218973
2024-05-28,176.75,178.25,173.16000366210938,176.39999389648438,59736600,TSLA,177.46600112915038,171.71160064697267,213.00724990844728,-0.01389201861667555,0.029278874959561323,-0.5688708942758754,49.123389701153975,1.7844054803036897,1.744035089556246,177.46600112915038,186.6067676154003,168.32523464290048,0.10301428361591057
2024-05-29,176.19000244140625,178.14999389648438,173.92999267578125,174.19000244140625,54782600,TSLA,177.11150131225585,171.75940063476563,212.67494995117187,-0.0031683030189180172,0.02668100792872762,-0.5702368419230845,51.268773202279355,1.590001939105207,1.7132284594660383,177.11150131225585,185.8436784491548,168.3793241753569,0.09860655092639867
2024-05-30,178.7899932861328,182.6699981689453,175.3800048828125,178.5800018310547,77618400,TSLA,177.0515007019043,171.90880035400392,212.37009994506835,0.014756744473008343,0.02663073781118514,-0.5638949368154303,55.90168778856151,1.6269784692086944,1.6959784614145696,177.0515007019043,185.71663235134756,168.38636905246105,0.09788261172699628
2024-05-31,178.0800018310547,180.32000732421875,173.82000732421875,178.5,67314600,TSLA,176.95500106811522,171.9572003173828,212.09569992065428,-0.003971091681523098,0.026645474422196936,-0.5656267500041128,58.73795203707172,1.580770124933622,1.6729367941183804,176.95500106811522,185.5238588962936,168.38614323993684,0.09684787405222837
2024-06-03,176.2899932861328,182.63999938964844,174.49000549316406,178.1300048828125,68568900,TSLA,176.71000061035156,172.0266000366211,211.84914985656738,-0.0100517100545634,0.026682453979256848,-0.5699929439685297,54.12293158539801,1.3837598274031393,1.6151014007753322,176.71000061035156,185.04605780671582,168.3739434139873,0.09434731670614849
2024-06-04,174.77000427246094,177.75999450683594,174.0,174.77999877929688,60056300,TSLA,176.21050109863282,172.10540008544922,211.62689987182617,-0.008622094682395387,0.02627233778273942,-0.5737005055197312,47.175946047998536,1.092385002578908,1.5105581211360475,176.21050109863282,183.6663073746832,168.75469482258242,0.08462385873219952
2024-06-05,175.0,176.14999389648438,172.1300048828125,175.35000610351562,57953800,TSLA,176.07000122070312,172.15279998779297,211.42444984436034,0.0013159908560766986,0.02493815975331648,-0.573139499283045,51.10045164553191,0.8699982890009039,1.3824461547090188,176.07000122070312,183.50477151048787,168.63523093091837,0.08445243639733145
2024-06-06,177.94000244140625,179.72999572753906,172.72999572753906,174.60000610351562,69887000,TSLA,176.2310012817383,172.1582000732422,211.1577498626709,0.01680001395089281,0.024892057612302624,-0.565968236915915,53.23051833439447,0.920379283215766,1.2900327804103684,176.2310012817383,183.68212028164595,168.77988228183062,0.08456082012489566
2024-06-07,177.47999572753906,179.35000610351562,175.5800018310547,176.1300048828125,56244900,TSLA,176.5065010070801,172.11119995117187,210.87919982910157,-0.0025851787543875737,0.02459279108666418,-0.5670902866085693,50.0218125387131,0.9126672270560903,1.2145596697395127,176.5065010070801,183.69716662005158,169.3158353941086,0.08147762911784254
2024-06-10,173.7899932861328,178.57000732421875,173.1699981689453,176.05999755859375,50774600,TSLA,176.77250061035156,172.07119995117188,210.56384979248048,-0.020791089307163446,0.024613833998383745,-0.5760909511216291,48.76595355094747,0.6018650825788256,1.0920207523073753,176.77250061035156,183.04660631556948,170.49839490513364,0.07098508742655098
2024-06-11,170.66000366210938,174.75,167.41000366210938,173.9199981689453,64761900,TSLA,176.71100082397462,171.98,210.26694984436034,-0.018010183238054034,0.02459227163597619,-0.5837256307681978,29.287928102833504,0.1018144856152503,0.8939794989689503,176.71100082397462,183.20681433728808,170.21518731066115,0.07351906200547272
2024-06-12,177.2899932861328,180.5500030517578,169.8000030517578,171.1199951171875,90389400,TSLA,176.69800033569337,172.1931997680664,209.96044982910155,0.03884911216309472,0.025042025479756907,-0.5675537411072901,46.349029118158136,0.2377647345189473,0.7627365460789497,176.69800033569337,183.1877816956938,170.20821897569294,0.07345619472400415
2024-06-13,182.47000122070312,191.0800018310547,181.22999572753906,188.38999938964844,118984100,TSLA,177.12200012207032,172.47499969482422,209.67869979858398,0.029217711832219218,0.025364220217316224,-0.5549186509320415,61.66176996352645,0.7547888988449358,0.761147016632147,177.12200012207032,183.96527168117478,170.27872856296585,0.07727184149217112
2024-06-14,178.00999450683594,186.0,176.9199981689453,185.8000030517578,82038200,TSLA,177.28050003051757,172.6129995727539,209.28284980773927,-0.024442410719736185,0.026068232466287495,-0.5657975120696549,48.30995943567195,0.7954792168106906,0.7680134566678558,177.28050003051757,184.04764644127746,170.51335361975768,0.07634394543782284
2024-06-17,187.44000244140625,188.80999755859375,177.0,177.9199981689453,109786100,TSLA,177.77949981689454,173.06379974365234,208.93554985046387,0.052974598199923895,0.02840367410836575,-0.5427958097341374,62.33557091412606,1.5705451505466215,0.9285197954436091,177.77949981689454,185.93232994789543,169.62666968589366,0.09171845054573735
2024-06-18,184.86000061035156,187.1999969482422,182.3699951171875,186.55999755859375,68982300,TSLA,178.275,173.30139984130858,208.5694499206543,-0.013764414198944475,0.02839165494686017,-0.5490889575824498,59.55898557800204,1.9540804779131804,1.1336319319375234,178.275,186.89496498114542,169.6550350188546,0.09670413665567706
2024-06-20,181.57000732421875,185.2100067138672,179.66000366210938,184.67999267578125,55893100,TSLA,178.02350006103515,173.39519989013672,208.2522499847412,-0.017797215597047833,0.024463995851482647,-0.5571139186194445,53.01912949987688,1.9698527887463229,1.3008761032992835,178.02350006103515,185.88050276487797,170.16649735719233,0.08826927569842251
2024-06-21,183.00999450683594,183.9499969482422,180.69000244140625,182.3000030517578,61937300,TSLA,178.1684997558594,173.62019989013672,207.8848500061035,0.00793075466503601,0.023199178870462297,-0.5536014977634561,55.27046593312231,2.074632319907039,1.4556273466208347,178.1684997558594,186.29021176950258,170.0467877422162,0.09116888815668543
2024-06-24,182.5800018310547,188.8000030517578,182.5500030517578,184.97000122070312,61992100,TSLA,178.6104995727539,173.7797998046875,207.53815002441405,-0.0023495584322592578,0.021590131434352233,-0.5546503371285338,56.9258007760784,2.0987806015813817,1.584257997612944,178.6104995727539,186.67945229964315,170.54154684586464,0.09035250162997839
2024-06-25,187.35000610351562,187.97000122070312,182.00999450683594,184.39999389648438,62905700,TSLA,179.0159996032715,174.10579986572264,207.21745002746582,0.026125557150967316,0.02123220149071473,-0.5430153290590214,62.92643323995973,2.4742956291683527,1.762265523924026,179.0159996032715,187.9832744016302,170.04872480491278,0.10018405972909294
2024-06-26,196.3699951171875,197.75999450683594,186.36000061035156,186.5399932861328,95737100,TSLA,179.99699935913085,174.80359985351564,206.95680000305177,0.04814512260377568,0.02316624014418638,-0.5210137460485219,68.59878322738498,3.4598487415688055,2.1017821674529817,179.99699935913085,191.773302754591,168.22069596367072,0.1308499968042689
2024-06-27,197.4199981689453,198.72000122070312,194.0500030517578,195.1699981689453,72746500,TSLA,181.05849914550782,175.6097998046875,206.57600006103516,0.0053470646120412635,0.02307607377517373,-0.5184525756003637,67.53059929215235,4.276338189982056,2.5366933719587967,181.05849914550782,195.01533715235718,167.10166113865847,0.15416937699934127
2024-06-28,197.8800048828125,203.1999969482422,195.25999450683594,199.5500030517578,95438100,TSLA,182.01299972534179,176.4583999633789,206.2280000305176,0.002330091774560339,0.022993727890642274,-0.5173305259077094,68.35854540521079,4.904000393805433,3.010154776328124,182.01299972534179,197.80682805534,166.21917139534358,0.17354615718471916
2024-07-01,209.86000061035156,213.22999572753906,200.85000610351562,201.02000427246094,135691400,TSLA,183.60199966430665,177.65700012207031,205.9208000946045,0.060541719385108106,0.025954330295812213,-0.48810888605145625,78.24590533763877,6.295541661176657,3.6672321532978307,183.60199966430665,203.57225324301754,163.63174608559575,0.21753851935408125
2024-07-02,231.25999450683594,231.3000030517578,218.05999755859375,218.88999938964844,205047900,TSLA,186.3504997253418,179.3411999511719,205.69690002441405,0.10197271435359379,0.032888478575333606,-0.43590995970863855,86.89722705072545,9.021158501586768,4.738017422955618,186.3504997253418,215.22805016241267,157.4729492882709,0.3099272658740697
2024-07-03,246.38999938964844,248.35000610351562,234.25,234.55999755859375,166561500,TSLA,189.93149948120117,181.4279998779297,205.5568999481201,0.06542422054051067,0.034325323360149367,-0.399004808507911,88.12624686977594,12.260760022456225,6.242565942855739,189.93149948120117,228.79766343255247,151.06533552984988,0.4092650672217554
2024-07-05,251.52000427246094,252.3699951171875,242.4600067138672,249.80999755859375,154501200,TSLA,193.75749969482422,183.56480010986328,205.48809997558592,0.02082067005771515,0.03410687600540035,-0.3864916859195809,88.11969145468989,15.068416759971967,8.007736106278985,193.75749969482422,240.6676658455388,146.84733354410963,0.4842152301159952
2024-07-08,252.94000244140625,259.44000244140625,244.57000732421875,247.7100067138672,157219600,TSLA,197.50749969482422,185.38100006103517,205.42029998779296,0.005645666924397386,0.03423290278582642,-0.3830280223229343,92.80248031636759,17.209704180220996,9.848129721067387,197.50749969482422,250.66823497023046,144.34676441941798,0.5383161181985167
2024-07-09,262.3299865722656,265.6099853515625,250.3000030517578,251.0,160210900,TSLA,201.74999923706054,187.22399993896485,205.41899993896484,0.03712336538398886,0.034110408263237475,-0.36012394616394633,92.79918768580798,19.44028759763313,11.766561296380537,201.74999923706054,261.3357283194906,142.16427015463043,0.5906887663718461
2024-07-10,263.260009765625,267.5899963378906,257.8599853515625,262.79998779296875,128519400,TSLA,206.22350006103517,189.1234002685547,205.45680000305177,0.003545241645880992,0.032984230609352405,-0.3578554309296848,95.66637140974426,21.040543833564357,13.6213578038173,206.22350006103517,270.2402019012314,142.20679822083895,0.6208477871944705
2024-07-11,241.02999877929688,271.0,239.64999389648438,263.29998779296875,221707300,TSLA,209.74199981689452,190.06300018310546,205.43754997253419,-0.08444127539962887,0.03980916026346457,-0.4120789373329273,78.37373169870023,20.281193354731414,14.953324914000124,209.74199981689452,273.2620576687293,146.22194196505973,0.6056970745705488
2024-07-12,248.22999572753906,251.83999633789062,233.08999633789062,235.8000030517578,155955800,TSLA,213.28899993896485,191.3620001220703,205.44374992370606,0.029871787680814776,0.039613734615605634,-0.39451668417585756,79.500631526638,20.029494663713763,15.968558863942853,213.28899993896485,277.10099058608375,149.47700929184595,0.5983617595410871
2024-07-15,252.63999938964844,265.6000061035156,251.72999572753906,255.97000122070312,146912900,TSLA,216.7974998474121,192.815,205.48634994506835,0.01776579679334911,0.039521316246228365,-0.3837597906251626,80.58853720308522,19.95583364905383,16.76601382096505,216.7974998474121,281.18834139588563,152.40665829893857,0.594018303659346
2024-07-16,256.55999755859375,258.6199951171875,245.8000030517578,255.30999755859375,126332500,TSLA,220.725,194.34600006103517,205.56664993286134,0.015516142251486675,0.03829977458891898,-0.3741981198754166,80.44338140202575,19.98341152683949,17.40949336213994,220.725,284.735587549393,156.71441245060697,0.5800030585515281
2024-07-17,248.5,258.4700012207031,246.17999267578125,252.72999572753906,115584800,TSLA,223.7779998779297,195.69220001220702,205.57724990844727,-0.031415644041518975,0.03901752791883536,-0.39385808898192387,73.12571853435509,19.13432417254623,17.754459524221197,223.7779998779297,286.9229145123925,160.6330852434669,0.5643531952998792
2024-07-18,249.22999572753906,257.1400146484375,247.1999969482422,251.08999633789062,110869000,TSLA,226.99649963378906,196.9816000366211,205.57229988098143,0.002937608561525362,0.03854725076854006,-0.3920774813146178,73.04919957553989,18.309263093487175,17.865420238074393,226.99649963378906,288.3249506120003,165.66804865557785,0.5403471073532123
2024-07-19,239.1999969482422,249.44000244140625,236.8300018310547,247.7899932861328,87403900,TSLA,229.87799911499025,198.20940002441407,205.51029983520507,-0.040243947162209914,0.03987924097784874,-0.41654268303530984,66.93997613593584,16.65408128455411,17.623152447370337,229.87799911499025,287.5246507820974,172.2313474478831,0.5015412687516126
2024-07-22,251.50999450683594,253.2100067138672,243.75,244.2100067138672,101225400,TSLA,233.30299911499023,199.74519989013672,205.53519981384278,0.05146320115237035,0.040674448544026826,-0.38651610176853374,67.02918921670724,16.149490427134793,17.32842004332323,233.30299911499023,287.2456958036638,179.36030242631665,0.4624260887626767
2024-07-23,246.3800048828125,255.75999450683594,245.6300048828125,253.60000610351562,111928200,TSLA,236.4929992675781,201.2333999633789,205.46129981994628,-0.020396762498772203,0.04131690081838864,-0.3990291871375819,57.13073465698022,15.160885991318537,16.894913232922292,236.4929992675781,285.0864417656959,187.8995567694603,0.4109503676524237
2024-07-24,215.99000549316406,225.99000549316406,214.7100067138672,225.4199981689453,167942900,TSLA,237.92499923706055,202.18380004882812,205.24099990844726,-0.12334604589403697,0.0516076401069307,-0.47315656060188643,37.46702085980157,11.789291271304563,15.873788840598747,237.92499923706055,281.88816349263766,193.9618349814834,0.36955481262205403
2024-07-25,220.25,226.0,216.22999572753906,216.8000030517578,100636500,TSLA,239.11899948120117,203.15100006103515,205.0395999145508,0.01972310939623889,0.050842115674124534,-0.4627655698119466,37.015195048553515,9.35320618042806,14.569672308564611,239.11899948120117,279.4796984552248,198.75830050717752,0.33757835271635694
2024-07-26,219.8000030517578,222.27999877929688,215.3300018310547,221.19000244140625,94604100,TSLA,240.2379997253418,203.99600006103515,204.8402498626709,-0.0020431189477511102,0.05088167148963437,-0.4638632036556481,36.12692441980121,7.3021060685661325,13.116159060564916,240.2379997253418,276.79237820774273,203.68362124294086,0.30431803897961734
2024-07-29,232.10000610351562,234.27000427246094,224.6999969482422,224.89999389648438,129201800,TSLA,241.94899978637696,205.1582000732422,204.68264991760253,0.055959976710561854,0.05204251865710486,-0.43386100101854286,37.64610585994839,6.593100742107225,11.81154739687338,241.94899978637696,272.93468093971086,210.96331863304306,0.2561339884082345
2024-07-30,222.6199951171875,232.41000366210938,220.0,232.25,100560300,TSLA,242.58699951171874,206.11380004882812,204.4807999420166,-0.04084450985365373,0.05172760334499139,-0.4569846709409786,34.47669345172943,5.206236994637663,10.490485316426238,242.58699951171874,271.2274190688419,213.94657995459556,0.23612493344466826
2024-07-31,232.07000732421875,234.67999267578125,226.7899932861328,227.89999389648438,67497000,TSLA,242.62750015258788,207.20600006103516,204.34680000305175,0.04244907202543402,0.04733512570132402,-0.4339341741268375,46.20725032785987,4.814179625020017,9.355224178144995,242.62750015258788,271.20269377514427,214.0523065300315,0.23554785508308423
2024-08-01,216.86000061035156,231.8699951171875,214.3300018310547,227.69000244140625,83861900,TSLA,241.15100021362304,208.04420013427733,204.17550003051758,-0.06554059651757449,0.04705174714486616,-0.47103446602277804,37.5644200813544,3.2388158554097117,8.13194251359794,241.15100021362304,271.8782540890596,210.42374633818642,0.2548382867847692
2024-08-02,207.6699981689453,216.1300048828125,205.77999877929688,214.8800048828125,82880100,TSLA,238.95849990844727,208.46559997558595,203.94425003051757,-0.042377581921705376,0.04732847271007631,-0.4934507462726564,32.8240776248182,1.234541301495625,6.752462271177477,238.95849990844727,272.682143720829,205.2348560960655,0.2822552353258191
2024-08-05,198.8800048828125,203.8800048828125,182.0,185.22000122070312,100308800,TSLA,236.25550003051757,208.84100006103515,203.66440002441405,-0.04232673647438423,0.04779080856918009,-0.5148913230464697,28.75976093889315,-1.051024167290933,5.191764983483795,236.25550003051757,273.71924785653647,198.79175220449866,0.31714603741440633
2024-08-06,200.63999938964844,202.89999389648438,192.6699981689453,200.75,73783900,TSLA,233.1710006713867,209.37899993896485,203.4542000579834,0.008849529684359148,0.046703428983331734,-0.5105983394096293,31.518380371643687,-2.6893334580479973,3.6155452951774367,233.1710006713867,271.73763805907595,194.6043632836975,0.33080131986088684
2024-08-07,191.75999450683594,203.49000549316406,191.47999572753906,200.77000427246094,71159800,TSLA,229.59599990844725,209.62939971923828,203.31245002746581,-0.044258397676563366,0.04707456955872282,-0.5322584727276084,29.121558097147144,-4.650637896352123,1.962308656871525,229.59599990844725,269.64594654434336,189.54605327255115,0.3488732090442887
2024-08-08,198.83999633789062,200.6999969482422,192.0399932861328,195.6999969482422,65033900,TSLA,227.48649978637695,210.0711996459961,203.24669998168946,0.036921162045623124,0.04539472904060711,-0.5149889120037172,35.01633567249303,-5.569487234468085,0.45594947860360313,227.48649978637695,269.40167021292024,185.57132935983367,0.3685068825262516
2024-08-09,200.0,200.8800048828125,195.11000061035156,197.0500030517578,58648300,TSLA,225.075,210.54739959716798,203.1862999725342,0.005833854775063374,0.04463531166534839,-0.5121594277520514,29.150818160291507,-6.13337759488104,-0.8619159360933255,225.075,267.51156716041226,182.63843283958772,0.37708823423669685
2024-08-12,197.49000549316406,199.25999450683594,194.6699981689453,199.02000427246094,64044900,TSLA,222.31750030517577,210.92139984130858,203.0911499786377,-0.012549972534179665,0.04416330038219779,-0.5182818135348216,29.782486254661336,-6.705503477859537,-2.030633444446568,222.31750030517577,264.3779136048509,180.25708700550064,0.37838148811441924
2024-08-13,207.8300018310547,208.49000549316406,197.05999755859375,198.47000122070312,76247400,TSLA,219.88100051879883,211.51639984130858,203.06819999694824,0.05235706137163754,0.0460672591184397,-0.4930604648822304,45.954787637205776,-6.252491245513994,-2.8750050046600535,219.88100051879883,259.1418839918988,180.62011704569886,0.35711028584066623
2024-08-14,201.3800048828125,208.44000244140625,198.75,207.38999938964844,70250000,TSLA,217.52500076293944,212.01820007324218,203.04630004882813,-0.0310349655555765,0.046057780134172964,-0.5087933158933703,40.84425435989651,-6.340843341450437,-3.56817267201813,217.52500076293944,255.17702419048527,179.8729773353936,0.3461857101067598
2024-08-15,214.13999938964844,215.8800048828125,204.82000732421875,205.02000427246094,89848500,TSLA,215.77050094604493,212.80559997558595,203.08050003051758,0.06336276788880446,0.04881087841140411,-0.4776691007828927,47.546808736343344,-5.319913446365888,-3.918520826887682,215.77050094604493,250.34655521040668,181.1944466816832,0.3204891689342442
2024-08-16,216.1199951171875,219.8000030517578,210.8000030517578,211.14999389648438,88765100,TSLA,214.6165008544922,213.62799987792968,203.17430000305177,0.009246267550119258,0.048256265668242426,-0.472839489539037,42.39336934198075,-4.301465425554483,-3.995109746621042,214.6165008544922,247.39386242381804,181.83913928516634,0.3054505262999192
2024-08-19,222.72000122070312,222.97999572753906,214.08999633789062,217.07000732421875,76435200,TSLA,213.17700119018554,214.52359985351563,203.2837000274658,0.030538618603692225,0.04720758323311766,-0.45674073576714186,50.048945820247994,-2.9280203021248496,-3.7816918577218037,213.17700119018554,241.33550727349854,185.01849510687254,0.2641795871609192
2024-08-20,221.10000610351562,228.22000122070312,219.55999755859375,224.8800048828125,74001200,TSLA,211.9130012512207,215.39600006103515,203.36090003967286,-0.007273684933137958,0.047072941710053544,-0.46069223249218005,44.185305426552205,-1.9478219349727226,-3.4149178731719876,211.9130012512207,235.7310067965125,188.09499570592888,0.22479041309084957
2024-08-21,223.27000427246094,224.66000366210938,218.86000061035156,222.6699981689453,70146000,TSLA,212.27700119018556,216.3856002807617,203.38470008850098,0.009814554993405888,0.037868723200920544,-0.4553991667496036,53.9426776938931,-0.9845575832998179,-2.928845815197554,212.27700119018556,236.57502895794428,187.97897342242683,0.22892755815774285
2024-08-22,210.66000366210938,224.8000030517578,210.32000732421875,223.82000732421875,79514500,TSLA,211.79750137329103,217.18560028076172,203.33820007324218,-0.056478704568676985,0.039811360639194396,-0.4861575163186081,51.76484850275229,-1.2245692358542044,-2.587990499328884,211.79750137329103,235.80986572413784,187.78513702244422,0.22674832512330023
2024-08-23,220.32000732421875,221.47999572753906,214.2100067138672,214.4600067138672,81525200,TSLA,211.82350158691406,218.04620056152345,203.343450088501,0.04585589810206048,0.04119186087175441,-0.4625948077464045,62.52629458132822,-0.628058765683221,-2.196004152599752,211.82350158691406,235.8734467778231,187.77355639600503,0.22707532460500857
2024-08-26,213.2100067138672,219.08999633789062,211.00999450683594,218.75,59301200,TSLA,210.87900161743164,218.66100067138672,203.2986001586914,-0.0322712435275504,0.03968464838760279,-0.4799375415785903,56.911914844774145,-0.720729428731886,-1.9009492078261787,210.87900161743164,232.98088774659294,188.77711548827034,0.20961675614585534
2024-08-27,209.2100067138672,215.66000366210938,206.94000244140625,213.25,62821400,TSLA,210.20850219726563,219.28500091552735,203.234100189209,-0.018760845523390857,0.038889756511573906,-0.4896943530235493,60.13946233729571,-1.1042095273742234,-1.7416012717357878,210.20850219726563,231.61330606483563,188.80369832969564,0.20365307438880964
2024-08-28,205.75,211.83999633789062,202.58999633789062,209.72000122070312,64116400,TSLA,208.8925018310547,219.6512008666992,203.21295021057128,-0.01653843794670573,0.03752362779482172,-0.49813401129992285,54.19143775087318,-1.668085245338375,-1.7268980664563054,208.8925018310547,227.71914830014924,190.06585536196013,0.1802520081292427
2024-08-29,206.27999877929688,214.88999938964844,205.97000122070312,209.8000030517578,62308800,TSLA,208.36350173950194,220.07960083007814,203.17110023498535,0.002575935743848623,0.03476071530717177,-0.4968412367610084,53.83863063353457,-2.048579591886778,-1.7912343715424,208.36350173950194,226.83880386225562,189.88819961674827,0.17733722046821498
2024-08-30,214.11000061035156,214.57000732421875,207.02999877929688,208.6300048828125,63370600,TSLA,208.68550186157228,220.73040069580077,203.12310020446776,0.03795812428442069,0.034480749807703576,-0.47774227389118734,59.538565225371904,-1.6987265310996804,-1.772732803453856,208.68550186157228,227.33358552776568,190.03741819537888,0.17871949416556276
2024-09-03,210.60000610351562,219.89999389648438,209.63999938964844,215.25999450683594,76714200,TSLA,209.27150192260743,221.28220092773438,202.9890502166748,-0.016393416920415627,0.03318578445010571,-0.48630386253519736,51.72499969117531,-1.6852659850898704,-1.7552394397810591,209.27150192260743,227.3500847738139,191.19291907140095,0.1727763473298173
2024-09-04,219.41000366210938,222.22000122070312,210.57000732421875,210.58999633789062,80651800,TSLA,210.21000213623046,222.01880096435548,202.8719002532959,0.04183284569452206,0.03427323018570071,-0.4648144912827603,60.90744108334641,-0.9527228348514427,-1.5947361187951359,210.21000213623046,228.3506092669553,192.0693950055056,0.17259509011344276
2024-09-05,230.1699981689453,235.0,222.25,223.49000549316406,119355000,TSLA,212.13050231933593,222.87520080566406,202.85480026245116,0.04904058305110959,0.03355239421420336,-0.43856868189476217,59.938003715084996,0.4904113641410959,-1.1777066222078896,212.13050231933593,230.17938313971294,194.08162149895892,0.17016770924538402
2024-09-06,210.72999572753906,233.60000610351562,210.50999450683594,232.60000610351562,112177000,TSLA,212.72500228881836,223.1624008178711,202.73695022583007,-0.0844593239607937,0.03891844871384136,-0.4859867914723479,47.2530836020198,0.06471390233767238,-0.9292225172987773,212.72500228881836,229.68082870441566,195.76917587322106,0.15941545406661928
2024-09-09,216.27000427246094,219.8699951171875,213.6699981689453,216.1999969482422,67443500,TSLA,213.53850250244142,223.5394009399414,202.6403002166748,0.026289605928169646,0.03924674431764213,-0.47247358677828183,46.67697231044787,0.17239077314260953,-0.7088998592104999,213.53850250244142,229.45295101005914,197.6240539948237,0.1490546044026488
2024-09-10,226.1699981689453,226.39999389648438,218.63999938964844,220.07000732421875,78891100,TSLA,214.97250213623047,224.10520080566405,202.56515022277833,0.04577608406578748,0.040059560806863674,-0.44832549333972116,52.40671792333288,1.0445315294968793,-0.35821358146902404,214.97250213623047,229.9384583541529,200.00654591830803,0.13923600524906526
2024-09-11,228.1300048828125,228.47000122070312,216.8000030517578,224.5500030517578,83548600,TSLA,215.98750228881835,224.4706008911133,202.53475021362306,0.008666077418469476,0.03865545516452618,-0.4435446393552072,52.3116438977551,1.8722830106014499,0.08788573694507074,215.98750228881835,231.65109956286332,200.32390501477337,0.14504170017300003
2024-09-12,229.80999755859375,231.4499969482422,223.8300018310547,224.66000366210938,71894900,TSLA,217.40900192260742,224.44160095214843,202.5065502166748,0.007364189890953776,0.03769282992756528,-0.43944679641357975,60.16561917407169,2.633486202006708,0.5970058299573981,217.40900192260742,232.645201882369,202.17280196284582,0.1401616292335984
2024-09-13,230.2899932861328,232.6699981689453,226.32000732421875,228.0,59515100,TSLA,218.21650161743165,224.11960083007813,202.4776001739502,0.0020886633855721204,0.035311792712247714,-0.43827598946158364,55.864008120311276,3.2381494874753685,1.1252345614609922,218.21650161743165,234.4052953020157,202.0277079328476,0.1483736891077614
2024-09-16,226.77999877929688,229.9600067138672,223.52999877929688,229.3000030517578,54323000,TSLA,218.7495018005371,223.62480072021484,202.37790016174316,-0.015241628421408637,0.035552922351629365,-0.44683757810559366,58.334353272599316,3.394986978536849,1.5791850448761635,218.7495018005371,235.3445061522058,202.1544974488684,0.15172609962605144
2024-09-17,227.8699951171875,234.57000732421875,226.5500030517578,229.4499969482422,66761600,TSLA,219.00700149536132,223.12340057373046,202.29655014038087,0.004806404196833203,0.03496536899747233,-0.44417885591947,61.885345242318365,3.566127319245396,1.97657349975001,219.00700149536132,236.0160685240677,201.99793446665495,0.15532897955380326
2024-09-18,227.1999969482422,235.67999267578125,226.8800048828125,230.08999633789062,78010200,TSLA,219.31200103759767,222.42080078125,202.2321501159668,-0.0029402649901351108,0.0349200193406033,-0.44581311737018675,64.16589862122659,3.606124856816308,2.3024837711632697,219.31200103759767,236.69377447642697,201.93022759876837,0.1585118311500834
2024-09-19,243.9199981689453,244.24000549316406,232.1300048828125,234.0,102694600,TSLA,220.34450073242186,222.0340005493164,202.25760009765625,0.07359155565707187,0.03841335312462699,-0.40502964255271573,70.47878571225769,4.93015579010526,2.828018174951668,220.34450073242186,240.88286200686196,199.80613945798177,0.18642045711302876
2024-09-20,238.25,243.99000549316406,235.9199981689453,241.52000427246094,99879100,TSLA,221.7240005493164,221.97840057373048,202.27095008850097,-0.02324531900421767,0.03626647930546577,-0.4188599183096312,63.44996998061109,5.459010305101202,3.354216600981575,221.7240005493164,243.2080086721645,200.2399924264683,0.19379055104203374
2024-09-23,250.0,250.0,241.9199981689453,242.61000061035156,86927200,TSLA,223.20800018310547,222.01380065917968,202.32735008239746,0.04931794333683115,0.03647039715672428,-0.39019928469006426,70.1061450043107,6.748466004256386,4.033066481636537,223.20800018310547,248.11176537530753,198.3042349909034,0.22314401967467665
2024-09-24,254.27000427246094,257.19000244140625,249.0500030517578,254.0800018310547,88491000,TSLA,225.26100006103516,222.04640075683594,202.40185012817383,0.017080017089843746,0.035327031161415494,-0.3797838780511716,68.65368439221952,8.022444844369119,4.830942154183053,225.26100006103516,253.27051076990995,197.25148935216038,0.24868495390933648
2024-09-25,257.0199890136719,257.04998779296875,252.27999877929688,252.5399932861328,65034300,TSLA,227.6514991760254,222.0556005859375,202.47375007629395,0.010815214909361437,0.03469781112240023,-0.3730761074020442,65.71461895258915,9.148524543535558,5.694458632053554,227.6514991760254,257.95953024546037,197.34346810659042,0.26626691393760693
2024-09-26,254.22000122070312,261.75,251.52999877929688,260.6000061035156,67142200,TSLA,230.07499923706055,222.17000061035156,202.52565010070802,-0.01089404681602335,0.03448502821806538,-0.37990584563809,81.61072033102208,9.703163178559805,6.496199541354805,230.07499923706055,260.7583811049007,199.3916173692204,0.2667250415698158
2024-09-27,260.4599914550781,260.70001220703125,254.1199951171875,257.3800048828125,70988100,TSLA,232.78399887084962,222.39460052490233,202.62925003051757,0.024545630573566513,0.03454566771529764,-0.36468524360429444,81.79595805355754,10.524908758274677,7.301941384738781,232.78399887084962,264.1804594776499,201.3875382640493,0.2697475836749354
2024-09-30,261.6300048828125,264.8599853515625,255.77000427246094,259.0400085449219,80705700,TSLA,235.15999908447264,222.84320068359375,202.75235008239747,0.004492104223754234,0.03404430675043316,-0.3618313435036758,79.18040464946327,11.142118944499941,8.069976896691013,235.15999908447264,267.77488290030004,202.54511526864525,0.2773846227488008
2024-10-01,258.0199890136719,263.9800109863281,248.52999877929688,262.6700134277344,87397600,TSLA,237.53099822998047,222.97340057373046,202.84600006103517,-0.013798172234708361,0.03394068572427024,-0.3706369045408045,73.9464805261485,11.210733990363195,8.69812831542545,237.53099822998047,269.516763864739,205.5452325952219,0.2693186647057285
2024-10-02,249.02000427246094,251.16000366210938,241.5,247.5500030517578,93983900,TSLA,239.01149826049806,223.02620056152344,202.83585006713867,-0.03488095932262847,0.034572735496290065,-0.39258969307268027,63.77457070000304,10.418787064143942,9.042260065169149,239.01149826049806,270.19672730214927,207.82626921884682,0.2609517054084362
2024-10-03,240.66000366210938,249.7899932861328,237.80999755859375,244.47999572753906,80729200,TSLA,239.53599853515624,223.51960052490233,202.7716500854492,-0.03357160254966751,0.03420873470857445,-0.4129814304814158,56.680849357099646,9.01268857395388,9.036345766926097,239.53599853515624,270.4467575536907,208.6252395166218,0.25808863141710814
2024-10-04,250.0800018310547,250.9600067138672,244.5800018310547,246.69000244140625,86573200,TSLA,241.50349884033204,224.11620056152344,202.76165008544922,0.03914235030998814,0.028265346423984667,-0.3900041439948512,63.9487609994583,8.559788601396576,8.941034333820193,241.50349884033204,269.5728693673457,213.43412831331844,0.2324551872896172
2024-10-07,240.8300018310547,249.8300018310547,240.6999969482422,249.0,68113300,TSLA,242.73149871826172,224.53680053710937,202.67970008850097,-0.03698816351676526,0.029728305621140115,-0.41256677046131884,57.06806822983856,7.369513254220379,8.62673011790023,242.73149871826172,268.17923709188597,217.28376034463747,0.20967808881830718
2024-10-08,244.5,246.2100067138672,240.55999755859375,243.55999755859375,56303200,TSLA,243.64799880981445,224.78480041503906,202.66650009155273,0.015238957526229946,0.02831815186009722,-0.4036149004268828,59.13604096860135,6.645741673707931,8.230532429061771,243.64799880981445,267.87536455736364,219.4206330622653,0.19887186322806985
2024-10-09,241.0500030517578,247.42999267578125,239.50999450683594,243.82000732421875,66289500,TSLA,244.29399871826172,225.15340057373047,202.59925010681152,-0.014110416966225725,0.028589143074240347,-0.41203014285430356,48.23731970031961,5.727735787991293,7.729973100847676,244.29399871826172,267.4442178663314,221.14377957019204,0.18952753051267768
2024-10-10,238.77000427246094,242.7899932861328,232.33999633789062,241.80999755859375,83087100,TSLA,244.74199905395508,225.2874005126953,202.53040016174316,-0.009458613360014412,0.028705578801452546,-0.4175915224003876,50.333250735314685,4.761346820628461,7.136247844803834,244.74199905395508,267.0432579770964,222.4407401308138,0.18224300699795162
2024-10-11,217.8000030517578,223.33999633789062,214.3800048828125,220.1300048828125,142628900,TSLA,244.11749954223632,225.30620056152344,202.33635025024415,-0.08782510719719305,0.03507463304739594,-0.4687416093781276,31.545159224739947,2.2771234944547416,6.164422974734016,244.11749954223632,268.70506548611684,219.52993359835577,0.20144042102664977
2024-10-14,219.16000366210938,221.91000366210938,213.74000549316406,220.1300048828125,86291900,TSLA,243.73649978637695,225.53600067138672,202.12495025634766,0.00624426350457119,0.03498296132562338,-0.4654242919980702,29.1829642157481,0.41333462953807043,5.014205305694827,243.73649978637695,269.65535838325894,217.81764118949496,0.21267933706768247
2024-10-15,219.57000732421875,224.25999450683594,217.1199951171875,220.00999450683594,62988800,TSLA,243.3215003967285,225.94980072021485,201.95690032958984,0.0018707960177875016,0.034962931168659776,-0.4644242098923343,27.161857452111335,-1.0189023329438953,3.807583777967083,243.3215003967285,270.54307947124215,216.09992132221487,0.22374988671473472
2024-10-16,221.3300018310547,222.82000732421875,218.92999267578125,221.39999389648438,49632800,TSLA,243.02800064086915,226.36360076904296,201.82115036010742,0.008015641700267029,0.03502114222770646,-0.46013122625549385,29.684990346153043,-1.9890154644520806,2.6482639294832504,243.02800064086915,271.09490768856193,214.96109359317637,0.230976734974405
2024-10-17,220.88999938964844,222.0800018310547,217.89999389648438,221.58999633789062,50791800,TSLA,241.8765007019043,226.94620086669923,201.68350036621095,-0.001987992760882462,0.030346056073803838,-0.4612044814695244,23.67266317714548,-2.7615086771766073,1.566309408151279,241.8765007019043,271.62843981936584,212.12456158444274,0.2460093397343193
2024-10-18,220.6999969482422,222.27999877929688,219.22999572753906,220.7100067138672,49611900,TSLA,240.9990005493164,227.38340087890626,201.59475036621095,-0.0008601676940163117,0.030029441918550327,-0.4616679359682451,22.407975633665615,-3.350425107803119,0.5829625049603995,240.9990005493164,272.20118539004267,209.79681570859017,0.25894036713518437
2024-10-21,218.85000610351562,220.47999572753906,215.72999572753906,218.89999389648438,47329000,TSLA,239.44150085449218,227.76040100097657,201.4993504333496,-0.008382378207102636,0.027352468715603883,-0.46618043892996947,22.95263262149507,-3.9212230042231226,-0.3178745968763049,239.44150085449218,271.8388089536046,207.04419275537978,0.2706072922488082
2024-10-22,217.97000122070312,218.22000122070312,215.25999450683594,217.30999755859375,43268700,TSLA,237.6265007019043,228.17000091552734,201.4017504119873,-0.004021041161846095,0.02680607694799655,-0.46832694935803065,25.85160499740229,-4.39394285099624,-1.133088247700292,237.6265007019043,270.5883214843795,204.6646799194291,0.2774254612605256
2024-10-23,213.64999389648438,218.72000122070312,212.11000061035156,217.1300048828125,80938900,TSLA,235.45800094604493,228.28640075683595,201.2677503967285,-0.019819274670942355,0.026589600001828872,-0.4788643235838417,27.58505413641079,-5.0588499493915435,-1.9182405880385422,235.45800094604493,268.75255686273147,202.1634450293584,0.28280674925390165
2024-10-24,260.4800109863281,262.1199951171875,242.64999389648438,244.67999267578125,204491900,TSLA,235.77100143432617,229.46840087890624,201.39535041809083,0.21919035070290427,0.05748478997718448,-0.36463641190638874,55.32459919124996,-1.7864099885525775,-1.8918744681413493,235.77100143432617,269.9150749774478,201.62692789120453,0.28963760034443786
2024-10-25,269.19000244140625,269.489990234375,255.32000732421875,256.010009765625,161611900,TSLA,236.20750198364257,230.5694009399414,201.5716004180908,0.03343823359841336,0.05769704501717851,-0.3433909758277885,64.60049298829495,1.4926395553993643,-1.2149716634332066,236.20750198364257,271.869975542321,200.54502842496413,0.30195885616831997
2024-10-28,262.510009765625,273.5400085449219,262.239990234375,270.0,107653600,TSLA,236.2515022277832,231.49720123291016,201.74805046081542,-0.024815158866218545,0.058030933122820365,-0.3596848330756146,58.993313136608286,3.51180841991021,-0.2696156467645233,236.2515022277832,272.0479637937848,200.4550406617816,0.3030369011705859
2024-10-29,259.5199890136719,264.9800109863281,255.50999450683594,264.510009765625,80521800,TSLA,236.3265022277832,232.23320098876954,201.95120040893553,-0.01139012091242797,0.05799972536659149,-0.3669781002489449,59.265566693075215,4.815237545283821,0.7473549916451456,236.3265022277832,272.32074035857664,200.33226409698977,0.30461448708871763
2024-10-30,257.54998779296875,263.3500061035156,255.82000732421875,258.0400085449219,53993600,TSLA,236.75300140380858,232.96220062255858,202.13940032958985,-0.007590942139718337,0.05741057243027248,-0.37178333286312976,59.45047183828269,5.624417104021518,1.7227674141204203,236.75300140380858,273.5731987012635,199.93280410635367,0.3110431300058069
2024-10-31,249.85000610351562,259.75,249.25,257.989990234375,66575300,TSLA,237.2125015258789,233.4938006591797,202.31090034484862,-0.029897037679701755,0.05729274235537304,-0.39056515023153743,68.61424017568254,5.58005021778817,2.4942239748539703,237.2125015258789,274.4648330560933,199.9601699956645,0.31408404945428503
2024-11-01,248.97999572753906,254.0,246.6300048828125,252.0399932861328,57544800,TSLA,237.15750122070312,234.26020050048828,202.49640029907226,-0.003482130697311625,0.05667876437588911,-0.39268728202992775,67.41821531750307,5.4122969838489325,3.077838576652963,237.15750122070312,274.3330104936436,199.98199194776265,0.3135090316063354
2024-11-04,242.83999633789062,248.89999389648438,238.8800048828125,244.55999755859375,68802400,TSLA,237.25800094604492,234.71060028076172,202.6496502685547,-0.024660613282231236,0.05630779060013428,-0.4076639861091685,62.739507642257735,4.729387268239691,3.4081483149703087,237.25800094604492,274.48614341978663,200.0298584723032,0.3138199118706037
2024-11-05,251.44000244140625,255.27999877929688,246.2100067138672,247.33999633789062,69282500,TSLA,237.60500106811523,235.4752001953125,202.86285026550294,0.03541429020427711,0.05674056930708382,-0.3866868266147939,65.33563808283016,4.8264882654845565,3.6918163050731585,237.60500106811523,275.24446453159186,199.9655376046386,0.3168238319418737
2024-11-06,288.5299987792969,289.5899963378906,275.6199951171875,284.6700134277344,165228700,TSLA,239.9790008544922,237.0616000366211,203.25980026245117,0.14751032444224466,0.0650997064693164,-0.2962168014240395,75.08529448880745,7.806307976713413,4.51471463940121,239.9790008544922,283.9843440710646,195.9736576379198,0.3667432822028823
2024-11-07,296.9100036621094,299.75,285.5199890136719,288.8900146484375,117309200,TSLA,242.8860008239746,238.88480010986328,203.70520027160646,0.02904379065700735,0.06503602926354876,-0.2757762695366802,76.64498754575315,10.720454202923747,5.755862552105718,242.8860008239746,293.70849487332816,192.06350677462103,0.418488458593263
2024-11-08,321.2200012207031,328.7099914550781,297.6600036621094,299.1400146484375,204782800,TSLA,248.05700073242187,241.1836001586914,204.3981502532959,0.08187665372925301,0.062226380846558293,-0.2164792539350272,80.93309224690998,14.820705846903223,7.56883121106522,248.05700073242187,308.30389899632036,187.81010246852335,0.48575043708511656
2024-11-11,350.0,358.6400146484375,336.0,346.29998779296875,210521600,TSLA,254.5990005493164,243.90140014648438,205.2319002532959,0.08959591143118995,0.06393381855611381,-0.14627899856608995,84.1392101350478,20.16009714185202,10.08708439722258,254.5990005493164,328.50136144373243,180.69663965490037,0.5805392851893854
2024-11-12,328.489990234375,345.8399963378906,323.30999755859375,342.739990234375,155726000,TSLA,260.04499969482424,246.25919982910156,205.91970024108886,-0.06145717075892854,0.06667272661309795,-0.19874627593169725,77.27013227229108,22.397738008250997,12.549215119428261,260.04499969482424,338.9614443139896,181.12855507565888,0.6069445266148378
2024-11-13,330.239990234375,344.6000061035156,322.5,335.8500061035156,125405600,TSLA,265.49049911499026,248.47579956054688,206.61295021057128,0.005327407385385952,0.06670571139740333,-0.1944776709245277,71.07806823079387,24.03523170120451,14.846418435783512,265.49049911499026,348.10245340143524,182.87854482854527,0.6223345435097004
2024-11-14,311.17999267578125,329.9800109863281,310.3699951171875,327.69000244140625,120726100,TSLA,270.0049987792969,250.0959994506836,207.23240020751953,-0.05771559508909463,0.06889510048979508,-0.2409688715046721,61.94050678301402,23.52380693515545,16.5818961356579,270.0049987792969,352.22191637387886,187.78808118471494,0.6090029293256631
2024-11-15,320.7200012207031,324.67999267578125,309.2200012207031,310.57000732421875,114440300,TSLA,275.0059989929199,252.29579956054687,207.8917002105713,0.030657525449785616,0.06876846784688521,-0.21769885536564706,66.28797938283422,23.61606676664752,17.988730261855824,275.0059989929199,356.7617720238084,193.25022596203138,0.5945744698681525
2024-11-18,338.739990234375,348.54998779296875,330.010009765625,340.7300109863281,126085600,TSLA,281.00049819946287,254.74519927978517,208.64585014343263,0.056186046847983784,0.0688349744510761,-0.17374444660398988,70.44703714678606,24.856713145498077,19.362326838584277,281.00049819946287,363.00033927870226,199.00065712022348,0.5836277273859732
2024-11-19,346.0,347.3800048828125,332.75,335.760009765625,88852500,TSLA,287.40199813842776,257.14179931640626,209.47055015563964,0.021432396454288627,0.06852091805378513,-0.1560358100110489,72.22250335829821,26.124608231080458,20.714783117083513,287.40199813842776,368.67008452235996,206.13391175449556,0.5655359872953233
2024-11-20,342.0299987792969,346.6000061035156,334.29998779296875,345.0,66340700,TSLA,293.82099838256835,259.41979919433595,210.25520011901855,-0.011473991967350106,0.06825568386607433,-0.16571944834771324,73.6020019578255,26.503561739431234,21.87253884155306,293.82099838256835,370.72445514976505,216.91754161537168,0.5234714822326271
2024-11-21,339.6400146484375,347.989990234375,335.2799987792969,343.80999755859375,58011700,TSLA,297.7789985656738,261.6163995361328,211.01550018310547,-0.006987644766217049,0.05112534949487251,-0.17154910447802302,73.03354103532588,26.307773739928905,22.759585821228228,297.7789985656738,375.60014086959086,219.95785626175677,0.5226771711823992
2024-11-22,352.55999755859375,361.5299987792969,337.70001220703125,341.0899963378906,89140700,TSLA,301.9474983215332,264.06179962158205,211.83050018310547,0.038040225983177356,0.05122508980628493,-0.14003464519640133,76.9476393696871,26.885228801642597,23.584714417311105,301.9474983215332,382.2137890071568,221.68120763590963,0.5316572657949352
2024-11-25,338.5899963378906,361.92999267578125,338.20001220703125,360.1400146484375,95890900,TSLA,305.75149765014646,266.2979995727539,212.55560012817384,-0.039624464821427674,0.051929765866880286,-0.17411031214546308,70.85427172374892,25.916850432938986,24.05114162043668,305.75149765014646,385.3566636904924,226.14633160980054,0.520718077603227
2024-11-26,338.2300109863281,346.9599914550781,335.6600036621094,341.0,62295900,TSLA,309.6869987487793,268.50519989013674,213.3061001586914,-0.001063189566898104,0.05171449408319687,-0.17498838944499873,64.42922444015066,24.834083928753785,24.207730082100106,309.6869987487793,387.42935968168416,231.9446378158744,0.5020705502459285
2024-11-27,332.8900146484375,342.54998779296875,326.5899963378906,341.79998779296875,57896400,TSLA,313.45400009155276,270.61900024414064,214.05045021057128,-0.015788061864523528,0.051931287668337316,-0.18801372379139128,60.633650264291525,23.276770476255535,24.021538160931193,313.45400009155276,387.7857044548276,239.12229572827792,0.4742750409410265
2024-11-29,345.1600036621094,345.45001220703125,334.6499938964844,336.0799865722656,37167600,TSLA,318.2194999694824,272.64380035400393,214.8327001953125,0.03685898787510977,0.05108995600983901,-0.15808473148186264,57.61741425109561,22.77019329973342,23.77126918869164,318.2194999694824,387.4260004685633,249.01299947040152,0.43496077710962316
2024-12-02,357.0899963378906,360.0,351.1499938964844,352.3800048828125,77986500,TSLA,323.625,275.0206002807617,215.61590019226074,0.034563659025395044,0.05097636697366745,-0.12898505921252784,52.526908186845354,23.065493294546513,23.630114009862616,323.625,386.675074598181,260.574925401819,0.3896489739555413
2024-12-03,351.4200134277344,355.69000244140625,348.20001220703125,351.79998779296875,58267200,TSLA,329.0540008544922,277.0490005493164,216.3732502746582,-0.01587830229999254,0.050613502334585087,-0.1428152977501614,59.21255034667942,22.58169273588851,23.420429755067797,329.0540008544922,380.4341045332127,277.6738971757717,0.31228979769457843
2024-12-04,357.92999267578125,358.1000061035156,348.6000061035156,353.0,50810900,TSLA,334.3785003662109,279.1222003173828,217.19410026550293,0.018524782309774723,0.05048044922515732,-0.1269361377417141,60.71512417482493,22.464620070278272,23.229267818109896,334.3785003662109,372.16594121955075,296.5910595128711,0.22601597179217606
2024-12-05,369.489990234375,375.42999267578125,359.5,359.8699951171875,81403600,TSLA,338.42649993896487,281.37160034179686,218.0677001953125,0.03229681165351517,0.040659796700028415,-0.09873895862086779,73.95450066320812,23.039054452946914,23.1912251450773,338.42649993896487,372.7177797015447,304.135220176385,0.20265126855470403
2024-12-06,389.2200012207031,389.489990234375,370.79998779296875,377.4200134277344,81455800,TSLA,343.04199981689453,284.07160034179685,219.02675018310546,0.053397958017247005,0.041514324444232,-0.050613459370724666,75.9666606202176,24.800460564169896,23.513072228895822,343.04199981689453,378.629667399114,307.45433223467506,0.2074828598318287
2024-12-09,389.7900085449219,404.79998779296875,378.010009765625,397.6099853515625,96359200,TSLA,346.47050018310546,286.65820068359375,220.01585021972656,0.0014644862094215227,0.03841768899477078,-0.04922309587456268,72.30233888267456,25.943323935701983,23.999122570257054,346.47050018310546,386.1796382029048,306.7613621633061,0.22922088892886153
2024-12-10,400.989990234375,409.7300109863281,390.8500061035156,392.67999267578125,97563600,TSLA,349.0199996948242,289.445400390625,221.023800201416,0.02873337295448497,0.03396867209805107,-0.02190406849181589,73.22410682064236,27.436525128674134,24.686603081940472,349.0199996948242,395.6310279179851,302.40897147166334,0.2670966034262597
2024-12-11,424.7699890136719,424.8800048828125,402.3800048828125,409.70001220703125,104287600,TSLA,353.83399963378906,292.780400390625,222.14900016784668,0.05930322291934931,0.031749943606870334,0.0,79.93489725372493,30.19072510979362,25.787427487511103,353.83399963378906,410.35205535556935,297.3159439120088,0.31946085328303847
2024-12-12,418.1000061035156,429.29998779296875,415.0,424.8399963378906,87752200,TSLA,358.2270004272461,296.1620004272461,223.2293002319336,-0.015702575706076027,0.03237391510774828,-0.015702575706075993,77.53370740670852,31.472441841657826,26.92443035834045,358.2270004272461,420.39883978916424,296.0551610653279,0.3471086170934506
2024-12-13,436.2300109863281,436.29998779296875,415.7099914550781,420.0,89000200,TSLA,364.47950134277346,300.07340057373045,224.40105026245118,0.04336284290396253,0.02851852828565981,0.0,78.3262454842987,33.56424375224117,28.252393037120598,364.47950134277346,431.67838449412886,297.28061819141806,0.3687388887648771
2024-12-16,463.0199890136719,463.19000244140625,436.1499938964844,441.0899963378906,114083800,TSLA,371.59450073242186,304.3322003173828,225.7029502105713,0.06141250567967771,0.030057780033127784,0.0,88.76084970914071,36.95771365300209,29.993457160296895,371.59450073242186,448.689652526117,294.4993489387267,0.4149423720842947
2024-12-17,479.8599853515625,483.989990234375,457.510009765625,475.8999938964844,131223000,TSLA,378.65050048828124,309.112799987793,227.16155014038085,0.036369912179738284,0.029076438205215004,0.0,90.01075073216194,40.53860614746981,32.10248695773148,378.65050048828124,467.95029148420406,289.3507094923584,0.4716739625631977
2024-12-18,440.1300048828125,488.5400085449219,427.010009765625,466.5,149340800,TSLA,383.35700073242185,313.02540008544923,228.4585001373291,-0.0827949436951747,0.036749599078745095,-0.08279494369517476,75.36665003488056,39.7128271111842,33.62455498842202,383.35700073242185,475.2943954255941,291.41960603924963,0.4796437499120738
2024-12-19,436.1700134277344,456.3599853515625,420.0199890136719,451.8800048828125,118566100,TSLA,388.0640014648437,316.92780029296875,229.7566502380371,-0.008997322180141931,0.03666775529934161,-0.09104733309200452,72.40854414524134,38.297384649174376,34.55912092057249,388.0640014648437,480.7291912961247,295.39881163356273,0.47757684032269565
2024-12-20,421.05999755859375,447.0799865722656,417.6400146484375,425.510009765625,132216200,TSLA,392.13500061035154,320.5736001586914,230.96870025634766,-0.034642491239586515,0.03795502025458863,-0.12253571789256357,65.50788596763405,35.54662493411644,34.75662172328128,392.13500061035154,482.97884610925803,301.29115511144505,0.46332944193968695
2024-12-23,430.6000061035156,434.510009765625,415.4100036621094,431.0,72698100,TSLA,396.03700103759763,324.82960021972656,232.24500030517578,0.022657123925894362,0.0375423293808783,-0.10265490091230937,68.84161848367734,33.74740789104061,34.55477895683315,396.03700103759763,486.4264902882803,305.64751178691495,0.4564699208097558
2024-12-24,462.2799987792969,462.7799987792969,435.1400146484375,435.8999938964844,59551800,TSLA,402.221501159668,329.69200012207034,233.66755027770995,0.07357174228224572,0.03808135052550683,-0.03663565854399362,72.17476930228491,34.480357966573024,34.539894758781124,402.221501159668,492.9863789702854,311.4566233490506,0.4513178810626879
2024-12-26,454.1300048828125,465.3299865722656,451.0199890136719,465.1600036621094,76366400,TSLA,408.01650085449216,334.38320007324216,235.05050033569336,-0.017629994630971146,0.03865663388149115,-0.05361976671153212,68.25082696760646,34.011526085671505,34.4342210241592,408.01650085449216,496.3456591489657,319.68734256001864,0.4329685594062466
2024-12-27,431.6600036621094,450.0,426.5,449.5199890136719,82666800,TSLA,412.95500030517576,338.5898001098633,236.3614003753662,-0.04947922616674816,0.04077061956512037,-0.1004459283141521,59.04441530244565,31.46413319173905,33.84020345767517,412.95500030517576,494.3726263971578,331.53737421319374,0.39431718241364794
2024-12-30,417.4100036621094,427.0,415.75,419.3999938964844,64941000,TSLA,416.56750030517577,342.5202001953125,237.63595039367675,-0.03301209257078741,0.041680433110343626,-0.13014209060107407,55.56182103592152,27.97299479117379,32.666761724374894,416.56750030517577,491.47041865564694,341.6645819547046,0.35961959728302173
2024-12-31,403.8399963378906,427.92999267578125,402.5400085449219,423.7900085449219,76825100,TSLA,418.9050003051758,346.1830001831055,238.8373003387451,-0.03251001941775111,0.042325272621248106,-0.15842118812631756,50.56847780843158,23.836484123372486,30.900706204174412,418.9050003051758,488.7390318925439,349.0709687178077,0.33341226071063085
2025-01-02,379.2799987792969,392.7300109863281,373.0400085449219,390.1000061035156,109710700,TSLA,420.2979995727539,349.39160003662107,239.8647003173828,-0.06081615932376483,0.044729480348538214,-0.20960277923273213,40.95446429351641,18.364785257903918,28.393522014920315,420.2979995727539,485.41630518836604,355.17969395714175,0.3098673116779378
2025-01-03,410.44000244140625,411.8800048828125,379.45001220703125,381.4800109863281,95423300,TSLA,422.92350006103516,353.24100006103515,241.06030029296875,0.08215567328200035,0.047908908180635985,-0.14466716340037541,48.612016300374215,16.35425469808513,25.98566855155328,422.92350006103516,481.34378667187605,364.50321345019427,0.2762688126926493
2025-01-06,411.04998779296875,426.42999267578125,401.70001220703125,423.20001220703125,85516500,TSLA,425.00149993896486,357.18899993896486,242.23725021362304,0.0014861742226248698,0.04757929066991601,-0.14339598978685647,45.12808067638927,14.641339219741042,23.716802685190835,425.00149993896486,478.13667139693297,371.86632848099674,0.2500469832017014
2025-01-07,394.3599853515625,414.3299865722656,390.0,405.8299865722656,75699500,TSLA,425.2584991455078,359.86659942626954,243.34495010375977,-0.040603340073111505,0.04733630333555035,-0.17817697372153182,36.17509462084621,11.801062348564528,21.333654617865573,425.2584991455078,477.7103044161574,372.80669387485824,0.24668198460956564
2025-01-08,394.94000244140625,402.5,387.3999938964844,392.95001220703125,73038800,TSLA,425.51599884033203,362.38159942626953,244.46550010681153,0.0014707807875757872,0.0473363015930896,-0.17696825220369405,31.703011332507998,9.487558330182253,18.96443536032891,425.51599884033203,477.2807149412057,373.75128273945836,0.243303265879305
2025-01-10,394.739990234375,399.2799987792969,377.2900085449219,391.3999938964844,62287300,TSLA,425.20349884033203,365.02619903564454,245.57605003356935,-0.0005064369418008585,0.046907568902297685,-0.17738506588505304,38.21222465549839,7.550908244220011,16.681729937107132,425.20349884033203,477.66243955508975,372.7445581255743,0.24674745554930888
2025-01-13,403.30999755859375,403.7900085449219,380.07000732421875,383.2099914550781,67580500,TSLA,424.1304992675781,367.901999206543,246.70425003051758,0.021710512074366584,0.045136663109868046,-0.1595256744253962,41.66581912835909,6.631186872315936,14.671621324148894,424.1304992675781,477.49681644923896,370.76418208591724,0.2516504579313113
2025-01-14,396.3599853515625,422.6400146484375,394.5400085449219,414.3399963378906,84565000,TSLA,423.04349822998046,370.67819915771486,247.78689994812012,-0.017232432245921525,0.04516306476794983,-0.17400909129529718,43.46491512794998,5.280621440521713,12.79342134742346,423.04349822998046,477.7946698406656,368.2923266192953,0.2588441701137816
2025-01-15,428.2200012207031,429.79998779296875,405.6600036621094,409.8999938964844,81375500,TSLA,422.6429977416992,374.24559906005857,249.04904998779296,0.08038151439752794,0.04778936388862555,-0.10761469117502283,49.436818662368495,6.703847836050045,11.575506645148776,422.6429977416992,477.10444778182085,368.1815477015776,0.2577184542563086
2025-01-16,413.82000732421875,424.0,409.1300048828125,423.489990234375,68335200,TSLA,420.18299865722656,377.5423992919922,250.24205001831055,-0.03362756026209679,0.04607131772089719,-0.13762343192454465,37.51160216614664,6.593796663185401,10.579164648756102,420.18299865722656,471.30771127886237,369.05828603559075,0.2433449843759238
2025-01-17,426.5,439.739990234375,419.75,421.5,94991400,TSLA,417.51499938964844,381.21559936523437,251.54139999389648,0.030641323404759335,0.04582030606872613,-0.11119907260545818,43.042055379515304,7.443940639628011,9.952119846930485,417.51499938964844,460.43829574188885,374.591703037408,0.20561319432829278
2025-01-21,424.07000732421875,433.20001220703125,406.30999755859375,432.6400146484375,87320900,TSLA,416.7119995117188,384.66819946289064,252.8198500061035,-0.00569752092797482,0.04200539047157405,-0.116263034490092,47.87407018511417,7.831331055700218,9.527962088684433,416.7119995117188,458.4381190249724,374.9858799984651,0.20026358522022944
2025-01-22,415.1099853515625,428.0,414.5899963378906,416.80999755859375,60963300,TSLA,415.6589981079102,387.1997991943359,254.03984992980958,-0.021128638710367298,0.042213508444556215,-0.13493519354934722,49.33609932920196,7.330836539924292,9.088536978932405,415.6589981079102,456.3681174546741,374.94987876114624,0.19587748386091888
2025-01-23,412.3800048828125,420.7300109863281,408.95001220703125,416.05999755859375,50690600,TSLA,415.2249984741211,389.50919921875,255.27724998474122,-0.006576523247056931,0.041519479625037874,-0.1406243123591807,52.6296362492668,6.637392690570891,8.598308121260104,415.2249984741211,455.87670984693824,374.57328710130395,0.1958057030390995
2025-01-24,406.5799865722656,418.8800048828125,405.7799987792969,414.45001220703125,56427100,TSLA,414.0239974975586,391.2163989257813,256.4452499389648,-0.014064741844588391,0.041264932616203974,-0.15271120955336448,59.50423935359366,5.555776901312186,7.989801877270521,414.0239974975586,454.17939323533983,373.86860175977733,0.19397617519993168
2025-01-27,397.1499938964844,406.69000244140625,389.0,394.79998779296875,58125500,TSLA,410.76749725341796,392.1593988037109,257.5465998840332,-0.023193450212053546,0.037422764297097885,-0.17236275992981961,44.548361793278225,3.8927932985394023,7.170400161524298,410.76749725341796,444.49444897361633,377.0405455332196,0.1642143156199671
2025-01-28,398.0899963378906,400.5899963378906,386.5,396.9100036621094,48910700,TSLA,407.9654968261719,393.55139892578126,258.6782498931885,0.0023668700890153715,0.03738844113221527,-0.17040385010174222,44.69809161610994,2.6205095503989355,6.260422039299226,407.9654968261719,435.2130843669624,380.7179092853814,0.13357790182143908
2025-01-29,389.1000061035156,398.5899963378906,384.4800109863281,395.2099914550781,68033600,TSLA,405.8374969482422,394.72859924316407,259.75074989318847,-0.02258280870425211,0.036203841189575856,-0.18913846125667863,47.70346797534398,0.8766924691945519,5.183676125278292,405.8374969482422,431.9161504235955,379.7588434728888,0.1285177129834272
2025-01-30,400.2799987792969,412.5,384.4100036621094,410.7799987792969,98092900,TSLA,404.9809967041016,396.5105993652344,260.8968998718262,0.028732954254456988,0.03628308174949771,-0.16584001375726817,52.133949506004114,0.3923144854734346,4.225403797317321,404.9809967041016,430.5801242161949,379.38186919200825,0.12642137641237164
2025-01-31,404.6000061035156,419.989990234375,401.3399963378906,401.5299987792969,83283600,TSLA,405.0189971923828,398.1881994628906,262.1124999237061,0.010792463618949588,0.0356198848144449,-0.15683737245336,53.81461400724498,0.35296121371544587,3.450915280596946,405.0189971923828,430.6132490380685,379.42474534669714,0.12638543882191522
2025-02-03,383.67999267578125,389.1700134277344,374.3599853515625,386.67999267578125,93732100,TSLA,405.238996887207,399.0869995117188,263.2453498840332,-0.05170542044525339,0.03484171205814115,-0.2004334506143836,43.0680128682897,-1.35072645171158,2.490586934135241,405.238996887207,429.9625261998745,380.5154675745395,0.12201949714898226
2025-02-04,392.2099914550781,394.0,381.3999938964844,382.6300048828125,57072200,TSLA,404.32749633789064,400.0111993408203,264.4291498565674,0.022232065633156273,0.02970633750239489,-0.18265743461036635,48.550676291380285,-1.9896758430656973,1.5945343786950534,404.32749633789064,429.5821536121883,379.072839063593,0.12492178990069323
2025-02-05,378.1700134277344,388.3900146484375,375.5299987792969,387.510009765625,57223300,TSLA,402.6834976196289,400.73399963378904,265.5703499603271,-0.035797094243459227,0.03064074322652072,-0.21191592345280974,30.035900462279926,-3.587601096671733,0.5581072836216963,402.6834976196289,430.26879701057726,375.09819822868053,0.13700734971267772
2025-02-06,374.32000732421875,375.3999938964844,363.17999267578125,373.0299987792969,77918200,TSLA,401.6814987182617,401.4275994873047,266.70669998168944,-0.010180622383618276,0.029445124218626058,-0.21993910984267923,32.79616541805099,-5.105775487707092,-0.5746692706440615,401.6814987182617,431.87258564318245,371.49041179334097,0.15032351264003166
2025-02-07,361.6199951171875,380.54998779296875,360.3399963378906,370.19000244140625,70298300,TSLA,400.01549835205077,401.6087994384766,267.8045499420166,-0.0339282217314959,0.030265463332259226,-0.24640518868800484,21.747082065754455,-7.250149269418728,-1.909765270398995,400.01549835205077,435.06012665259976,364.9708700515018,0.1752163525909512
2025-02-10,350.7300109863281,362.70001220703125,350.510009765625,356.2099914550781,77514900,TSLA,397.81499938964845,401.85159973144533,268.8348000335693,-0.030114441341470455,0.030806508425329743,-0.26909927542849643,20.254705927930686,-9.716308097216597,-3.4710738357625157,397.81499938964845,439.20653866175667,356.42346011754023,0.20809441240583484
2025-02-11,328.5,349.3699951171875,325.1000061035156,345.79998779296875,118543400,TSLA,394.0744995117187,401.65699951171877,269.66665000915526,-0.06338211812502892,0.03267738439483832,-0.31542531149095665,18.286344527955265,-13.311090868933775,-5.439077242396768,394.0744995117187,445.64464608697386,342.5043529364636,0.26172790494768655
2025-02-12,336.510009765625,346.3999938964844,329.1199951171875,329.94000244140625,105382700,TSLA,391.0820007324219,401.7293994140625,270.4983000946045,0.0243835913717656,0.033487660398886177,-0.2987329220228984,23.253195383482606,-15.336847636195955,-7.418631321156606,391.0820007324219,448.68659875767145,333.4774027071723,0.29459089355872764
2025-02-13,355.94000244140625,358.69000244140625,342.8500061035156,345.0,89441500,TSLA,387.468000793457,401.94499938964844,271.43655014038086,0.05773971683431944,0.03061555206763233,-0.25824195951526996,33.71285638932628,-15.19922919041369,-8.974750895008022,387.468000793457,444.3268013293028,330.60920025761123,0.2934890128702774
2025-02-14,355.8399963378906,362.0,347.5,360.6199951171875,68277300,TSLA,384.5690002441406,401.9199993896484,272.2455001068115,-0.0002809633725618932,0.030093241984681697,-0.2584503663559495,35.86532670284865,-14.926175576586502,-10.165035831323719,384.5690002441406,441.68237507411226,327.455625414169,0.2970253701869555
2025-02-18,354.1099853515625,359.1000061035156,350.0199890136719,355.010009765625,51631700,TSLA,380.9494995117187,401.973798828125,273.09965003967284,-0.004861766535893763,0.028768541066398902,-0.2620556075495044,35.032668470330435,-14.680152390000671,-11.06805914305911,380.9494995117187,436.0125842187161,325.88641480472137,0.2890833812753363
2025-02-19,360.55999755859375,367.3399963378906,353.6700134277344,354.0,67094400,TSLA,377.7739990234375,402.0263989257812,274.0025,0.018214714280444966,0.02939701996623021,-0.24861416128616212,40.11635907077612,-13.805573108895317,-11.615561936226351,377.7739990234375,429.59638433438903,325.951613712486,0.2743565488620957
2025-02-20,354.3999938964844,362.29998779296875,348.0,361.510009765625,45965400,TSLA,374.7384994506836,401.72459899902344,274.8744499969482,-0.01708454543992588,0.02931333928006578,-0.2614512467905855,33.53903931852274,-13.454429256472224,-11.983335400275525,374.7384994506836,424.4206285668781,325.0563703344891,0.26515625797200904
2025-02-21,337.79998779296875,354.9800109863281,334.4200134277344,353.44000244140625,74058600,TSLA,371.0094985961914,400.6961987304687,275.65749992370604,-0.046839747148427646,0.030603344489904528,-0.296044683647701,27.974149823875962,-14.35020673355541,-12.456709666931502,371.0094985961914,419.9862987840475,322.0326984083353,0.26401911742514544
2025-02-24,330.5299987792969,342.3999938964844,324.70001220703125,338.1400146484375,76052300,TSLA,367.20699920654295,399.51099853515626,276.38634994506833,-0.021521578674915554,0.030707416684525035,-0.311194913372202,30.741363177260027,-15.468433718303231,-13.059054477205848,367.20699920654295,416.36432623431966,318.04967217876623,0.26773632928563645
2025-02-25,302.79998779296875,328.8900146484375,297.25,327.0199890136719,134228800,TSLA,362.4894989013672,397.5471984863281,277.01129989624025,-0.0838955952220366,0.034820113057223906,-0.3689826261068076,21.559900466005004,-18.380339682832073,-14.123311518331095,362.4894989013672,417.32837736525255,307.65062043748185,0.3025680944142711
2025-02-26,290.79998779296875,309.0,288.0400085449219,303.7099914550781,100118300,TSLA,357.12499847412107,394.86779846191405,277.5916998291016,-0.039630120487999076,0.03511695277066273,-0.39398992066421556,21.84337908444151,-21.409549886575974,-15.580559191980072,357.12499847412107,417.96321464341725,296.2867823048249,0.34071104755611104
2025-02-27,281.95001220703125,297.2300109863281,280.8800048828125,291.1600036621094,101748200,TSLA,351.7674987792969,392.14479858398437,278.1415998840332,-0.030433204805490277,0.035249963402071614,-0.41243274952283293,21.161417097768293,-24.244860208198475,-17.313419395223754,351.7674987792969,419.2577584810549,284.27723907753887,0.3837208379737334
2025-02-28,292.9800109863281,293.8800048828125,273.6000061035156,279.5,115697000,TSLA,346.4024993896484,389.27979858398436,278.7641499328613,0.03912040539724382,0.03600259008010663,-0.38944688048602233,28.344277078331075,-25.310076538093313,-18.912750823797666,346.4024993896484,414.70952096004874,278.0954778192481,0.394379496053033
2025-03-03,284.6499938964844,303.94000244140625,277.29998779296875,300.3399963378906,115551400,TSLA,340.4049987792969,385.71239868164065,279.3279499053955,-0.02843203214376444,0.03559780774236845,-0.4068061464055194,28.809646464369692,-26.52071660386065,-20.434343979810265,340.4049987792969,408.25903027832874,272.550967280265,0.39866648105849545
2025-03-04,272.0400085449219,284.3500061035156,261.8399963378906,270.92999267578125,126706600,TSLA,334.82299957275393,381.5559991455078,279.80039993286135,-0.04429996705409467,0.0352526864675067,-0.4330846145764463,30.704038144673333,-28.172918146636505,-21.982058813175517,334.82299957275393,405.97543496526896,263.6705641802389,0.42501521988219493
2025-03-05,279.1000061035156,279.54998779296875,267.7099914550781,272.9200134277344,94042900,TSLA,329.1675003051758,378.33539916992186,280.32594993591306,0.025952056083059283,0.03547662184246051,-0.4183719946995851,30.25111756059266,-28.583128460129956,-23.302272742566405,329.1675003051758,399.0843979998381,259.2506026105135,0.4248104544333286
2025-03-06,263.45001220703125,272.6499938964844,260.0199890136719,272.05999755859375,98451600,TSLA,323.43150024414064,374.8809991455078,280.76900001525877,-0.056073068986891905,0.03634332260331827,-0.45098566196550355,17.334186109577004,-29.82721721076166,-24.607261636205457,323.43150024414064,395.21960626092664,251.64339422735463,0.4439153636092781
2025-03-07,262.6700134277344,266.25,250.72999572753906,259.32000732421875,102369600,TSLA,317.84900054931643,371.7131994628906,281.19505004882814,-0.0029607088371812473,0.036453215539861486,-0.45261113356786153,17.25132410890818,-30.524241436975274,-25.79065759635942,317.84900054931643,390.3361099027283,245.36189119590455,0.45611034943094003
2025-03-10,222.14999389648438,253.3699951171875,220.0,252.5399932861328,189076900,TSLA,310.87550048828126,367.54419921875,281.43105003356936,-0.1542620682219512,0.04762701863276675,-0.5370524722253526,13.555019546319073,-33.95485466585234,-27.423497010258004,310.87550048828126,391.9578052659993,229.79319571056323,0.5216384350028542
2025-03-11,230.5800018310547,237.05999755859375,217.02000427246094,225.30999755859375,174896400,TSLA,304.8680000305176,362.91019927978516,281.65095001220703,0.037947369642955975,0.04948235240595514,-0.5194848312635955,14.490221644285796,-35.58322787699143,-29.05544318360469,304.8680000305176,391.1543038359184,218.5816962251167,0.5660568101392309
2025-03-12,248.08999633789062,251.83999633789062,241.10000610351562,247.22000122070312,142215700,TSLA,300.8474998474121,358.7893991088867,281.9908499908447,0.0759389121683911,0.05268693192146864,-0.4829950320693419,22.65267267859464,-35.056703305378505,-30.255695207959455,300.8474998474121,389.94505892816653,211.7499407666577,0.5923104504836778
2025-03-13,240.67999267578125,248.2899932861328,232.60000610351562,248.1300048828125,114813500,TSLA,296.0559989929199,354.96979888916013,282.3255499267578,-0.02986820819658198,0.05207762370526903,-0.498437044090162,23.77686603346288,-34.835788866985354,-31.171713939764636,296.0559989929199,387.3581879434652,204.7538100423746,0.6167899941978799
2025-03-14,249.97999572753906,251.5800018310547,240.72999572753906,247.30999755859375,100242300,TSLA,290.75799865722655,351.62119873046873,282.6792498779297,0.038640532386444715,0.050828368414465086,-0.4790563844484869,28.486726092886983,-33.523838122041525,-31.642138776220015,290.75799865722655,379.69553340791606,201.82046390653704,0.6117632887928742
2025-03-17,238.00999450683594,245.39999389648438,232.8000030517578,245.05999755859375,111900600,TSLA,284.86649856567385,348.30459869384765,282.9855498504639,-0.04788383640805238,0.05115563906657941,-0.504001163313375,31.105280128499558,-33.06879033523802,-31.92746908802362,284.86649856567385,371.2249245025932,198.50807262875452,0.606308052169989
2025-03-18,225.30999755859375,230.10000610351562,222.27999877929688,228.16000366210938,111477600,TSLA,278.4264991760254,345.2251986694336,283.23114982604983,-0.05335909096824687,0.05161691747365782,-0.5304672103602812,30.978799722248368,-33.34852427210086,-32.21168012483907,278.4264991760254,362.21481481176323,194.63818354028757,0.6018702665421627
2025-03-19,235.86000061035156,241.41000366210938,229.1999969482422,231.61000061035156,111993800,TSLA,272.1914993286133,341.7335986328125,283.5164998626709,0.046824389357219776,0.0531360386202299,-0.5084816242022094,36.7443181095078,-32.34605318976372,-32.238554737824,272.1914993286133,348.46770035969877,195.91529829752784,0.5604598322815231
2025-03-20,236.25999450683594,238.0,230.0500030517578,233.35000610351562,99028300,TSLA,266.28449935913085,338.2377987670898,283.8073998260498,0.0016958954271570903,0.05334846289626864,-0.5076480604363303,32.62467505429434,-31.160117037332583,-32.022867197725716,266.28449935913085,333.5166392212558,199.05235949700588,0.5049647277549622
2025-03-21,248.7100067138672,249.52000427246094,234.5500030517578,234.99000549316406,132728700,TSLA,261.83000030517576,335.3247991943359,284.16949989318846,0.05269623506518384,0.055192841405677054,-0.481702966894284,39.26138858253482,-28.882700365353173,-31.39483383125121,261.83000030517576,320.35270748428496,203.30729312606655,0.4470282787373342
2025-03-24,278.3900146484375,278.6400146484375,256.3299865722656,258.0799865722656,169079900,TSLA,259.22300109863284,332.9937994384766,284.68759994506837,0.11933580126800525,0.06262725449626544,-0.4198515751537835,51.72170840154182,-24.401616010869645,-29.9961902671749,259.22300109863284,308.8254731325575,209.62052906470817,0.382701163274097
2025-03-25,288.1400146484375,288.20001220703125,271.2799987792969,283.6000061035156,150361500,TSLA,258.49000244140626,330.86179992675784,285.25330001831054,0.03502280788451673,0.06051677026250294,-0.39953314832588954,52.41582222755768,-19.834936063500834,-27.96393942644009,258.49000244140626,305.759485228515,211.2205196542975,0.36573548176451165
2025-03-26,272.05999755859375,284.8999938964844,266.510009765625,282.6600036621094,153629800,TSLA,257.5530029296875,328.23679992675784,285.7238999938965,-0.05580626179068926,0.06116901841932931,-0.43304295864704595,52.295628060930994,-17.31375016246153,-25.83390157364438,257.5530029296875,302.826602222564,212.27940363681103,0.351567240745675
2025-03-27,273.1300048828125,291.8500061035156,271.82000732421875,272.4800109863281,162572100,TSLA,257.11200256347655,325.77220031738284,286.20215003967286,0.0039329829222258805,0.06079532699777289,-0.43081312628576907,52.78457769354657,-15.055797659573273,-23.678280790830158,257.11200256347655,301.54908657443497,212.67491855251814,0.34566324067261434
2025-03-28,263.54998779296875,276.1000061035156,260.57000732421875,275.5799865722656,123809400,TSLA,255.6405014038086,322.47880004882813,286.65095001220703,-0.03507493471452938,0.06055916749626579,-0.4507773187216628,63.194791082677156,-13.879388399126128,-21.718502312489353,255.6405014038086,296.9129871552042,214.36801565241302,0.32289473322696816
2025-03-31,259.1600036621094,260.55999755859375,243.36000061035156,249.30999755859375,134008900,TSLA,254.36600189208986,319.38559997558593,287.09345001220703,-0.016657121359109794,0.060360954992868115,-0.45992578757689173,59.349644712113225,-13.149728728028151,-20.004747595597113,254.36600189208986,293.3790500246721,215.3529537595076,0.3067473470698558
2025-04-01,268.4599914550781,277.45001220703125,259.25,263.79998779296875,146486900,TSLA,254.18700103759767,316.2247998046875,287.54930000305177,0.035885119854736525,0.06012984623754684,-0.4405451597336361,57.04210403489001,-11.68632421900486,-18.341062920278663,254.18700103759767,292.8902290992035,215.48377297599185,0.3045256280110178
2025-04-02,282.760009765625,284.989990234375,251.27000427246094,254.60000610351562,212787800,TSLA,254.37000122070313,313.39859985351563,288.05075004577634,0.05326685079977622,0.06102761257264421,-0.410744762227955,63.88595670219329,-9.265862539367447,-16.52602284409642,254.37000122070313,293.600235456325,215.1397669850813,0.30845016352053145
2025-04-03,267.2799987792969,276.29998779296875,261.510009765625,265.2900085449219,136174300,TSLA,254.5615005493164,310.44200012207034,288.49710006713866,-0.05474611137253549,0.06096131037182567,-0.4430041951018732,55.48509723870204,-8.498768224721914,-14.920571920221521,254.5615005493164,294.01511506976095,215.10788602887186,0.30997314547021354
2025-04-04,239.42999267578125,261.0,236.0,255.3800048828125,181229400,TSLA,253.39949951171874,306.9829998779297,288.75705001831057,-0.10419786826814681,0.06547690207466692,-0.5010419706065586,50.40903262318778,-10.022569254556743,-13.940971387088567,253.39949951171874,293.2148659982163,213.5841330252212,0.3142497642119947
2025-04-07,233.2899932861328,252.0,214.25,223.77999877929688,183453800,TSLA,253.95649948120118,303.517200012207,288.99919998168946,-0.025644236634809525,0.055318537796687155,-0.5138373683831623,52.388933243691866,-11.592013667937124,-13.471179843258279,253.95649948120118,292.2123056460375,215.70069331636483,0.30127841770529823
2025-04-08,221.86000061035156,250.44000244140625,217.8000030517578,245.0,171603500,TSLA,253.520499420166,300.0114001464844,289.20064994812014,-0.048994783337158565,0.05591484044175379,-0.5376568011858521,45.83085306145372,-13.601326926996194,-13.497209260005862,253.520499420166,293.0748045996264,213.9661942407056,0.3120402907845811
2025-04-09,272.20001220703125,274.69000244140625,223.8800048828125,224.69000244140625,219433400,TSLA,254.72600021362305,297.4936004638672,289.64660003662107,0.22689989839624536,0.07402562176998008,-0.4327511763507269,58.24917501770583,-11.00484690940712,-12.998736789886115,254.72600021362305,295.04564076538213,214.40635966186395,0.316572635050568
2025-04-10,252.39999389648438,262.489990234375,239.3300018310547,260.0,181722600,TSLA,255.3120002746582,294.75960021972656,289.99569999694825,-0.07274069589492627,0.07575303007678422,-0.4740132505285533,50.81930500742747,-10.42464497271385,-12.483918426451662,255.3120002746582,295.10938388017763,215.51461666913877,0.3117549003784108
2025-04-11,252.30999755859375,257.739990234375,241.36000061035156,251.83999633789062,128948100,TSLA,255.42850036621093,291.8002001953125,290.32049995422364,-0.00035656236159631316,0.07534110201978976,-0.4742007976061132,43.33333125306288,-9.858450627925947,-11.95882486674652,255.42850036621093,295.1737710578045,215.6832296746173,0.31120466693896986
2025-04-14,252.35000610351562,261.79998779296875,245.92999267578125,258.3599853515625,100135200,TSLA,256.14550094604493,288.7552001953125,290.6004000091553,0.00015856900364230597,0.07439311781724407,-0.4741174221504737,40.37334069252826,-9.299312489503734,-11.426922391297964,256.14550094604493,295.0767549582568,217.2142469338331,0.3039776522985849
2025-04-15,254.11000061035156,258.75,247.5399932861328,249.91000366210938,79594300,TSLA,257.5855010986328,286.1638003540039,290.8838500213623,0.0069744183248166,0.07309668255092121,-0.47044969706281814,44.76890150004247,-8.614867805129023,-10.864511474064177,257.5855010986328,293.74638442431905,221.42461777294653,0.2807680026356747
2025-04-16,241.5500030517578,251.97000122070312,233.88999938964844,247.61000061035156,112378700,TSLA,257.8700012207031,283.1506005859375,291.10220001220705,-0.049427403598542585,0.07360216517113773,-0.49662399361182474,41.3744143026149,-8.982383965291604,-10.488085972309664,257.8700012207031,293.395132617184,222.34486982422217,0.27552744583171607
2025-04-17,241.3699951171875,244.33999633789062,237.67999267578125,243.47000122070312,83404800,TSLA,258.1255012512207,280.41460021972654,291.25974998474123,-0.0007452201709629014,0.07360753227714577,-0.49699911956536397,43.613961675018615,-9.182320234099336,-10.2269328246676,258.1255012512207,293.0649022325368,223.18610026990467,0.2707163826274667
2025-04-21,227.5,232.2100067138672,222.7899932861328,230.25999450683594,97768000,TSLA,257.0650009155273,277.4782000732422,291.240950012207,-0.05746362595919796,0.0738527819303224,-0.5259033740158071,41.356340544360535,-10.340761989845703,-10.24969865770322,257.0650009155273,294.41228952196076,219.71771230909386,0.2905668875453484
2025-04-22,237.97000122070312,242.7899932861328,229.85000610351562,230.9600067138672,120858500,TSLA,255.04400024414062,275.0052001953125,291.1988500213623,0.04602198338770602,0.06918421213890191,-0.5040845069705951,41.7286146868468,-10.29531583796873,-10.258822093756322,255.04400024414062,291.9038165273728,218.18418396090846,0.28904672329439735
2025-04-23,250.74000549316406,259.45001220703125,244.42999267578125,254.86000061035156,150381900,TSLA,253.17399978637695,273.0054000854492,291.19495002746584,0.0536622440095611,0.06988344911646523,-0.47747256877552935,41.24083694412561,-9.123694542393366,-10.031796583483732,253.17399978637695,286.59888473342454,219.74911483932937,0.2640467423609914
2025-04-24,259.510009765625,259.5400085449219,249.1999969482422,250.5,94464200,TSLA,252.5465003967285,271.6256002807617,291.2278000640869,0.0349764859229853,0.06933901770820525,-0.45919639543293295,47.793494819188545,-7.402182422502477,-9.505873751287481,252.5465003967285,284.93362563634304,220.15937515711397,0.2564844508931004
2025-04-25,284.95001220703125,286.8500061035156,259.6300048828125,261.69000244140625,167560700,TSLA,253.13750076293945,270.59440032958986,291.34090019226073,0.09803091011549903,0.07274401334211138,-0.4061809258834809,63.10607237476127,-3.939662106207976,-8.392631422271581,253.13750076293945,287.4785740017405,218.79642752413838,0.27132347546530544
2025-04-28,285.8800048828125,294.8599853515625,272.4200134277344,288.9800109863281,151731800,TSLA,254.25400161743164,269.19320037841794,291.4540001678467,0.0032637046356942534,0.07214920877726677,-0.40424287581852314,65.60997418280343,-1.1077774044196644,-6.935660618701198,254.25400161743164,291.36107126557584,217.14693196928744,0.2918897591549265
2025-04-29,292.0299987792969,293.32000732421875,279.4700012207031,285.5,108906600,TSLA,255.89750137329102,267.9170004272461,291.7090001678467,0.021512501019458785,0.07201167058871169,-0.3914266500772193,71.50211001793518,1.6141577286602455,-5.22569694922891,255.89750137329102,296.6518998093494,215.1431029372326,0.3185212690029969
2025-04-30,282.1600036621094,284.45001220703125,270.7799987792969,279.8999938964844,128961100,TSLA,256.5825019836426,266.47800079345706,291.8786502075195,-0.03379788089732105,0.07229281926043339,-0.41199513967519313,54.05867582077851,2.9409829919111417,-3.5923609610008995,256.5825019836426,298.6648599927839,214.50014397450133,0.32802204112752836
2025-05-01,280.5199890136719,290.8699951171875,279.80999755859375,280.010009765625,99659000,TSLA,256.4705009460449,264.8772006225586,292.0180501556396,-0.005812356915055328,0.07141122954156441,-0.41541283379118815,63.44939392515166,3.8161755995182602,-2.1106536488970677,256.4705009460449,298.27048470613727,214.6705171859526,0.3259632870517613
2025-05-02,287.2099914550781,294.7799987792969,279.80999755859375,284.8999938964844,114454700,TSLA,257.467000579834,263.5334005737305,292.17130012512206,0.023848576584252656,0.07028481927653948,-0.4014712619876861,65.7009129461074,4.992054041265476,-0.690112110864559,257.467000579834,301.25499305573146,213.67900810393655,0.3401445030025889
2025-05-05,280.260009765625,284.8500061035156,274.3999938964844,284.57000732421875,94618900,TSLA,259.50850143432615,262.3826010131836,292.3301001739502,-0.024198258752220814,0.06582999595055944,-0.4159546152607483,61.82126495051266,5.302022326196322,0.5083147765476174,259.50850143432615,303.5621229544065,215.45487991424582,0.33951582531279034
2025-05-06,275.3500061035156,277.7300109863281,271.3500061035156,273.1099853515625,76715800,TSLA,261.6115020751953,261.279001159668,292.46070022583007,-0.017519458684867262,0.06562445010032614,-0.42618677424877505,58.76237872441305,5.092771860418964,1.4252061933218867,261.6115020751953,304.3925070083268,218.8304971420638,0.32705752303532054
2025-05-07,276.2200012207031,277.9200134277344,271.0,276.8800048828125,71592600,TSLA,264.3295021057129,260.74740142822264,292.64580024719237,0.003159597232260225,0.06416787732907091,-0.4243737555688572,65.8296045603313,4.940193221532354,2.1282035989639803,264.3295021057129,303.2058085550494,225.4531956563764,0.29415033993283685
2025-05-08,284.82000732421875,289.79998779296875,279.4100036621094,279.6300048828125,97539400,TSLA,264.96050186157225,260.6278018188477,292.8123503112793,0.031134624811778533,0.04027717260605099,-0.40645184841668036,68.42195154140563,5.450393427567917,2.792641564684768,264.96050186157225,304.7730808733281,225.14792284981638,0.30051708637354424
2025-05-09,298.260009765625,307.0400085449219,290.0,290.2099914550781,132387800,TSLA,267.2535026550293,260.95400177001954,293.07175033569337,0.04718770485146129,0.03721300018466114,-0.37844367342463636,80.11064245345744,6.860147135000659,3.606142678747946,267.2535026550293,309.24317729931056,225.26382801074803,0.3142310519947162
2025-05-12,318.3800048828125,322.2099914550781,311.5,321.989990234375,112826700,TSLA,270.55700302124023,261.4620016479492,293.5837003326416,0.06745790403815088,0.039341314185618335,-0.33651478639220983,81.62013665827344,9.491490566012715,4.783212256200899,270.55700302124023,317.6788591225823,223.43514691989816,0.34833218564032326
2025-05-13,334.07000732421875,337.5899963378906,316.79998779296875,320.0,136992600,TSLA,274.6430030822754,262.4504019165039,294.1528003692627,0.049280740626853614,0.04006221494445043,-0.30381774367065184,82.0327542532396,12.696543413943346,6.365878487749389,274.6430030822754,328.7690320972592,220.51697406729164,0.39415552850453733
2025-05-14,347.67999267578125,350.0,337.0,342.5,136997300,TSLA,279.3215026855469,263.9632015991211,294.7922003173828,0.04073991993646375,0.040421496596582084,-0.27545533428660757,82.67734062021431,16.148631588783473,8.322429107956207,279.3215026855469,341.54479975773467,217.09820561335906,0.44553173653971945
2025-05-15,342.82000732421875,346.1400146484375,334.7200012207031,340.3399963378906,97882600,TSLA,284.38500289916993,265.23760162353517,295.34580032348634,-0.013978329078298546,0.03808513395334797,-0.28558325805587514,75.30832561918703,18.281537947422123,10.31425087584939,284.38500289916993,350.052990832938,218.7170149654019,0.4618245495670597
2025-05-16,349.9800109863281,351.6199951171875,342.3299865722656,346.239990234375,95895700,TSLA,289.815503692627,266.9682015991211,295.982600402832,0.0208856061756566,0.03782090322045317,-0.2706622313383344,76.58428318983707,20.31545019635371,12.314490739950255,289.815503692627,358.40422372679456,221.2267836584594,0.4733267831448487
2025-05-19,342.0899963378906,343.0,333.3699951171875,336.29998779296875,88869900,TSLA,295.5450035095215,268.55660125732425,296.5327003479004,-0.022544186527114873,0.03476761363543839,-0.2871045580363128,70.46606809288325,21.048053209215595,14.061203233803326,295.5450035095215,361.3018389252189,229.78816809382414,0.4449869538300545
2025-05-20,343.82000732421875,354.989990234375,341.6300048828125,347.8699951171875,131715500,TSLA,300.83750381469724,270.9900015258789,297.1675003814697,0.005057180873010214,0.034431234253880734,-0.2834993168427578,77.00595728982744,21.52017264886615,15.552997116815892,300.83750381469724,364.07340398409167,237.60160364530282,0.42039904844008397
2025-05-21,334.6199951171875,347.3500061035156,332.20001220703125,344.42999267578125,102354800,TSLA,305.03150329589846,273.07080139160155,297.80225036621096,-0.026758222357769146,0.034877632455747654,-0.3026716014421728,72.22313734840559,20.910918556306513,16.624581404714014,305.03150329589846,365.3358285857763,244.72717800602058,0.3953973582287934
2025-05-22,341.0400085449219,347.2699890136719,331.3900146484375,331.8999938964844,97113400,TSLA,309.1080032348633,274.9298016357422,298.5130503845215,0.019185982671137136,0.03458138652573012,-0.28929267087135047,72.16138809359762,20.707419485928824,17.441149020956978,309.1080032348633,367.4463166781153,250.7696897916113,0.37746232923594647
2025-05-23,339.3399963378906,343.17999267578125,333.2099914550781,337.9200134277344,84654800,TSLA,311.82750244140624,276.9030017089844,299.2065503692627,-0.004984788190348977,0.028611189681022466,-0.2928353963723854,75.4216716220507,20.176387394491655,17.988196695663916,311.82750244140624,370.49409964603404,253.1609052367784,0.37627596504674266
2025-05-27,362.8900146484375,363.7900085449219,347.32000732421875,347.3500061035156,120146400,TSLA,315.6780029296875,279.16120208740233,300.0622004699707,0.06939947711644767,0.03156385339148313,-0.24375854264536903,82.4606835128877,21.409040209227044,18.67236539837654,315.6780029296875,377.21273625219516,254.1432696071799,0.38985759382299157
2025-05-28,356.8999938964844,365.0,355.9100036621094,364.8399963378906,91404300,TSLA,318.9215026855469,281.5390020751953,300.85250045776365,-0.016506435862546853,0.03212992440992355,-0.2562413937577922,78.82250100954775,21.652979759542234,19.26848827060968,318.9215026855469,382.026435847847,255.8165695232468,0.3957395950471289
2025-05-29,358.42999267578125,367.7099914550781,356.0,365.2900085449219,88087800,TSLA,322.7350021362305,284.20140197753904,301.64465042114256,0.004286911755287504,0.03044699781919056,-0.25305296624559626,77.69581737872778,21.719394070422084,19.758669430572162,322.7350021362305,385.7041043495812,259.7658999228798,0.3902217100503444
2025-05-30,346.4599914550781,363.67999267578125,345.2900085449219,355.5199890136719,123474900,TSLA,326.0320022583008,286.4134017944336,302.3895003509522,-0.03339564619395741,0.03190819912544164,-0.27799774511048425,68.33813513135067,20.569041720081884,19.920743888474107,326.0320022583008,386.55190033198124,265.51210418462034,0.37125127382883844
2025-06-02,342.69000244140625,348.0199890136719,333.3299865722656,343.5,81873800,TSLA,328.8060028076172,288.542001953125,303.0638003540039,-0.01088145559849063,0.032121457730654904,-0.28585418058907464,60.56312814670069,19.13262361294028,19.76311983336734,328.8060028076172,386.869606163853,270.74239945138135,0.35317848737821594
2025-06-03,344.2699890136719,355.3999938964844,343.0400085449219,346.6000061035156,99324500,TSLA,332.00650177001955,290.4532015991211,303.7782502746582,0.004610541775392996,0.031169677224739976,-0.2825615814549583,55.05149385220444,17.91522802920167,19.39354147253421,332.00650177001955,385.6949249495683,278.3180785904708,0.32341790232010964
2025-06-04,332.04998779296875,345.6000061035156,327.3299865722656,345.1000061035156,98912100,TSLA,334.8415008544922,291.5264010620117,304.3678002166748,-0.03549540073392177,0.03226878457042299,-0.3080273456231256,42.151253313194665,15.782451015456388,18.671323381118647,334.8415008544922,381.4550774069389,288.2279243020455,0.2784217394408525
2025-06-05,284.70001220703125,324.54998779296875,273.2099914550781,322.489990234375,287499800,TSLA,335.26550140380857,291.4576010131836,304.710700302124,-0.14259893789082123,0.04697710709893611,-0.40670191118676025,29.54386486514356,10.15440885235654,16.967940475366227,335.26550140380857,379.73906386500937,290.79193894260777,0.265303541670605
2025-06-06,295.1400146484375,305.5,291.1400146484375,298.8299865722656,164747700,TSLA,335.78150177001953,291.9192013549805,305.0728003692627,0.036670186138995975,0.04716996024076867,-0.3849455598340682,31.13390164793597,6.4620750577624335,14.86676739184547,335.78150177001953,377.9715381026769,293.59146543736216,0.2512945835923612
2025-06-09,308.5799865722656,309.8299865722656,281.8500061035156,285.9599914550781,140908900,TSLA,336.29750061035156,292.62820098876955,305.51020027160644,0.04553761352840424,0.04708975979326861,-0.35693744843886294,38.89588226109567,4.567713576630808,12.806956628802538,336.29750061035156,376.7729148712798,295.82208634942333,0.24071195407321658
2025-06-10,326.0899963378906,327.8299865722656,310.6700134277344,314.94000244140625,151256500,TSLA,336.6830001831055,293.87900115966795,306.0243002319336,0.05674382827003055,0.04637092043492169,-0.3204476174461901,44.68110351055573,4.428283410875167,11.131221985217065,336.6830001831055,376.58265141488647,296.7833489513245,0.23701613214852846
2025-06-11,326.42999267578125,335.5,322.5,334.3999938964844,122611400,TSLA,336.3009994506836,295.2244009399414,306.60315017700196,0.0010426457165473302,0.04503182062342146,-0.3197390850653508,47.40510659397059,4.295700699292922,9.764117728032238,336.3009994506836,376.4514880498149,296.1505108515523,0.2387770994716838
2025-06-12,319.1099853515625,332.55999755859375,316.8599853515625,323.0799865722656,105127500,TSLA,334.8724990844727,296.2374008178711,307.0971000671387,-0.022424432461661592,0.044220865931301756,-0.33499355000861103,43.09116490011074,3.5589392931378825,8.523082041053367,334.8724990844727,375.34999238389236,294.395005785053,0.24174868590334198
2025-06-13,325.30999755859375,332.989990234375,313.29998779296875,313.9700012207031,128964300,TSLA,333.9969985961914,297.0884005737305,307.6576000213623,0.019429076154419578,0.04442704848820472,-0.32207308904854803,45.70185665282677,3.435734728840714,7.505612578610838,333.9969985961914,374.50815100268096,293.4858461897019,0.2425839308542307
2025-06-16,329.1300048828125,332.04998779296875,326.4100036621094,331.2900085449219,83925900,TSLA,332.9544982910156,298.3254006958008,308.257200012207,0.011742668079331553,0.04422969814182385,-0.3141124183511985,38.23528911304182,3.6047831931741143,6.725446701523493,332.9544982910156,372.8015051368071,293.1074914452241,0.23935406820041585
2025-06-17,316.3500061035156,327.260009765625,314.739990234375,326.0899963378906,88282700,TSLA,331.66749877929686,299.86380096435545,308.8102000427246,-0.03882963749794621,0.04477257640887711,-0.34074518451096447,36.507619953184836,2.6766613387544,5.915689628969675,331.66749877929686,371.9326679132365,291.4023296453572,0.2428044308359168
2025-06-18,322.04998779296875,329.32000732421875,315.45001220703125,317.30999755859375,95137700,TSLA,330.57899780273436,301.63900085449217,309.389049987793,0.0180179597897272,0.0449872218279768,-0.32886675775429897,38.221957172621586,2.3736964726126644,5.207290997698273,330.57899780273436,370.6374147031505,290.5205809023182,0.24235306638759982
2025-06-20,322.1600036621094,332.3599853515625,317.7799987792969,327.95001220703125,108688000,TSLA,329.9559982299805,303.64500091552736,309.92930000305176,0.0003416111576173275,0.04461711951320115,-0.3286374911504999,41.47846988266417,2.118056359383388,4.589444070035296,329.9559982299805,370.137171788036,289.77482467192493,0.24355473925980353
2025-06-23,348.67999267578125,357.5400085449219,327.4800109863281,327.5400085449219,190716800,TSLA,330.33799743652344,305.17460052490236,310.6196999359131,0.0823193093872907,0.04820267460025136,-0.27337139307349023,51.81152598637165,4.009185806127618,4.473392417253761,330.33799743652344,371.1038657214294,289.5721291516175,0.2468130738895053
2025-06-24,340.4700012207031,356.260009765625,340.44000244140625,356.1700134277344,114736200,TSLA,330.3944976806641,306.9360006713867,311.22499992370604,-0.023545920693855638,0.0485269144496952,-0.29048053262606865,48.895095180223414,4.790223110651709,4.536758555933351,330.3944976806641,371.2159929258915,289.57300243543665,0.24710759732253526
2025-06-25,327.54998779296875,343.0,320.3999938964844,342.70001220703125,119845100,TSLA,328.62749633789065,308.44080047607423,311.7118998718262,-0.037947582404945,0.04649505461581042,-0.31740508108215365,48.69686067996979,4.316901145765598,4.492787073899801,328.62749633789065,366.47778449742134,290.77720817835996,0.2303537505614777
2025-06-26,325.7799987792969,331.04998779296875,323.6099853515625,324.6099853515625,80440900,TSLA,327.0714965820313,309.90940032958986,312.287149887085,-0.0054037218123500486,0.04640462115871407,-0.32109363413450936,66.16304332425506,3.7556736890431353,4.345364396928468,327.0714965820313,362.50984010307457,291.633153060988,0.21670089806896498
2025-06-27,323.6300048828125,329.3399963378906,317.5,324.510009765625,89067000,TSLA,325.3314971923828,311.29980041503904,312.8239498901367,-0.006599526995335614,0.046372446936327624,-0.32557409502334383,61.99174825498201,3.1016563828995345,4.096622794122681,325.3314971923828,357.5588100285242,293.10418435624143,0.1981198446154997
2025-06-30,317.6600036621094,325.5799865722656,316.6000061035156,319.8999938964844,76695100,TSLA,323.89149780273436,312.8220004272461,313.2813999176025,-0.018446995428822777,0.04599319642221124,-0.3380152266095279,54.07834014212659,2.0776637364585895,3.6928309825898635,323.89149780273436,354.6856022226443,293.0973933828244,0.19015074263335593
2025-07-01,300.7099914550781,305.8900146484375,293.2099914550781,298.4599914550781,145085700,TSLA,321.792497253418,314.0088003540039,313.6442998504639,-0.05335897504131726,0.04732391789475278,-0.3733380556106021,38.54279403887823,-0.10042451001999098,2.9341798840678925,321.792497253418,352.9126295496499,290.67236495718606,0.19341738891894802
2025-07-02,315.6499938964844,316.8299865722656,303.82000732421875,312.6300048828125,119483700,TSLA,320.3614974975586,315.7718002319336,314.07349983215335,0.04968242780731846,0.048873995922029054,-0.3422039687988821,45.7003839284171,-0.6139643999975988,2.2245510272547944,320.3614974975586,349.7114191069703,291.0115758881469,0.18323001882980874
2025-07-03,315.3500061035156,318.45001220703125,312.760009765625,317.989990234375,58042300,TSLA,319.52649841308596,317.3194003295898,314.49879989624026,-0.0009503811144286889,0.04827773553006113,-0.3428291257240818,48.41136582541748,-1.0332443724960854,1.5729919473046183,319.52649841308596,348.422991694993,290.6300051311789,0.18087071604652633
2025-07-07,293.94000244140625,296.1499938964844,288.7699890136719,291.3699951171875,131177900,TSLA,319.9884979248047,318.1834002685547,314.8345999145508,-0.06789282780315342,0.03872540647998713,-0.3874463147285445,38.25533583506659,-3.0578857328555955,0.6468164112725755,319.9884979248047,346.7576889851906,293.21930686441874,0.16731345803983574
2025-07-08,297.80999755859375,304.04998779296875,294.3500061035156,297.0,103246700,TSLA,320.1219970703125,318.94940002441405,315.18429992675783,0.013165935514200422,0.03797708496795798,-0.37938147240927467,38.27843823067456,-4.300577949055537,-0.3426624607930471,320.1219970703125,346.39138237176365,293.8526117688613,0.1641210884716634
2025-07-09,295.8800048828125,300.1499938964844,293.54998779296875,297.54998779296875,75586800,TSLA,319.4869979858398,319.1679998779297,315.52769996643065,-0.0064806174796113725,0.03652946268679373,-0.3834034636873498,41.661911890074045,-5.379147301137152,-1.3499594288618681,319.4869979858398,347.48803019120356,291.4859657804761,0.17528746009629345
2025-07-10,309.8699951171875,310.4800109863281,300.0,300.04998779296875,104365300,TSLA,318.6759979248047,319.6477996826172,315.8574499511719,0.0472826483827995,0.035789686141443317,-0.35424914646682676,45.352566117937045,-5.046868828360516,-2.0893413087615977,318.6759979248047,346.8110380991089,290.54095775050047,0.17657457955740363
2025-07-11,313.510009765625,314.0899963378906,305.6499938964844,307.8900146484375,79236400,TSLA,318.0299987792969,320.07739990234376,316.23375,0.01174690904506881,0.03591649495951399,-0.34666356992459707,46.78606101384959,-4.438650977980842,-2.559203242605447,318.0299987792969,346.00827609652544,290.0517214620683,0.1759474101475857
2025-07-14,316.8999938964844,322.6000061035156,312.6700134277344,317.7300109863281,78043400,TSLA,317.919499206543,320.77219970703123,316.5682499694824,0.010813001260769006,0.03566090099505589,-0.33959904228248544,35.74120298548743,-3.6411180194896247,-2.7755861979822827,317.919499206543,345.89727363635603,289.9417247767299,0.1760054007359688
2025-07-15,310.7799987792969,321.20001220703125,310.5,319.67999267578125,77556300,TSLA,317.1929992675781,321.37739990234377,316.8507999420166,-0.01931207079538977,0.035616688769925284,-0.35235275233126934,36.42432141282325,-3.462980776236691,-2.9130651136331642,317.1929992675781,345.1172852526967,289.2687132824595,0.17607126291940767
2025-07-16,321.6700134277344,323.5,312.6199951171875,312.79998779296875,97284800,TSLA,316.8199996948242,322.06660034179686,317.17405006408694,0.03504091219258654,0.03645015976989977,-0.329658601993939,47.26054060940193,-2.4152312743684092,-2.8134983457802134,316.8199996948242,344.2681566880989,289.37184270154955,0.1732728806244177
2025-07-17,319.4100036621094,324.3399963378906,317.05999755859375,323.1499938964844,73922900,TSLA,316.9729995727539,322.84960021972654,317.50000007629393,-0.007025863995037018,0.03536847965397795,-0.3343683294865725,47.045730794249636,-1.7471065886882684,-2.600219994361825,316.9729995727539,344.4442297997507,289.5017693457571,0.1733348282915271
2025-07-18,329.6499938964844,330.8999938964844,321.4200134277344,321.6600036621094,94255000,TSLA,317.3529998779297,323.93559997558594,317.84595008850096,0.03205907804067243,0.03585851199020142,-0.31302879181523946,52.5970618337774,-0.38687171267889653,-2.157550338025239,317.3529998779297,345.32560941103196,289.3803903448274,0.17628703395816012
2025-07-21,328.489990234375,338.0,326.8800048828125,334.3999938964844,75768800,TSLA,317.669499206543,324.9809997558594,318.18025001525876,-0.0035188948387289143,0.03587701611477743,-0.31544617125407626,54.8744202580245,0.590712262290424,-1.6078978179621066,317.669499206543,346.0119149998464,289.32708341323956,0.17843964160295847
2025-07-22,332.1099853515625,335.4100036621094,321.54998779296875,329.739990234375,77370400,TSLA,316.840998840332,325.92679931640623,318.55069999694825,0.0110201078413521,0.030584083889152545,-0.30790231423808573,66.05973842159531,1.6386684085829302,-0.9585845726530993,316.840998840332,342.17576052011833,291.5062371605457,0.1599209810126463
2025-07-23,332.55999755859375,336.20001220703125,328.6700134277344,330.8999938964844,92553800,TSLA,316.44549865722655,326.6127990722656,318.9683999633789,0.0013550095657464123,0.030164067395896464,-0.30696451525344737,60.15372036336703,2.476940797166833,-0.27147949868911286,316.44549865722655,340.4385545334647,292.4524427809884,0.15164099965427158
2025-07-24,305.29998779296875,310.1499938964844,300.4100036621094,310.0,156966000,TSLA,315.33299865722654,326.35119873046875,319.2915998840332,-0.08197020076301287,0.03433941715304828,-0.36377277307401423,45.44134205348424,0.9308919944159015,-0.031005200068109973,315.33299865722654,339.2212321725428,291.4447651419103,0.15151115561668982
2025-07-25,316.05999755859375,323.6300048828125,308.010009765625,308.739990234375,148227000,TSLA,314.8469985961914,325.9909985351562,319.6214998626709,0.03524405566934252,0.035373221903832686,-0.34134954526988337,61.10664356345222,0.5673400989837774,0.0886638597422675,314.8469985961914,338.23048972249603,291.46350746988674,0.1485387583846417
2025-07-28,325.5899963378906,330.489990234375,315.69000244140625,318.45001220703125,112673800,TSLA,314.9449981689453,325.54919860839846,320.04529983520507,0.030152499060024596,0.03601082206943418,-0.32148958805274874,63.198400466289016,1.036268401492464,0.2781847680923068,314.9449981689453,338.49928080413986,291.3907155337507,0.14957711836756585
2025-07-29,321.20001220703125,326.25,318.25,325.54998779296875,87358900,TSLA,315.1219985961914,325.1167987060547,320.4287998962402,-0.013483166498468035,0.035887135501280365,-0.33063805690797765,61.754876719765925,1.0416548798966119,0.4308787904531678,315.1219985961914,338.81497982400526,291.4290173683776,0.15037338766167752
2025-07-30,319.0400085449219,324.45001220703125,311.6199951171875,322.17999267578125,83931900,TSLA,316.0384994506836,324.49799865722656,320.81874992370604,-0.006724793213012448,0.03359921195791511,-0.33513937755993173,54.78252371740737,0.8616963599606606,0.5170423043546664,316.0384994506836,338.78327482873,293.29372407263725,0.14393673819854083
2025-07-31,308.2699890136719,321.3699951171875,306.1000061035156,319.6099853515625,85270900,TSLA,315.669499206543,323.8215985107422,321.16624984741213,-0.03375758288237862,0.03273347968536352,-0.35758346512718225,47.456301359513255,-0.14826354117099072,0.383981135249535,315.669499206543,338.6787350065671,292.6602634065189,0.14578054489178965
2025-08-01,302.6300048828125,309.30999755859375,297.82000732421875,306.2099914550781,89121400,TSLA,315.0334991455078,322.99779846191404,321.5903998565674,-0.01829559909125389,0.03297044728937493,-0.3693368604988078,43.220909797604,-1.387766316984596,0.0296316448027088,315.0334991455078,338.7715647001053,291.2954335909103,0.15070184992379707
2025-08-04,309.260009765625,312.1199951171875,303.0,309.0799865722656,78683900,TSLA,315.79949951171875,322.4905987548828,322.04089988708495,0.021907956170373222,0.029375871630056928,-0.3555203200803457,49.281397298260444,-1.8141824462211957,-0.3391311734020721,315.79949951171875,337.5795835456595,294.019415477778,0.13793615295538186
2025-08-05,308.7200012207031,312.45001220703125,305.5,308.95001220703125,57961300,TSLA,316.3449996948242,321.8441986083984,322.4866498565674,-0.0017461311772288823,0.02929234831436968,-0.3566456661425439,43.21349566721554,-2.170672318053107,-0.7054394023322792,316.3449996948242,336.72978759391503,295.96021179573336,0.12887694080042927
2025-08-06,319.9100036621094,320.4700012207031,306.92999267578125,307.8900146484375,78523600,TSLA,317.54649963378904,321.4555987548828,322.9795498657227,0.03624644466558724,0.030169700809241987,-0.3333263588800139,50.23960124176152,-1.5325867258086987,-0.8708688670275632,317.54649963378904,335.54552997373156,299.5474692938465,0.11336311602048789
2025-08-07,322.2699890136719,322.3999938964844,316.1600036621094,319.7900085449219,66658700,TSLA,318.16649932861327,320.6431982421875,323.4864498138428,0.007377028928595486,0.028451686404457905,-0.3284082881435396,46.174578477234576,-0.8269358009819143,-0.8620822538184335,318.16649932861327,335.9045276442089,300.42847101301766,0.11150154622203119
2025-08-08,329.6499938964844,335.1499938964844,320.9800109863281,321.42999267578125,91200300,TSLA,318.97349853515624,320.0981982421875,324.031199798584,0.02290006868278205,0.028753133431450372,-0.31302879181523946,50.56486336194381,0.32406671824901423,-0.624852459404944,318.97349853515624,337.2790434445749,300.6679536257376,0.11477784200558633
2025-08-11,339.0299987792969,346.6400146484375,334.1499938964844,335.0,105320200,TSLA,320.0799987792969,319.7101983642578,324.6320997619629,0.02845443669493286,0.029274082622705873,-0.2934814130607047,53.190709758614595,1.9704187485460238,-0.10579821781475046,320.0799987792969,340.4200994533581,299.7398981052357,0.1270938562336487
2025-08-12,340.8399963378906,345.260009765625,332.94000244140625,345.0,80522100,TSLA,321.58299865722654,319.59779846191407,325.2464497375488,0.005338753399730889,0.028764444636332098,-0.28970948455270945,53.770490618625665,3.3822280504780338,0.5918070358438063,321.58299865722654,343.4171866214391,299.748810693014,0.1357919296441756
2025-08-13,339.3800048828125,348.9800109863281,338.20001220703125,341.5,67838900,TSLA,322.46849822998047,319.5315985107422,325.87509979248046,-0.004283509772223915,0.02793708774080324,-0.2927520209167459,70.28572445824032,4.333335985199369,1.3401128257149189,322.46849822998047,345.70875164115887,299.22824481880207,0.14413968210069156
2025-08-14,335.5799865722656,340.4700012207031,330.3999938964844,335.760009765625,75000700,TSLA,323.2769973754883,319.35779846191406,326.25059967041017,-0.011196942235471519,0.02803177064163383,-0.300671035684695,62.66873497443202,4.725987909450851,2.017287842462105,323.2769973754883,347.1847273238035,299.3692674271731,0.1479086365093042
2025-08-15,330.55999755859375,339.29998779296875,327.0199890136719,337.6600036621094,74319800,TSLA,323.32249755859374,319.32799865722654,326.5574496459961,-0.014959143019665277,0.027418446028114916,-0.31113239767968204,53.42616938118699,4.5793088073098716,2.5296920354316583,323.32249755859374,347.2846979244097,299.36029719277775,0.14822476349004118
2025-08-18,335.1600036621094,336.2699890136719,329.5899963378906,329.6199951171875,56956600,TSLA,323.65599822998047,320.33719848632813,326.9206996154785,0.013915797850586165,0.027560632545144743,-0.3015462553799746,59.59581212018233,4.779155481328246,2.9795847246109757,323.65599822998047,348.10180332272813,299.2101931372328,0.15106041739648027
2025-08-19,329.30999755859375,340.54998779296875,327.8500061035156,335.7900085449219,75956000,TSLA,323.51599884033203,321.0205981445313,327.26964965820315,-0.017454368181154756,0.027770813995759012,-0.3137373241960787,56.7185567821234,4.414600046944486,3.2665877890776778,323.51599884033203,347.7894124969015,299.24258518376257,0.150060051086063
2025-08-20,323.8999938964844,331.3699951171875,314.6000061035156,329.2200012207031,77481800,TSLA,323.08299865722654,321.3269982910156,327.6013996887207,-0.016428300696053943,0.02800718246565638,-0.32501145379066415,60.99620323064622,3.647103616225479,3.3426909545072383,323.08299865722654,346.9832173582509,299.1827799562022,0.14795095254381482
2025-08-21,320.1099853515625,324.8999938964844,318.67999267578125,322.0799865722656,55744400,TSLA,323.82349853515626,321.20739807128905,327.95269958496095,-0.011701168929731831,0.020782588200852384,-0.3329096087954937,62.626388654978705,2.701889450497731,3.2145306537053373,323.82349853515626,346.2778202977121,301.36917677260044,0.13868247279230753
2025-08-22,340.010009765625,340.25,319.69000244140625,321.6600036621094,94016300,TSLA,325.0209991455078,321.47899841308595,328.4078496551514,0.062166209505171155,0.02367987303428031,-0.29143912777698777,68.63861127902942,3.5180126135080627,3.2752270456658827,325.0209991455078,348.2724155451167,301.7695827458989,0.1430763948221052
2025-08-25,346.6000061035156,349.5299987792969,335.0299987792969,338.8999938964844,86670000,TSLA,326.0714996337891,322.028798828125,328.9266497039795,0.019381771561470362,0.023168881104236178,-0.2777059628141652,71.39145480615453,4.6430317497893725,3.5487879864905807,326.0714996337891,351.2497838852051,300.89321538237306,0.15443413042657056
2025-08-26,351.6700134277344,351.8999938964844,343.7200012207031,344.92999267578125,76651600,TSLA,327.5949996948242,322.5559991455078,329.42779975891114,0.01462783391499567,0.022943428795444726,-0.26714036560041904,69.267163814362,5.8759899849926,4.014228386190984,327.5949996948242,355.11102358045554,300.07897580919285,0.16798805788405982
2025-08-27,349.6000061035156,355.3900146484375,349.1600036621094,351.94000244140625,65519000,TSLA,329.1229995727539,322.96539916992185,329.7331497955322,-0.0058862207330171445,0.02292203749861532,-0.2714541391748132,66.638253472937,6.609891266083139,4.533360962169415,329.1229995727539,357.9991843356418,300.24681480986595,0.17547351476726403
2025-08-28,345.9800109863281,353.54998779296875,340.260009765625,350.9100036621094,67903200,TSLA,331.00850067138674,323.5579992675781,329.9784998321533,-0.010354676927882056,0.02139496639496015,-0.27899799619080373,60.41853093616508,6.820784211821945,4.990845612099921,331.00850067138674,359.0645356437074,302.95246569906607,0.16951851638501386
2025-08-29,333.8699951171875,348.75,331.70001220703125,347.2300109863281,81145700,TSLA,332.5705001831055,323.7943994140625,330.0417498016357,-0.03500206799409333,0.022680970927028355,-0.30423455735201077,46.81874266929622,5.942242841152279,5.181125057910393,332.5705001831055,357.2493745709719,307.89162579523907,0.1484128891424754
2025-09-02,329.3599853515625,333.3299865722656,325.6000061035156,328.2300109863281,58392000,TSLA,333.5754989624023,323.9383990478516,329.9385497283936,-0.01350828116207925,0.02268754018622106,-0.31363315257415836,43.15035792569523,4.826436226519036,5.110187291632122,333.5754989624023,355.76938378184974,311.3816141429549,0.13306663641953462
2025-09-03,334.0899963378906,343.3299865722656,328.510009765625,335.20001220703125,88733300,TSLA,334.84399871826173,323.64659912109374,329.9665497589111,0.014361219324440011,0.02278115517683107,-0.3037760877412514,46.96221285311868,4.274549456396471,4.943059724584992,334.84399871826173,353.7063119826535,315.98168545386994,0.11266328998933361
2025-09-04,338.5299987792969,338.8900146484375,331.4800109863281,336.1499938964844,60711000,TSLA,335.7749984741211,323.6077990722656,330.0079998016357,0.01328983953448204,0.021630787185643062,-0.2945233836672634,51.68168362511326,4.147634951410907,4.783974769950175,335.7749984741211,353.32621537722355,318.22378157101866,0.10454153515217812
2025-09-05,350.8399963378906,355.8699951171875,344.67999267578125,348.0,108989800,TSLA,337.20349884033203,324.07359924316404,330.2062998199463,0.036363092201525005,0.022871317952385242,-0.26887007242153615,60.67367328169336,4.982928122248381,4.823765440409817,337.20349884033203,354.7772315378439,319.6297661428202,0.10423220849101045
2025-09-08,346.3999938964844,358.44000244140625,344.8399963378906,354.6400146484375,75208300,TSLA,338.040998840332,324.48599914550783,330.3346997833252,-0.01265534855703887,0.022747431476923454,-0.2781227764955242,55.92575907739436,5.226386359091521,4.904289624146158,338.040998840332,355.69536072132,320.386636959344,0.10445101003459493
2025-09-09,346.9700012207031,350.7699890136719,343.82000732421875,348.44000244140625,53816000,TSLA,338.43799896240233,324.95279907226563,330.37584983825684,0.001645517708609212,0.02192644317165894,-0.276934914740806,59.8593044275319,5.403040703175918,5.00403983995211,338.43799896240233,356.5374908102219,320.33850711458274,0.10695898157600381
2025-09-10,347.7900085449219,356.3299865722656,346.07000732421875,350.54998779296875,72121700,TSLA,338.7854995727539,325.5553991699219,330.38479988098146,0.0023633378140295314,0.021908277355993513,-0.2752260676828085,64.05789606005101,5.545285680066627,5.112289007975013,338.7854995727539,357.3403144270397,320.2306847184681,0.1095372433453348
2025-09-11,368.80999755859375,368.989990234375,347.6000061035156,350.1700134277344,103756000,TSLA,340.25699920654296,326.9173992919922,330.51869987487794,0.06043873744853956,0.025530950834862825,-0.23142164627794412,73.82582059976852,7.270345276384262,5.543900261656864,340.25699920654296,363.16710408860257,317.34689432448334,0.13466353336145606
2025-09-12,395.94000244140625,396.69000244140625,370.239990234375,370.94000244140625,168156400,TSLA,343.275,328.5231994628906,330.80019981384277,0.07356092584909457,0.02951681924154249,-0.17488431099057672,75.5551335209621,10.703251671257703,6.575770543577033,343.275,376.95992440682625,309.5900755931737,0.1962562051231594
2025-09-15,410.0400085449219,425.70001220703125,402.42999267578125,423.1300048828125,163823700,TSLA,347.2490005493164,330.41699951171876,331.0875998687744,0.03561147147692467,0.029548692828659236,-0.1455007271662546,77.12500769854682,14.395663132236564,8.13974906130894,347.2490005493164,391.66271014442566,302.83529095420715,0.2558032393173244
2025-09-16,421.6199951171875,423.25,411.42999267578125,414.5,104285700,TSLA,351.57200012207034,332.97059936523436,331.5027498626709,0.028241113869250656,0.029789692326437026,-0.12136871590096497,78.3312910006425,18.048284566036216,10.121456162254397,351.57200012207034,406.5952068646969,296.5487933794438,0.3130124510684683
2025-09-17,425.8599853515625,428.30999755859375,409.6700134277344,415.75,106133500,TSLA,356.3994995117188,335.53159912109373,331.94089973449707,0.01005642588937583,0.028984614210005494,-0.11253282550833589,80.35343244944448,21.042579388239176,12.305680807451353,356.3994995117188,419.541596679979,293.2574023434585,0.3543332538612842
2025-09-18,416.8500061035156,432.2200012207031,416.55999755859375,428.8699951171875,90454500,TSLA,361.0470001220703,337.9509991455078,332.3606996917725,-0.021157139806429193,0.029258128967703755,-0.13130909259267268,77.0475497421811,22.429990612192285,14.330542768399539,361.0470001220703,427.702361510783,294.3916387333576,0.3692337084433688
2025-09-19,426.07000732421875,429.4700012207031,421.7200012207031,421.82000732421875,93131000,TSLA,366.3450012207031,340.2749993896484,332.765249710083,0.022118270566640064,0.028722171838732196,-0.11209515206385733,85.98189811149254,23.996879952129802,16.263810205145592,366.3450012207031,436.07338807517414,296.6166143662321,0.38067060624344873
2025-09-22,434.2099914550781,444.9800109863281,429.1300048828125,431.1099853515625,97108800,TSLA,371.0550003051758,342.6889990234375,333.15084968566896,0.019104804353584193,0.026512265199906616,-0.09513190365943842,89.7912828805265,25.600374551384334,18.13112307439334,371.0550003051758,445.8363249937711,296.2736756165805,0.403074070566849
2025-09-23,425.8500061035156,440.9700012207031,423.7200012207031,439.8800048828125,83422700,TSLA,375.01750030517576,344.8679992675781,333.52299964904785,-0.019253323313789705,0.027387504539313094,-0.1125536216746167,83.88980936086183,25.898038160346516,19.684506091583977,375.01750030517576,452.6856049480757,297.3493956622758,0.4142105612655219
2025-09-24,442.7900085449219,444.2099914550781,429.0299987792969,429.8299865722656,93133600,TSLA,379.57350006103513,347.5081994628906,333.94729972839355,0.03977927016229388,0.02814442613126422,-0.077251652436662,85.25157200256722,27.187455277675838,21.18509592880235,379.57350006103513,462.01831902755237,297.1286810945179,0.43440766519928375
2025-09-25,423.3900146484375,435.3500061035156,419.0799865722656,435.239990234375,96746400,TSLA,383.26300048828125,349.5425994873047,334.2167998504639,-0.04381307961359793,0.030582052951118942,-0.11768009925177048,73.40777128250875,26.34027595304127,22.216131933650136,383.26300048828125,466.6589263903075,299.867074586255,0.4351890257905351
2025-09-26,440.3999938964844,440.4700012207031,421.0199890136719,428.29998779296875,101628200,TSLA,387.98399963378904,351.9623992919922,334.4726998138428,0.0401756741055197,0.030892475873105837,-0.08223230246249504,78.05301616700194,26.733278804490453,23.119561307818202,387.98399963378904,473.1643534619809,302.80364580559717,0.43909209611010785
2025-09-29,443.2099914550781,450.9800109863281,439.5,444.3500061035156,79491500,TSLA,393.4509994506836,354.23359924316406,334.73979972839356,0.00638055766924972,0.028856096278820062,-0.07637643274138244,78.34257357260412,26.960693620932545,23.887787770441072,393.4509994506836,478.0408621875757,308.86113671379144,0.4299893143237264
2025-09-30,444.7200012207031,445.0,433.1199951171875,441.5199890136719,74358000,TSLA,399.2190002441406,356.5581994628906,334.9584497833252,0.0034069849388267404,0.02822824962692209,-0.07322966115858685,78.43023524344437,26.952079870150044,24.500646190382867,399.2190002441406,481.09672545994334,317.34127502833786,0.41018952086814897
2025-10-01,459.4599914550781,462.2900085449219,440.75,443.79998779296875,98122300,TSLA,405.4875,359.1051995849609,335.1318997955322,0.033144428390707636,0.02849949360346855,-0.0425123880282258,77.60522659578916,27.814024672476876,25.16332188680167,405.4875,485.5468556772469,325.4281443227531,0.3948795249039584
2025-10-02,436.0,470.75,435.57000732421875,470.5400085449219,137009000,TSLA,410.36100006103516,361.17399963378904,335.22139976501467,-0.051059922281332826,0.032258399987369596,-0.09140163108084354,62.478203073965446,26.30091629984946,25.390840769411227,410.36100006103516,484.93743584698717,335.78456427508314,0.3634674629161147
2025-10-03,429.8299865722656,446.7699890136719,416.5799865722656,443.2900085449219,133188200,TSLA,414.3104995727539,363.664599609375,335.18939964294435,-0.014151406944344913,0.03232869847351014,-0.10425957634838653,56.48469440203389,24.323512186890753,25.17737505290713,414.3104995727539,483.8081455802186,344.8128535652892,0.33548580631739827
2025-10-06,453.25,453.54998779296875,436.69000244140625,440.75,85324900,TSLA,419.6529998779297,366.4083996582031,335.140549697876,0.054486690457546505,0.03324911587436144,-0.055453645154569575,59.61808004394919,24.36533610758977,25.01496726384366,419.6529998779297,483.35582147097915,355.9501782848802,0.30359759902385824
2025-10-07,433.0899963378906,452.67999267578125,432.45001220703125,447.82000732421875,102296100,TSLA,423.95899963378906,368.55839965820314,334.90669975280764,-0.044478772558432134,0.035666813334309766,-0.09746590764263563,52.00443947559499,22.512231068338565,24.51442002474264,423.95899963378906,477.86464219941115,370.053357068167,0.2542964891047727
2025-10-08,438.69000244140625,441.3299865722656,425.2300109863281,437.57000732421875,71192100,TSLA,428.5039993286133,370.90819946289065,334.89949974060056,0.012930352007360923,0.035598682788927354,-0.08579582412981082,56.17158353209546,21.250542637657645,23.861644547325646,428.5039993286133,469.03932173593967,387.96867692128694,0.18919460481506697
2025-10-09,435.5400085449219,436.3500061035156,426.17999267578125,431.80999755859375,69339900,TSLA,431.8404998779297,373.23819946289063,334.89634971618653,-0.007180455170972544,0.03395690664277127,-0.09236022623176265,52.771113473012555,19.76858731546548,23.043033100953615,431.8404998779297,461.10614556388043,402.57485419197894,0.13553914324489433
2025-10-10,413.489990234375,443.1300048828125,411.45001220703125,436.5400085449219,112107900,TSLA,432.71799926757814,375.3425994873047,334.85849967956545,-0.05062684914805626,0.03284607858978396,-0.13831116813910307,44.39333224440289,16.623252342360047,21.759076949234903,432.71799926757814,458.26781013158444,407.16818840357183,0.11808989183372133
2025-10-13,435.8999938964844,436.8900146484375,419.70001220703125,423.5299987792969,79552800,TSLA,434.01099853515626,378.0079992675781,334.8849996185303,0.054197209585187034,0.03406687569280371,-0.09161003792152303,52.52728132805711,15.757212386706499,20.558704036729225,434.01099853515626,457.2405751976704,410.7814218726421,0.10704602759338819
2025-10-14,429.239990234375,434.20001220703125,417.8599853515625,426.7900085449219,72669400,TSLA,434.3919982910156,380.4075988769531,334.71979957580567,-0.015278742269702716,0.03379996972479097,-0.1054890940325051,46.406784143550276,14.3678393385851,19.320531097100403,434.3919982910156,457.00771332022265,411.7762832618086,0.10412583619487346
2025-10-15,435.1499938964844,440.510009765625,426.3299865722656,434.8999938964844,71558200,TSLA,434.8564987182617,382.93619873046873,334.624899520874,0.013768529951932784,0.03385991967372202,-0.09317299383136103,53.358841929046726,13.587016423916566,18.173828162463636,434.8564987182617,457.11313245172647,412.59986498479697,0.10236311886365326
2025-10-16,428.75,439.3500061035156,421.30999755859375,434.7300109863281,77189900,TSLA,435.4514984130859,385.11299865722657,334.61034950256345,-0.01470755828163206,0.03366166038614465,-0.10651020487594419,46.45789271213701,12.309881961434883,17.001038922257887,435.4514984130859,456.2711467594565,414.63185006671534,0.09562327112086434
2025-10-17,439.30999755859375,441.4599914550781,423.6000061035156,425.5,89331600,TSLA,436.1134979248047,387.453798828125,334.7198494720459,0.02462973191508744,0.03374544830853886,-0.08450379075317227,48.86759787199315,12.011387450359166,16.00310862787814,436.1134979248047,456.51491748610044,415.7120783635089,0.09356013816758045
2025-10-20,447.42999267578125,449.79998779296875,440.6099853515625,443.8699951171875,63719000,TSLA,436.77449798583984,389.80939880371096,334.93779945373535,0.018483519979771268,0.033729226348287074,-0.06758219827815375,50.75778508740115,12.28839121940183,15.26016514618288,436.77449798583984,457.7644024037959,415.7845935678838,0.09611323241054485
2025-10-21,442.6000061035156,449.29998779296875,442.04998779296875,445.760009765625,54412200,TSLA,437.6119979858398,391.8807989501953,335.25439949035643,-0.010794954856246153,0.033500415521905066,-0.0776476063549014,45.008886052547325,11.980080243862517,14.604148165718808,437.6119979858398,458.09716752484286,417.1268284468368,0.0936225223864447
2025-10-22,438.9700012207031,445.5400085449219,429.0,443.45001220703125,84023500,TSLA,437.4209976196289,393.84339904785156,335.39704948425293,-0.008201547294971134,0.03238709075946668,-0.08521232313401152,50.99617644957436,11.312427890678748,13.945804110710796,437.4209976196289,457.77369338875906,417.06830185049876,0.09305769901255806
2025-10-23,448.9800109863281,449.3999938964844,413.8999938964844,420.0,126709800,TSLA,438.70049743652345,396.0353991699219,335.58669960021973,0.022803402824313368,0.03103422677318375,-0.06435205123971861,56.261859961249804,11.458941180562647,13.448431524681167,438.70049743652345,458.550476783357,418.8505180896899,0.09049444649743388
2025-10-24,433.7200012207031,451.67999267578125,430.1700134277344,446.8299865722656,94727800,TSLA,438.3664978027344,397.9981994628906,335.7834996795654,-0.03398817183887881,0.03083846747185807,-0.0961530145028775,43.25388785430163,10.22582185451796,12.803909590648527,438.3664978027344,458.32059733964326,418.4123982658255,0.09103843307792306
2025-10-27,452.4200134277344,460.1600036621094,438.69000244140625,439.9800109863281,105867500,TSLA,438.8269989013672,400.4353997802734,336.07089973449706,0.043115401997602554,0.032316588376025156,-0.057183288378847896,56.7450665853376,10.634908007556476,12.370109274030117,438.8269989013672,459.65759161086214,417.9964061918722,0.09493760758406275
2025-10-28,460.54998779296875,467.0,451.6000061035156,454.7799987792969,80185700,TSLA,439.61849822998045,402.9431994628906,336.39994972229005,0.017969970655449252,0.03252462230519371,-0.04024089973754857,57.495537050330356,11.482766532576193,12.192640725739334,439.61849822998045,462.4944608443753,416.7425356155856,0.10407188371963177
2025-10-29,461.510009765625,465.70001220703125,452.6499938964844,462.5,67983500,TSLA,439.7209991455078,405.58719970703123,336.6909497833252,0.0020845119924046696,0.03170313353919812,-0.03824027038323201,59.04058860262333,12.092768365865368,12.172666253764541,439.7209991455078,462.98635267908975,416.45564561192583,0.10581870585572482
2025-10-30,440.1000061035156,455.05999755859375,439.6099853515625,451.04998779296875,72447900,TSLA,439.9259994506836,407.91119995117185,336.909649887085,-0.04639120107705208,0.03131679070832283,-0.08285745938769472,59.304850691399444,10.724960183962196,11.883125039804073,439.9259994506836,463.12546185635625,416.72653704501096,0.10546984008510887
2025-10-31,456.55999755859375,458.0,443.69000244140625,446.75,83135800,TSLA,441.2625,410.6402001953125,337.0513498687744,0.03740057084027071,0.032121070708230684,-0.04855580482689831,57.53794599163974,10.844141579925065,11.675328347828271,441.2625,465.08445916742795,417.440540832572,0.10797182705273148
2025-11-03,468.3699951171875,474.07000732421875,453.79998779296875,455.989990234375,84595200,TSLA,442.01849975585935,413.20739990234375,337.32409980773923,0.02586735066967427,0.030317475632061046,-0.023944464187729726,63.7597595509351,11.756045423830244,11.691471763028666,442.01849975585935,468.2773035162046,415.7596959955141,0.11881314367995369
2025-11-04,444.260009765625,460.2200012207031,443.6000061035156,454.4599914550781,87756600,TSLA,442.5770004272461,415.1605999755859,337.4128998565674,-0.05147636612701911,0.030917509593228677,-0.07418825630950597,52.8399578435359,10.413224299997864,11.435822270422506,442.5770004272461,468.50934322733366,416.64465762715855,0.11718793690161716
2025-11-05,462.07000732421875,466.3299865722656,440.7099914550781,452.04998779296875,85573000,TSLA,443.7460006713867,417.3685998535156,337.6028998565674,0.040089130615176494,0.032012364273582485,-0.037073268391633406,59.697325288629166,10.663227791128179,11.281303374563642,443.7460006713867,471.01405696966344,416.47794437310995,0.1228993895472646
2025-11-06,445.9100036621094,467.45001220703125,435.0899963378906,461.9599914550781,109622900,TSLA,444.2645004272461,419.2947998046875,337.7568999481201,-0.03497306340156037,0.033067418746818907,-0.07074976602723013,51.860204715499265,9.448464105536345,10.914735520758184,444.2645004272461,471.26865414316325,417.26034671132896,0.12156791141289675
2025-11-07,429.5199890136719,439.3599853515625,421.8800048828125,437.9200134277344,103471500,TSLA,445.0660003662109,420.96559936523437,337.8425998687744,-0.03675632866235745,0.03204178223734017,-0.10490559303670581,45.17692616824196,7.081585814607138,10.148105579527975,445.0660003662109,469.0014293202107,421.1305714122111,0.10755900893038409
2025-11-10,445.2300109863281,449.6700134277344,433.3599853515625,439.6000061035156,76515900,TSLA,445.5325012207031,423.1927996826172,338.0358499908447,0.03657576451501576,0.030758881543206634,-0.0721668307889086,50.66904203242206,6.399713284608367,9.398427120544053,445.5325012207031,469.0762180948725,421.98878434653375,0.10568798823727808
2025-11-11,439.6199951171875,442.489990234375,432.3599853515625,439.3999938964844,60533200,TSLA,446.05150146484374,425.3979998779297,338.24819999694824,-0.01260026442672324,0.03068768029928269,-0.08385777406485301,50.16370163215885,5.345028830978606,8.587747462630963,446.05150146484374,468.5158871233108,423.5871158063767,0.10072552422620919
2025-11-12,430.6000061035156,442.3299865722656,426.55999755859375,442.1499938964844,58513500,TSLA,445.8240020751953,427.3282000732422,338.41075004577635,-0.02051769508633805,0.03093147192332361,-0.10265490091230937,45.34777734933088,3.738253809739547,7.61784873205268,445.8240020751953,468.8386504151271,422.8093537352635,0.10324544319195272
2025-11-13,401.989990234375,424.5,396.3399963378906,423.1300048828125,118948000,TSLA,444.4860015869141,428.59739990234374,338.47519996643064,-0.06644220962287406,0.03420958213234377,-0.16227649208995237,42.477119780274634,0.1545028398944055,6.125179553621026,444.4860015869141,473.9015213809044,415.0704817929238,0.13235746317755948
2025-11-14,404.3500061035156,412.19000244140625,382.7799987792969,386.29998779296875,105506700,TSLA,442.73800201416014,429.66760009765625,338.49555000305173,0.005870832424868633,0.03367508135739827,-0.1573583577566393,37.64585061433571,-2.466776600934793,4.406788322709862,442.73800201416014,477.17495550794047,408.3010485203798,0.15556357636848586
2025-11-17,408.9200134277344,423.9599914550781,398.739990234375,398.739990234375,102214300,TSLA,440.8125030517578,430.9180004882812,338.51715003967286,0.011302107716671506,0.03346491369222538,-0.1478347311494518,36.48359802715183,-4.127815161465151,2.6998676258748597,440.8125030517578,478.3148778222043,403.3101282813113,0.1701511391388243
2025-11-18,401.25,408.8999938964844,393.7099914550781,405.3800048828125,80318700,TSLA,438.74500274658203,432.0036004638672,338.60500007629395,-0.018756757252943457,0.033597678249854455,-0.1638185882366708,34.75974015148569,-5.994010943449666,0.9610919120099546,438.74500274658203,480.18497548860114,397.3050300045629,0.18890231219775158
2025-11-19,406.2799987792969,411.7799987792969,400.401611328125,406.2099914550781,29778846,TSLA,437.1105026245117,433.1734002685547,338.67535011291505,0.012535822502920624,0.03379202746496083,-0.1533363664785642,40.67394811003828,-6.986568864964227,-0.6284402433848816,437.1105026245117,481.0183796648096,393.2026255842138,0.2009005813251565
